2026-04-27 08:53:26 [INFO] main - Starting API server on 0.0.0.0:8000
2026-04-27 08:53:50 [INFO] main - Starting API server on 0.0.0.0:8000
2026-04-27 08:55:54 [INFO] pipeline.trainer - === FULL TRAINING PIPELINE ===
2026-04-27 08:55:54 [INFO] data.fetcher - Fetching ALL food price records ...
2026-04-27 08:56:01 [INFO] data.fetcher - Fetched 17,211 rows total.
2026-04-27 08:56:01 [INFO] pipeline.trainer - Step 1/7 -- Preprocessing ...
2026-04-27 08:56:01 [INFO] data.preprocessor - Preprocessing 17,211 rows ...
2026-04-27 08:56:01 [WARNING] data.preprocessor - Dropped 2 invalid rows (null/negative price).
2026-04-27 08:56:01 [INFO] data.preprocessor - Removed 35 duplicate rows.
2026-04-27 08:56:01 [INFO] data.preprocessor - Removed 17 outlier rows (>4.0σ).
2026-04-27 08:56:01 [INFO] data.preprocessor - Preprocessing complete -- 17,157 clean rows.
2026-04-27 08:56:01 [INFO] pipeline.trainer - Step 2/7 -- Feature engineering ...
2026-04-27 08:56:01 [INFO] features.temporal - Added 15 temporal features.
2026-04-27 08:56:02 [INFO] features.lag_features - Added 30 lag / rolling features.
2026-04-27 08:56:02 [INFO] features.categorical - Saved categorical mappings → D:\THESIS\model_trainer\artifacts\categorical_mappings.json
2026-04-27 08:56:02 [INFO] features.categorical - Encoded 4 categorical columns (115 unique values).
2026-04-27 08:56:02 [INFO] data.news_fetcher - Fetched 0 news articles from last 90 days.
2026-04-27 08:56:02 [INFO] features.news_sentiment - No news articles found -- zero-filling sentiment features.
2026-04-27 08:56:02 [INFO] pipeline.trainer - Step 3/7 -- Splitting data ...
2026-04-27 08:56:03 [INFO] pipeline.trainer - Step 4/7 -- Training LightGBM ...
2026-04-27 08:56:12 [INFO] models.lightgbm_model - LightGBM validation -- RMSE: 3.6658  MAE: 2.0784  MAPE: 2.07%
2026-04-27 08:56:13 [INFO] models.lightgbm_model - Saved LightGBM model → D:\THESIS\model_trainer\artifacts\lightgbm_model.txt
2026-04-27 08:56:34 [INFO] models.lightgbm_model - Trained quantile models for confidence intervals.
2026-04-27 08:56:34 [INFO] pipeline.trainer - Step 5/7 -- Training LSTM ...
2026-04-27 08:56:34 [INFO] models.lstm_model - LSTM using 11 input features: ['price_index', 'price_lag_1d', 'price_lag_7d', 'price_rolling_mean_7d', 'price_rolling_mean_30d', 'price_pct_change_1d', 'month_sin', 'month_cos', 'dow_sin', 'dow_cos', 'supply_shock_flag']
2026-04-27 08:56:34 [INFO] pipeline.trainer - LSTM sequences — train: 11565, val: 1192, features: 11
2026-04-27 08:56:43 [INFO] models.lstm_model - Epoch   1/200  train=0.054864  val=0.071891  lr=1.00e-03
2026-04-27 08:57:45 [INFO] models.lstm_model - Epoch  10/200  train=0.041705  val=0.071194  lr=1.00e-03
2026-04-27 08:58:56 [INFO] models.lstm_model - Epoch  20/200  train=0.039025  val=0.065703  lr=1.00e-03
2026-04-27 08:59:41 [INFO] main - Starting API server on 0.0.0.0:8000
2026-04-27 08:59:48 [INFO] api.main - FOODCAST API starting up ...
2026-04-27 08:59:55 [INFO] models.lstm_model - Epoch  30/200  train=0.030398  val=0.056726  lr=1.00e-03
2026-04-27 09:00:33 [INFO] models.registry - Loading models into registry ...
2026-04-27 09:00:33 [INFO] models.lightgbm_model - Loaded LightGBM model ← D:\THESIS\model_trainer\artifacts\lightgbm_model.txt
2026-04-27 09:00:33 [INFO] models.lstm_model - Loaded LSTM model ← D:\THESIS\model_trainer\artifacts\lstm_model.pt (11 features)
2026-04-27 09:00:33 [INFO] models.ensemble - Loaded ensemble meta-model <- D:\THESIS\model_trainer\artifacts\ensemble_meta_model.pkl
2026-04-27 09:00:33 [INFO] models.registry - Model registry loaded successfully.
2026-04-27 09:00:36 [INFO] data.preprocessor - Preprocessing 197 rows ...
2026-04-27 09:00:36 [INFO] data.preprocessor - Preprocessing complete -- 197 clean rows.
2026-04-27 09:00:36 [INFO] features.temporal - Added 15 temporal features.
2026-04-27 09:00:36 [INFO] features.lag_features - Added 30 lag / rolling features.
2026-04-27 09:00:36 [INFO] features.categorical - Loaded categorical mappings from D:\THESIS\model_trainer\artifacts\categorical_mappings.json
2026-04-27 09:00:37 [INFO] data.news_fetcher - Fetched 0 news articles from last 90 days.
2026-04-27 09:00:37 [INFO] features.news_sentiment - No news articles found -- zero-filling sentiment features.
2026-04-27 09:00:37 [INFO] features.temporal - Added 15 temporal features.
2026-04-27 09:00:37 [INFO] features.lag_features - Added 30 lag / rolling features.
2026-04-27 09:00:37 [INFO] data.news_fetcher - Fetched 0 news articles from last 90 days.
2026-04-27 09:00:37 [INFO] features.news_sentiment - No news articles found -- zero-filling sentiment features.
2026-04-27 09:00:37 [INFO] features.temporal - Added 15 temporal features.
2026-04-27 09:00:37 [INFO] features.lag_features - Added 30 lag / rolling features.
2026-04-27 09:00:38 [INFO] data.news_fetcher - Fetched 0 news articles from last 90 days.
2026-04-27 09:00:38 [INFO] features.news_sentiment - No news articles found -- zero-filling sentiment features.
2026-04-27 09:00:38 [INFO] features.temporal - Added 15 temporal features.
2026-04-27 09:00:38 [INFO] features.lag_features - Added 30 lag / rolling features.
2026-04-27 09:00:38 [INFO] data.news_fetcher - Fetched 0 news articles from last 90 days.
2026-04-27 09:00:38 [INFO] features.news_sentiment - No news articles found -- zero-filling sentiment features.
2026-04-27 09:00:38 [INFO] features.temporal - Added 15 temporal features.
2026-04-27 09:00:38 [INFO] features.lag_features - Added 30 lag / rolling features.
2026-04-27 09:00:38 [INFO] data.news_fetcher - Fetched 0 news articles from last 90 days.
2026-04-27 09:00:38 [INFO] features.news_sentiment - No news articles found -- zero-filling sentiment features.
2026-04-27 09:00:38 [INFO] features.temporal - Added 15 temporal features.
2026-04-27 09:00:38 [INFO] features.lag_features - Added 30 lag / rolling features.
2026-04-27 09:00:39 [INFO] data.news_fetcher - Fetched 0 news articles from last 90 days.
2026-04-27 09:00:39 [INFO] features.news_sentiment - No news articles found -- zero-filling sentiment features.
2026-04-27 09:00:39 [INFO] features.temporal - Added 15 temporal features.
2026-04-27 09:00:39 [INFO] features.lag_features - Added 30 lag / rolling features.
2026-04-27 09:00:39 [INFO] data.news_fetcher - Fetched 0 news articles from last 90 days.
2026-04-27 09:00:39 [INFO] features.news_sentiment - No news articles found -- zero-filling sentiment features.
2026-04-27 09:00:39 [INFO] features.temporal - Added 15 temporal features.
2026-04-27 09:00:39 [INFO] features.lag_features - Added 30 lag / rolling features.
2026-04-27 09:00:40 [INFO] data.news_fetcher - Fetched 0 news articles from last 90 days.
2026-04-27 09:00:40 [INFO] features.news_sentiment - No news articles found -- zero-filling sentiment features.
2026-04-27 09:00:42 [INFO] data.news_fetcher - Fetched 0 news articles from last 14 days.
2026-04-27 09:00:56 [INFO] models.lstm_model - Epoch  40/200  train=0.027846  val=0.051149  lr=1.00e-03
2026-04-27 09:01:56 [INFO] models.lstm_model - Epoch  50/200  train=0.022374  val=0.054241  lr=5.00e-04
2026-04-27 09:02:44 [INFO] models.lstm_model - Early stopping at epoch 58
2026-04-27 09:02:44 [INFO] models.lstm_model - LSTM validation — RMSE: 33.5525  MAE: 17.9067  MAPE: 19.68%
2026-04-27 09:02:44 [INFO] pipeline.trainer - Step 6/7 -- Training ensemble ...
2026-04-27 09:02:44 [INFO] pipeline.trainer - Ensemble training with 1192 aligned predictions.
2026-04-27 09:02:44 [INFO] models.ensemble - Meta-model trained -- LightGBM coef: 1.0430, LSTM coef: -0.0342, intercept: -0.6227
2026-04-27 09:02:44 [INFO] models.ensemble - Ensemble (stacking) -- RMSE: 3.8454  MAE: 2.1844  MAPE: 3.02%
2026-04-27 09:02:44 [INFO] models.ensemble - Saved ensemble meta-model -> D:\THESIS\model_trainer\artifacts\ensemble_meta_model.pkl
2026-04-27 09:02:44 [INFO] pipeline.trainer - Step 7/7 -- Saving model version ...
2026-04-27 09:02:44 [INFO] models.model_store - Pruned old version: v011_2026-04-26T18-39-04
2026-04-27 09:02:44 [INFO] models.model_store - Created model version v011_2026-04-27T01-02-44 (5 files)
2026-04-27 09:02:44 [INFO] pipeline.drift_detector - Saved reference distribution (17157 samples).
2026-04-27 09:02:44 [INFO] pipeline.trainer - === TRAINING COMPLETE ===
2026-04-27 09:02:44 [INFO] main - Training complete. Metrics: {'lgbm': {'rmse': 3.6657626968206807, 'mae': 2.078403459600733, 'mape': 2.0719209222838124}, 'lstm': {'rmse': 33.55247492361609, 'mae': 17.906707582745778, 'mape': 19.67559782562931}, 'ensemble': {'rmse': 3.845398246751261, 'mae': 2.1844319548972297, 'mape': 3.018317739599896}, 'timestamp': '2026-04-27T01:02:44.661795+00:00', 'data_rows': 17157, 'mode': 'full'}
2026-04-27 09:03:25 [INFO] data.preprocessor - Preprocessing 197 rows ...
2026-04-27 09:03:25 [INFO] data.preprocessor - Preprocessing complete -- 197 clean rows.
2026-04-27 09:03:25 [INFO] features.temporal - Added 15 temporal features.
2026-04-27 09:03:25 [INFO] features.lag_features - Added 30 lag / rolling features.
2026-04-27 09:03:25 [INFO] features.categorical - Loaded categorical mappings from D:\THESIS\model_trainer\artifacts\categorical_mappings.json
2026-04-27 09:03:26 [INFO] data.news_fetcher - Fetched 0 news articles from last 90 days.
2026-04-27 09:03:26 [INFO] features.news_sentiment - No news articles found -- zero-filling sentiment features.
2026-04-27 09:03:26 [INFO] features.temporal - Added 15 temporal features.
2026-04-27 09:03:26 [INFO] features.lag_features - Added 30 lag / rolling features.
2026-04-27 09:03:26 [INFO] data.news_fetcher - Fetched 0 news articles from last 90 days.
2026-04-27 09:03:26 [INFO] features.news_sentiment - No news articles found -- zero-filling sentiment features.
2026-04-27 09:03:26 [INFO] features.temporal - Added 15 temporal features.
2026-04-27 09:03:27 [INFO] features.lag_features - Added 30 lag / rolling features.
2026-04-27 09:03:27 [INFO] data.news_fetcher - Fetched 0 news articles from last 90 days.
2026-04-27 09:03:27 [INFO] features.news_sentiment - No news articles found -- zero-filling sentiment features.
2026-04-27 09:03:27 [INFO] features.temporal - Added 15 temporal features.
2026-04-27 09:03:27 [INFO] features.lag_features - Added 30 lag / rolling features.
2026-04-27 09:03:27 [INFO] data.news_fetcher - Fetched 0 news articles from last 90 days.
2026-04-27 09:03:27 [INFO] features.news_sentiment - No news articles found -- zero-filling sentiment features.
2026-04-27 09:03:27 [INFO] features.temporal - Added 15 temporal features.
2026-04-27 09:03:27 [INFO] features.lag_features - Added 30 lag / rolling features.
2026-04-27 09:03:28 [INFO] data.news_fetcher - Fetched 0 news articles from last 90 days.
2026-04-27 09:03:28 [INFO] features.news_sentiment - No news articles found -- zero-filling sentiment features.
2026-04-27 09:03:28 [INFO] features.temporal - Added 15 temporal features.
2026-04-27 09:03:28 [INFO] features.lag_features - Added 30 lag / rolling features.
2026-04-27 09:03:28 [INFO] data.news_fetcher - Fetched 0 news articles from last 90 days.
2026-04-27 09:03:28 [INFO] features.news_sentiment - No news articles found -- zero-filling sentiment features.
2026-04-27 09:03:28 [INFO] features.temporal - Added 15 temporal features.
2026-04-27 09:03:28 [INFO] features.lag_features - Added 30 lag / rolling features.
2026-04-27 09:03:28 [INFO] data.news_fetcher - Fetched 0 news articles from last 90 days.
2026-04-27 09:03:28 [INFO] features.news_sentiment - No news articles found -- zero-filling sentiment features.
2026-04-27 09:03:29 [INFO] features.temporal - Added 15 temporal features.
2026-04-27 09:03:29 [INFO] features.lag_features - Added 30 lag / rolling features.
2026-04-27 09:03:29 [INFO] data.news_fetcher - Fetched 0 news articles from last 90 days.
2026-04-27 09:03:29 [INFO] features.news_sentiment - No news articles found -- zero-filling sentiment features.
2026-04-27 09:03:31 [INFO] data.news_fetcher - Fetched 0 news articles from last 14 days.
2026-04-27 09:07:14 [INFO] pipeline.trainer - === FULL TRAINING PIPELINE ===
2026-04-27 09:07:14 [INFO] data.fetcher - Fetching ALL food price records ...
2026-04-27 09:07:21 [INFO] data.fetcher - Fetched 17,211 rows total.
2026-04-27 09:07:21 [INFO] pipeline.trainer - Step 1/7 -- Preprocessing ...
2026-04-27 09:07:21 [INFO] data.preprocessor - Preprocessing 17,211 rows ...
2026-04-27 09:07:21 [WARNING] data.preprocessor - Dropped 2 invalid rows (null/negative price).
2026-04-27 09:07:21 [INFO] data.preprocessor - Removed 35 duplicate rows.
2026-04-27 09:07:21 [INFO] data.preprocessor - Removed 17 outlier rows (>4.0σ).
2026-04-27 09:07:21 [INFO] data.preprocessor - Preprocessing complete -- 17,157 clean rows.
2026-04-27 09:07:21 [INFO] pipeline.trainer - Step 2/7 -- Feature engineering ...
2026-04-27 09:07:21 [INFO] features.temporal - Added 15 temporal features.
2026-04-27 09:07:22 [INFO] features.lag_features - Added 30 lag / rolling features.
2026-04-27 09:07:22 [INFO] features.categorical - Saved categorical mappings → D:\THESIS\model_trainer\artifacts\categorical_mappings.json
2026-04-27 09:07:22 [INFO] features.categorical - Encoded 4 categorical columns (115 unique values).
2026-04-27 09:07:22 [INFO] data.news_fetcher - Fetched 0 news articles from last 90 days.
2026-04-27 09:07:22 [INFO] features.news_sentiment - No news articles found -- zero-filling sentiment features.
2026-04-27 09:07:22 [INFO] pipeline.trainer - Step 3/7 -- Splitting data ...
2026-04-27 09:07:22 [INFO] pipeline.trainer - Step 4/7 -- Training LightGBM ...
2026-04-27 09:07:37 [INFO] models.lightgbm_model - LightGBM validation -- RMSE: 3.6658  MAE: 2.0784  MAPE: 2.07%
2026-04-27 09:07:38 [INFO] models.lightgbm_model - Saved LightGBM model → D:\THESIS\model_trainer\artifacts\lightgbm_model.txt
2026-04-27 09:08:07 [INFO] models.lightgbm_model - Trained quantile models for confidence intervals.
2026-04-27 09:08:07 [INFO] pipeline.trainer - Step 5/7 -- Training LSTM ...
2026-04-27 09:08:07 [INFO] models.lstm_model - LSTM using 10 input features: ['price_lag_1d', 'price_lag_7d', 'price_rolling_mean_7d', 'price_rolling_mean_30d', 'price_pct_change_1d', 'month_sin', 'month_cos', 'dow_sin', 'dow_cos', 'supply_shock_flag']
2026-04-27 09:08:08 [INFO] pipeline.trainer - LSTM sequences — train: 11614, val: 1208, features: 10
2026-04-27 09:08:16 [INFO] models.lstm_model - Epoch   1/200  train=0.052976  val=0.076733  lr=1.00e-03
2026-04-27 09:09:18 [INFO] models.lstm_model - Epoch  10/200  train=0.002070  val=0.000880  lr=1.00e-03
2026-04-27 09:10:26 [INFO] models.lstm_model - Epoch  20/200  train=0.000915  val=0.002509  lr=5.00e-04
2026-04-27 09:11:27 [INFO] models.lstm_model - Epoch  30/200  train=0.000503  val=0.002307  lr=2.50e-04
2026-04-27 09:11:57 [INFO] models.lstm_model - Early stopping at epoch 35
2026-04-27 09:11:57 [INFO] models.lstm_model - LSTM validation — RMSE: 5.1131  MAE: 3.1670  MAPE: 3.61%
2026-04-27 09:11:57 [INFO] pipeline.trainer - Step 6/7 -- Training ensemble ...
2026-04-27 09:11:57 [INFO] pipeline.trainer - Ensemble training with 1208 aligned predictions.
2026-04-27 09:11:57 [INFO] models.ensemble - Meta-model trained -- LightGBM coef: 0.4654, LSTM coef: 0.5519, intercept: -0.2490
2026-04-27 09:11:57 [INFO] models.ensemble - Ensemble (stacking) -- RMSE: 2.8893  MAE: 1.6694  MAPE: 2.16%
2026-04-27 09:11:57 [INFO] models.ensemble - Saved ensemble meta-model -> D:\THESIS\model_trainer\artifacts\ensemble_meta_model.pkl
2026-04-27 09:11:57 [INFO] pipeline.trainer - Step 7/7 -- Saving model version ...
2026-04-27 09:11:57 [INFO] models.model_store - Pruned old version: v011_2026-04-26T18-41-03
2026-04-27 09:11:57 [INFO] models.model_store - Created model version v011_2026-04-27T01-11-57 (5 files)
2026-04-27 09:11:58 [INFO] pipeline.drift_detector - Saved reference distribution (17157 samples).
2026-04-27 09:11:58 [INFO] pipeline.trainer - === TRAINING COMPLETE ===
2026-04-27 09:11:58 [INFO] main - Training complete. Metrics: {'lgbm': {'rmse': 3.6657626968206807, 'mae': 2.078403459600733, 'mape': 2.0719209222838124}, 'lstm': {'rmse': 5.113050056693344, 'mae': 3.1669619102035926, 'mape': 3.6102151565322114}, 'ensemble': {'rmse': 2.889317880274743, 'mae': 1.6693750640690572, 'mape': 2.1594168489223806}, 'timestamp': '2026-04-27T01:11:57.900374+00:00', 'data_rows': 17157, 'mode': 'full'}
2026-04-27 09:13:20 [INFO] data.preprocessor - Preprocessing 197 rows ...
2026-04-27 09:13:20 [INFO] data.preprocessor - Preprocessing complete -- 197 clean rows.
2026-04-27 09:13:20 [INFO] features.temporal - Added 15 temporal features.
2026-04-27 09:13:20 [INFO] features.lag_features - Added 30 lag / rolling features.
2026-04-27 09:13:20 [INFO] features.categorical - Loaded categorical mappings from D:\THESIS\model_trainer\artifacts\categorical_mappings.json
2026-04-27 09:13:21 [INFO] data.news_fetcher - Fetched 0 news articles from last 90 days.
2026-04-27 09:13:21 [INFO] features.news_sentiment - No news articles found -- zero-filling sentiment features.
2026-04-27 09:13:21 [INFO] features.temporal - Added 15 temporal features.
2026-04-27 09:13:21 [INFO] features.lag_features - Added 30 lag / rolling features.
2026-04-27 09:13:22 [INFO] data.news_fetcher - Fetched 0 news articles from last 90 days.
2026-04-27 09:13:22 [INFO] features.news_sentiment - No news articles found -- zero-filling sentiment features.
2026-04-27 09:13:22 [INFO] features.temporal - Added 15 temporal features.
2026-04-27 09:13:22 [INFO] features.lag_features - Added 30 lag / rolling features.
2026-04-27 09:13:22 [INFO] data.news_fetcher - Fetched 0 news articles from last 90 days.
2026-04-27 09:13:22 [INFO] features.news_sentiment - No news articles found -- zero-filling sentiment features.
2026-04-27 09:13:22 [INFO] features.temporal - Added 15 temporal features.
2026-04-27 09:13:22 [INFO] features.lag_features - Added 30 lag / rolling features.
2026-04-27 09:13:22 [INFO] data.news_fetcher - Fetched 0 news articles from last 90 days.
2026-04-27 09:13:22 [INFO] features.news_sentiment - No news articles found -- zero-filling sentiment features.
2026-04-27 09:13:22 [INFO] features.temporal - Added 15 temporal features.
2026-04-27 09:13:22 [INFO] features.lag_features - Added 30 lag / rolling features.
2026-04-27 09:13:23 [INFO] data.news_fetcher - Fetched 0 news articles from last 90 days.
2026-04-27 09:13:23 [INFO] features.news_sentiment - No news articles found -- zero-filling sentiment features.
2026-04-27 09:13:23 [INFO] features.temporal - Added 15 temporal features.
2026-04-27 09:13:23 [INFO] features.lag_features - Added 30 lag / rolling features.
2026-04-27 09:13:23 [INFO] data.news_fetcher - Fetched 0 news articles from last 90 days.
2026-04-27 09:13:23 [INFO] features.news_sentiment - No news articles found -- zero-filling sentiment features.
2026-04-27 09:13:23 [INFO] features.temporal - Added 15 temporal features.
2026-04-27 09:13:23 [INFO] features.lag_features - Added 30 lag / rolling features.
2026-04-27 09:13:23 [INFO] data.news_fetcher - Fetched 0 news articles from last 90 days.
2026-04-27 09:13:23 [INFO] features.news_sentiment - No news articles found -- zero-filling sentiment features.
2026-04-27 09:13:24 [INFO] features.temporal - Added 15 temporal features.
2026-04-27 09:13:24 [INFO] features.lag_features - Added 30 lag / rolling features.
2026-04-27 09:13:24 [INFO] data.news_fetcher - Fetched 0 news articles from last 90 days.
2026-04-27 09:13:24 [INFO] features.news_sentiment - No news articles found -- zero-filling sentiment features.
2026-04-27 09:13:25 [INFO] data.news_fetcher - Fetched 0 news articles from last 14 days.
2026-04-27 09:16:08 [INFO] pipeline.trainer - === FULL TRAINING PIPELINE ===
2026-04-27 09:16:08 [INFO] data.fetcher - Fetching ALL food price records ...
2026-04-27 09:16:15 [INFO] data.fetcher - Fetched 17,211 rows total.
2026-04-27 09:16:15 [INFO] pipeline.trainer - Step 1/7 -- Preprocessing ...
2026-04-27 09:16:15 [INFO] data.preprocessor - Preprocessing 17,211 rows ...
2026-04-27 09:16:15 [WARNING] data.preprocessor - Dropped 2 invalid rows (null/negative price).
2026-04-27 09:16:15 [INFO] data.preprocessor - Removed 35 duplicate rows.
2026-04-27 09:16:15 [INFO] data.preprocessor - Removed 17 outlier rows (>4.0σ).
2026-04-27 09:16:15 [INFO] data.preprocessor - Preprocessing complete -- 17,157 clean rows.
2026-04-27 09:16:15 [INFO] pipeline.trainer - Step 2/7 -- Feature engineering ...
2026-04-27 09:16:15 [INFO] features.temporal - Added 15 temporal features.
2026-04-27 09:16:15 [INFO] features.lag_features - Added 30 lag / rolling features.
2026-04-27 09:16:15 [INFO] features.categorical - Saved categorical mappings → D:\THESIS\model_trainer\artifacts\categorical_mappings.json
2026-04-27 09:16:15 [INFO] features.categorical - Encoded 4 categorical columns (115 unique values).
2026-04-27 09:16:15 [INFO] pipeline.trainer - Step 3/7 -- Splitting data ...
2026-04-27 09:16:15 [INFO] pipeline.trainer - Step 4/7 -- Training LightGBM ...
2026-04-27 09:16:15 [INFO] pipeline.trainer - LightGBM using 53 historical data features. No reasoning features included.
2026-04-27 09:16:25 [INFO] models.lightgbm_model - LightGBM validation -- RMSE: 3.6658  MAE: 2.0784  MAPE: 2.07%
2026-04-27 09:16:26 [INFO] models.lightgbm_model - Saved LightGBM model → D:\THESIS\model_trainer\artifacts\lightgbm_model.txt
2026-04-27 09:16:42 [INFO] models.lightgbm_model - Trained quantile models for confidence intervals.
2026-04-27 09:16:42 [INFO] pipeline.trainer - Step 5/7 -- Training LSTM ...
2026-04-27 09:16:42 [INFO] models.lstm_model - LSTM using 9 input features: ['price_lag_1d', 'price_lag_7d', 'price_rolling_mean_7d', 'price_rolling_mean_30d', 'price_pct_change_1d', 'month_sin', 'month_cos', 'dow_sin', 'dow_cos']
2026-04-27 09:16:42 [INFO] pipeline.trainer - LSTM sequences — train: 11614, val: 1208, features: 9
2026-04-27 09:16:49 [INFO] models.lstm_model - Epoch   1/200  train=0.053118  val=0.073844  lr=1.00e-03
2026-04-27 09:17:38 [INFO] models.lstm_model - Epoch  10/200  train=0.001755  val=0.004355  lr=1.00e-03
2026-04-27 09:18:34 [INFO] models.lstm_model - Epoch  20/200  train=0.000667  val=0.003072  lr=5.00e-04
2026-04-27 09:19:09 [INFO] data.preprocessor - Preprocessing 197 rows ...
2026-04-27 09:19:09 [INFO] data.preprocessor - Preprocessing complete -- 197 clean rows.
2026-04-27 09:19:09 [INFO] features.temporal - Added 15 temporal features.
2026-04-27 09:19:09 [INFO] features.lag_features - Added 30 lag / rolling features.
2026-04-27 09:19:09 [INFO] features.categorical - Loaded categorical mappings from D:\THESIS\model_trainer\artifacts\categorical_mappings.json
2026-04-27 09:19:10 [INFO] data.news_fetcher - Fetched 0 news articles from last 90 days.
2026-04-27 09:19:10 [INFO] features.news_sentiment - No news articles found -- zero-filling sentiment features.
2026-04-27 09:19:10 [INFO] features.temporal - Added 15 temporal features.
2026-04-27 09:19:10 [INFO] features.lag_features - Added 30 lag / rolling features.
2026-04-27 09:19:10 [INFO] data.news_fetcher - Fetched 0 news articles from last 90 days.
2026-04-27 09:19:10 [INFO] features.news_sentiment - No news articles found -- zero-filling sentiment features.
2026-04-27 09:19:10 [INFO] features.temporal - Added 15 temporal features.
2026-04-27 09:19:10 [INFO] features.lag_features - Added 30 lag / rolling features.
2026-04-27 09:19:11 [INFO] data.news_fetcher - Fetched 0 news articles from last 90 days.
2026-04-27 09:19:11 [INFO] features.news_sentiment - No news articles found -- zero-filling sentiment features.
2026-04-27 09:19:11 [INFO] features.temporal - Added 15 temporal features.
2026-04-27 09:19:11 [INFO] features.lag_features - Added 30 lag / rolling features.
2026-04-27 09:19:11 [INFO] data.news_fetcher - Fetched 0 news articles from last 90 days.
2026-04-27 09:19:11 [INFO] features.news_sentiment - No news articles found -- zero-filling sentiment features.
2026-04-27 09:19:11 [INFO] features.temporal - Added 15 temporal features.
2026-04-27 09:19:11 [INFO] features.lag_features - Added 30 lag / rolling features.
2026-04-27 09:19:12 [INFO] data.news_fetcher - Fetched 0 news articles from last 90 days.
2026-04-27 09:19:12 [INFO] features.news_sentiment - No news articles found -- zero-filling sentiment features.
2026-04-27 09:19:12 [INFO] features.temporal - Added 15 temporal features.
2026-04-27 09:19:12 [INFO] features.lag_features - Added 30 lag / rolling features.
2026-04-27 09:19:12 [INFO] data.news_fetcher - Fetched 0 news articles from last 90 days.
2026-04-27 09:19:12 [INFO] features.news_sentiment - No news articles found -- zero-filling sentiment features.
2026-04-27 09:19:12 [INFO] features.temporal - Added 15 temporal features.
2026-04-27 09:19:12 [INFO] features.lag_features - Added 30 lag / rolling features.
2026-04-27 09:19:12 [INFO] data.news_fetcher - Fetched 0 news articles from last 90 days.
2026-04-27 09:19:12 [INFO] features.news_sentiment - No news articles found -- zero-filling sentiment features.
2026-04-27 09:19:12 [INFO] features.temporal - Added 15 temporal features.
2026-04-27 09:19:13 [INFO] features.lag_features - Added 30 lag / rolling features.
2026-04-27 09:19:13 [INFO] data.news_fetcher - Fetched 0 news articles from last 90 days.
2026-04-27 09:19:13 [INFO] features.news_sentiment - No news articles found -- zero-filling sentiment features.
2026-04-27 09:19:14 [INFO] data.news_fetcher - Fetched 0 news articles from last 14 days.
2026-04-27 09:19:25 [INFO] main - Starting API server on 0.0.0.0:8000
2026-04-27 09:19:31 [INFO] api.main - FOODCAST API starting up ...
2026-04-27 09:19:31 [INFO] models.lstm_model - Epoch  30/200  train=0.000350  val=0.006749  lr=2.50e-04
2026-04-27 09:19:35 [INFO] models.registry - Loading models into registry ...
2026-04-27 09:19:35 [INFO] models.lightgbm_model - Loaded LightGBM model ← D:\THESIS\model_trainer\artifacts\lightgbm_model.txt
2026-04-27 09:19:35 [ERROR] api.routes.predictions - Prediction error: Error(s) in loading state_dict for _LSTMNetwork:
	size mismatch for lstm.weight_ih_l0: copying a param with shape torch.Size([512, 9]) from checkpoint, the shape in current model is torch.Size([512, 10]).
Traceback (most recent call last):
  File "D:\THESIS\model_trainer\api\routes\predictions.py", line 40, in predict
    registry.load_all()  # no-op if already loaded
    ~~~~~~~~~~~~~~~~~^^
  File "D:\THESIS\model_trainer\models\registry.py", line 53, in load_all
    self.lstm.load()
    ~~~~~~~~~~~~~~^^
  File "D:\THESIS\model_trainer\models\lstm_model.py", line 508, in load
    self._load_network(input_size=self._n_features)
    ~~~~~~~~~~~~~~~~~~^^^^^^^^^^^^^^^^^^^^^^^^^^^^^
  File "D:\THESIS\model_trainer\models\lstm_model.py", line 494, in _load_network
    self._model.load_state_dict(
    ~~~~~~~~~~~~~~~~~~~~~~~~~~~^
        torch.load(str(self._model_path), map_location=self._device, weights_only=True)
        ^^^^^^^^^^^^^^^^^^^^^^^^^^^^^^^^^^^^^^^^^^^^^^^^^^^^^^^^^^^^^^^^^^^^^^^^^^^^^^^
    )
    ^
  File "C:\Users\Admin\AppData\Local\Python\pythoncore-3.14-64\Lib\site-packages\torch\nn\modules\module.py", line 2639, in load_state_dict
    raise RuntimeError(
    ...<3 lines>...
    )
RuntimeError: Error(s) in loading state_dict for _LSTMNetwork:
	size mismatch for lstm.weight_ih_l0: copying a param with shape torch.Size([512, 9]) from checkpoint, the shape in current model is torch.Size([512, 10]).
2026-04-27 09:19:37 [INFO] models.registry - Loading models into registry ...
2026-04-27 09:19:37 [INFO] models.lightgbm_model - Loaded LightGBM model ← D:\THESIS\model_trainer\artifacts\lightgbm_model.txt
2026-04-27 09:19:37 [ERROR] api.routes.predictions - Prediction error: Error(s) in loading state_dict for _LSTMNetwork:
	size mismatch for lstm.weight_ih_l0: copying a param with shape torch.Size([512, 9]) from checkpoint, the shape in current model is torch.Size([512, 10]).
Traceback (most recent call last):
  File "D:\THESIS\model_trainer\api\routes\predictions.py", line 40, in predict
    registry.load_all()  # no-op if already loaded
    ~~~~~~~~~~~~~~~~~^^
  File "D:\THESIS\model_trainer\models\registry.py", line 53, in load_all
    self.lstm.load()
    ~~~~~~~~~~~~~~^^
  File "D:\THESIS\model_trainer\models\lstm_model.py", line 508, in load
    self._load_network(input_size=self._n_features)
    ~~~~~~~~~~~~~~~~~~^^^^^^^^^^^^^^^^^^^^^^^^^^^^^
  File "D:\THESIS\model_trainer\models\lstm_model.py", line 494, in _load_network
    self._model.load_state_dict(
    ~~~~~~~~~~~~~~~~~~~~~~~~~~~^
        torch.load(str(self._model_path), map_location=self._device, weights_only=True)
        ^^^^^^^^^^^^^^^^^^^^^^^^^^^^^^^^^^^^^^^^^^^^^^^^^^^^^^^^^^^^^^^^^^^^^^^^^^^^^^^
    )
    ^
  File "C:\Users\Admin\AppData\Local\Python\pythoncore-3.14-64\Lib\site-packages\torch\nn\modules\module.py", line 2639, in load_state_dict
    raise RuntimeError(
    ...<3 lines>...
    )
RuntimeError: Error(s) in loading state_dict for _LSTMNetwork:
	size mismatch for lstm.weight_ih_l0: copying a param with shape torch.Size([512, 9]) from checkpoint, the shape in current model is torch.Size([512, 10]).
2026-04-27 09:19:53 [INFO] models.lstm_model - Early stopping at epoch 34
2026-04-27 09:19:53 [INFO] models.lstm_model - LSTM validation — RMSE: 6.8805  MAE: 4.4596  MAPE: 5.07%
2026-04-27 09:19:53 [INFO] pipeline.trainer - Step 6/7 -- Training ensemble ...
2026-04-27 09:19:54 [INFO] pipeline.trainer - Ensemble training with 1208 aligned predictions.
2026-04-27 09:19:54 [INFO] models.ensemble - Meta-model trained -- LightGBM coef: 0.8315, LSTM coef: 0.1786, intercept: -1.1040
2026-04-27 09:19:54 [INFO] models.ensemble - Ensemble (stacking) -- RMSE: 3.7946  MAE: 2.2688  MAPE: 3.78%
2026-04-27 09:19:54 [INFO] models.ensemble - Saved ensemble meta-model -> D:\THESIS\model_trainer\artifacts\ensemble_meta_model.pkl
2026-04-27 09:19:54 [INFO] pipeline.trainer - Step 7/7 -- Saving model version ...
2026-04-27 09:19:54 [INFO] models.model_store - Pruned old version: v011_2026-04-26T18-43-17
2026-04-27 09:19:54 [INFO] models.model_store - Created model version v011_2026-04-27T01-19-54 (5 files)
2026-04-27 09:19:54 [INFO] pipeline.drift_detector - Saved reference distribution (17157 samples).
2026-04-27 09:19:54 [INFO] pipeline.trainer - === TRAINING COMPLETE ===
2026-04-27 09:19:54 [INFO] main - Training complete. Metrics: {'lgbm': {'rmse': 3.6657626968206807, 'mae': 2.078403459600733, 'mape': 2.0719209222838124}, 'lstm': {'rmse': 6.880480033333362, 'mae': 4.459575979741205, 'mape': 5.066382810901302}, 'ensemble': {'rmse': 3.794573257627634, 'mae': 2.2688348524260675, 'mape': 3.7818922214285657}, 'timestamp': '2026-04-27T01:19:54.190353+00:00', 'data_rows': 17157, 'mode': 'full'}
2026-04-27 09:20:36 [INFO] main - Starting API server on 0.0.0.0:8000
2026-04-27 09:20:41 [INFO] api.main - FOODCAST API starting up ...
2026-04-27 09:21:29 [INFO] models.registry - Loading models into registry ...
2026-04-27 09:21:29 [INFO] models.lightgbm_model - Loaded LightGBM model ← D:\THESIS\model_trainer\artifacts\lightgbm_model.txt
2026-04-27 09:21:29 [INFO] models.lstm_model - Loaded LSTM model ← D:\THESIS\model_trainer\artifacts\lstm_model.pt (9 features)
2026-04-27 09:21:29 [INFO] models.ensemble - Loaded ensemble meta-model <- D:\THESIS\model_trainer\artifacts\ensemble_meta_model.pkl
2026-04-27 09:21:29 [INFO] models.registry - Model registry loaded successfully.
2026-04-27 09:21:31 [INFO] data.preprocessor - Preprocessing 197 rows ...
2026-04-27 09:21:31 [INFO] data.preprocessor - Preprocessing complete -- 197 clean rows.
2026-04-27 09:21:31 [INFO] features.temporal - Added 15 temporal features.
2026-04-27 09:21:31 [INFO] features.lag_features - Added 30 lag / rolling features.
2026-04-27 09:21:31 [INFO] features.categorical - Loaded categorical mappings from D:\THESIS\model_trainer\artifacts\categorical_mappings.json
2026-04-27 09:21:32 [INFO] data.news_fetcher - Fetched 0 news articles from last 90 days.
2026-04-27 09:21:32 [INFO] features.news_sentiment - No news articles found -- zero-filling sentiment features.
2026-04-27 09:21:32 [INFO] features.temporal - Added 15 temporal features.
2026-04-27 09:21:32 [INFO] features.lag_features - Added 30 lag / rolling features.
2026-04-27 09:21:32 [INFO] data.news_fetcher - Fetched 0 news articles from last 90 days.
2026-04-27 09:21:32 [INFO] features.news_sentiment - No news articles found -- zero-filling sentiment features.
2026-04-27 09:21:36 [INFO] data.preprocessor - Preprocessing 197 rows ...
2026-04-27 09:21:36 [INFO] data.preprocessor - Preprocessing complete -- 197 clean rows.
2026-04-27 09:21:36 [INFO] features.temporal - Added 15 temporal features.
2026-04-27 09:21:36 [INFO] features.lag_features - Added 30 lag / rolling features.
2026-04-27 09:21:36 [INFO] features.categorical - Loaded categorical mappings from D:\THESIS\model_trainer\artifacts\categorical_mappings.json
2026-04-27 09:21:36 [INFO] data.news_fetcher - Fetched 0 news articles from last 90 days.
2026-04-27 09:21:36 [INFO] features.news_sentiment - No news articles found -- zero-filling sentiment features.
2026-04-27 09:21:36 [INFO] features.temporal - Added 15 temporal features.
2026-04-27 09:21:36 [INFO] features.lag_features - Added 30 lag / rolling features.
2026-04-27 09:21:37 [INFO] data.news_fetcher - Fetched 0 news articles from last 90 days.
2026-04-27 09:21:37 [INFO] features.news_sentiment - No news articles found -- zero-filling sentiment features.
2026-04-27 09:21:37 [INFO] data.news_fetcher - Fetched 0 news articles from last 14 days.
2026-04-27 09:27:53 [INFO] data.preprocessor - Preprocessing 197 rows ...
2026-04-27 09:27:53 [INFO] data.preprocessor - Preprocessing complete -- 197 clean rows.
2026-04-27 09:27:53 [INFO] features.temporal - Added 15 temporal features.
2026-04-27 09:27:53 [INFO] features.lag_features - Added 30 lag / rolling features.
2026-04-27 09:27:53 [INFO] features.categorical - Loaded categorical mappings from D:\THESIS\model_trainer\artifacts\categorical_mappings.json
2026-04-27 09:27:54 [INFO] data.news_fetcher - Fetched 0 news articles from last 90 days.
2026-04-27 09:27:54 [INFO] features.news_sentiment - No news articles found -- zero-filling sentiment features.
2026-04-27 09:27:54 [INFO] features.temporal - Added 15 temporal features.
2026-04-27 09:27:54 [INFO] features.lag_features - Added 30 lag / rolling features.
2026-04-27 09:27:54 [INFO] data.news_fetcher - Fetched 0 news articles from last 90 days.
2026-04-27 09:27:54 [INFO] features.news_sentiment - No news articles found -- zero-filling sentiment features.
2026-04-27 09:27:54 [INFO] features.temporal - Added 15 temporal features.
2026-04-27 09:27:54 [INFO] features.lag_features - Added 30 lag / rolling features.
2026-04-27 09:27:55 [INFO] data.news_fetcher - Fetched 0 news articles from last 90 days.
2026-04-27 09:27:55 [INFO] features.news_sentiment - No news articles found -- zero-filling sentiment features.
2026-04-27 09:27:55 [INFO] features.temporal - Added 15 temporal features.
2026-04-27 09:27:55 [INFO] features.lag_features - Added 30 lag / rolling features.
2026-04-27 09:27:55 [INFO] data.news_fetcher - Fetched 0 news articles from last 90 days.
2026-04-27 09:27:55 [INFO] features.news_sentiment - No news articles found -- zero-filling sentiment features.
2026-04-27 09:27:55 [INFO] features.temporal - Added 15 temporal features.
2026-04-27 09:27:55 [INFO] features.lag_features - Added 30 lag / rolling features.
2026-04-27 09:27:56 [INFO] data.news_fetcher - Fetched 0 news articles from last 90 days.
2026-04-27 09:27:56 [INFO] features.news_sentiment - No news articles found -- zero-filling sentiment features.
2026-04-27 09:27:56 [INFO] features.temporal - Added 15 temporal features.
2026-04-27 09:27:56 [INFO] features.lag_features - Added 30 lag / rolling features.
2026-04-27 09:27:56 [INFO] data.news_fetcher - Fetched 0 news articles from last 90 days.
2026-04-27 09:27:56 [INFO] features.news_sentiment - No news articles found -- zero-filling sentiment features.
2026-04-27 09:27:56 [INFO] features.temporal - Added 15 temporal features.
2026-04-27 09:27:56 [INFO] features.lag_features - Added 30 lag / rolling features.
2026-04-27 09:27:57 [INFO] data.news_fetcher - Fetched 0 news articles from last 90 days.
2026-04-27 09:27:57 [INFO] features.news_sentiment - No news articles found -- zero-filling sentiment features.
2026-04-27 09:27:57 [INFO] features.temporal - Added 15 temporal features.
2026-04-27 09:27:57 [INFO] features.lag_features - Added 30 lag / rolling features.
2026-04-27 09:27:57 [INFO] data.news_fetcher - Fetched 0 news articles from last 90 days.
2026-04-27 09:27:57 [INFO] features.news_sentiment - No news articles found -- zero-filling sentiment features.
2026-04-27 09:32:05 [INFO] main - Starting API server on 0.0.0.0:8000
2026-04-27 09:32:09 [INFO] api.main - FOODCAST API starting up ...
2026-04-27 09:32:19 [INFO] data.preprocessor - Preprocessing 197 rows ...
2026-04-27 09:32:19 [INFO] data.preprocessor - Preprocessing complete -- 197 clean rows.
2026-04-27 09:32:19 [INFO] features.temporal - Added 15 temporal features.
2026-04-27 09:32:19 [INFO] features.lag_features - Added 30 lag / rolling features.
2026-04-27 09:32:19 [INFO] features.categorical - Loaded categorical mappings from D:\THESIS\model_trainer\artifacts\categorical_mappings.json
2026-04-27 09:32:20 [INFO] data.news_fetcher - Fetched 0 news articles from last 90 days.
2026-04-27 09:32:20 [INFO] features.news_sentiment - No news articles found -- zero-filling sentiment features.
2026-04-27 09:32:20 [INFO] features.temporal - Added 15 temporal features.
2026-04-27 09:32:20 [INFO] features.lag_features - Added 30 lag / rolling features.
2026-04-27 09:32:20 [INFO] data.news_fetcher - Fetched 0 news articles from last 90 days.
2026-04-27 09:32:20 [INFO] features.news_sentiment - No news articles found -- zero-filling sentiment features.
2026-04-27 09:32:20 [INFO] features.temporal - Added 15 temporal features.
2026-04-27 09:32:20 [INFO] features.lag_features - Added 30 lag / rolling features.
2026-04-27 09:32:20 [INFO] data.news_fetcher - Fetched 0 news articles from last 90 days.
2026-04-27 09:32:20 [INFO] features.news_sentiment - No news articles found -- zero-filling sentiment features.
2026-04-27 09:32:20 [INFO] features.temporal - Added 15 temporal features.
2026-04-27 09:32:20 [INFO] features.lag_features - Added 30 lag / rolling features.
2026-04-27 09:32:21 [INFO] data.news_fetcher - Fetched 0 news articles from last 90 days.
2026-04-27 09:32:21 [INFO] features.news_sentiment - No news articles found -- zero-filling sentiment features.
2026-04-27 09:32:21 [INFO] features.temporal - Added 15 temporal features.
2026-04-27 09:32:21 [INFO] features.lag_features - Added 30 lag / rolling features.
2026-04-27 09:32:21 [INFO] data.news_fetcher - Fetched 0 news articles from last 90 days.
2026-04-27 09:32:21 [INFO] features.news_sentiment - No news articles found -- zero-filling sentiment features.
2026-04-27 09:32:21 [INFO] features.temporal - Added 15 temporal features.
2026-04-27 09:32:21 [INFO] features.lag_features - Added 30 lag / rolling features.
2026-04-27 09:32:21 [INFO] data.news_fetcher - Fetched 0 news articles from last 90 days.
2026-04-27 09:32:21 [INFO] features.news_sentiment - No news articles found -- zero-filling sentiment features.
2026-04-27 09:32:21 [INFO] features.temporal - Added 15 temporal features.
2026-04-27 09:32:21 [INFO] features.lag_features - Added 30 lag / rolling features.
2026-04-27 09:32:22 [INFO] data.news_fetcher - Fetched 0 news articles from last 90 days.
2026-04-27 09:32:22 [INFO] features.news_sentiment - No news articles found -- zero-filling sentiment features.
2026-04-27 09:32:22 [INFO] features.temporal - Added 15 temporal features.
2026-04-27 09:32:22 [INFO] features.lag_features - Added 30 lag / rolling features.
2026-04-27 09:32:22 [INFO] data.news_fetcher - Fetched 0 news articles from last 90 days.
2026-04-27 09:32:22 [INFO] features.news_sentiment - No news articles found -- zero-filling sentiment features.
2026-04-27 09:32:31 [INFO] data.preprocessor - Preprocessing 197 rows ...
2026-04-27 09:32:31 [INFO] data.preprocessor - Preprocessing complete -- 197 clean rows.
2026-04-27 09:32:31 [INFO] features.temporal - Added 15 temporal features.
2026-04-27 09:32:31 [INFO] features.lag_features - Added 30 lag / rolling features.
2026-04-27 09:32:31 [INFO] features.categorical - Loaded categorical mappings from D:\THESIS\model_trainer\artifacts\categorical_mappings.json
2026-04-27 09:32:32 [INFO] data.news_fetcher - Fetched 0 news articles from last 90 days.
2026-04-27 09:32:32 [INFO] features.news_sentiment - No news articles found -- zero-filling sentiment features.
2026-04-27 09:32:32 [INFO] features.temporal - Added 15 temporal features.
2026-04-27 09:32:32 [INFO] features.lag_features - Added 30 lag / rolling features.
2026-04-27 09:32:32 [INFO] data.news_fetcher - Fetched 0 news articles from last 90 days.
2026-04-27 09:32:32 [INFO] features.news_sentiment - No news articles found -- zero-filling sentiment features.
2026-04-27 09:32:33 [INFO] features.temporal - Added 15 temporal features.
2026-04-27 09:32:33 [INFO] features.lag_features - Added 30 lag / rolling features.
2026-04-27 09:32:33 [INFO] data.news_fetcher - Fetched 0 news articles from last 90 days.
2026-04-27 09:32:33 [INFO] features.news_sentiment - No news articles found -- zero-filling sentiment features.
2026-04-27 09:32:33 [INFO] features.temporal - Added 15 temporal features.
2026-04-27 09:32:33 [INFO] features.lag_features - Added 30 lag / rolling features.
2026-04-27 09:32:33 [INFO] data.news_fetcher - Fetched 0 news articles from last 90 days.
2026-04-27 09:32:33 [INFO] features.news_sentiment - No news articles found -- zero-filling sentiment features.
2026-04-27 09:32:33 [INFO] features.temporal - Added 15 temporal features.
2026-04-27 09:32:33 [INFO] features.lag_features - Added 30 lag / rolling features.
2026-04-27 09:32:33 [INFO] data.news_fetcher - Fetched 0 news articles from last 90 days.
2026-04-27 09:32:33 [INFO] features.news_sentiment - No news articles found -- zero-filling sentiment features.
2026-04-27 09:32:34 [INFO] features.temporal - Added 15 temporal features.
2026-04-27 09:32:34 [INFO] features.lag_features - Added 30 lag / rolling features.
2026-04-27 09:32:34 [INFO] data.news_fetcher - Fetched 0 news articles from last 90 days.
2026-04-27 09:32:34 [INFO] features.news_sentiment - No news articles found -- zero-filling sentiment features.
2026-04-27 09:32:34 [INFO] features.temporal - Added 15 temporal features.
2026-04-27 09:32:34 [INFO] features.lag_features - Added 30 lag / rolling features.
2026-04-27 09:32:34 [INFO] data.news_fetcher - Fetched 0 news articles from last 90 days.
2026-04-27 09:32:34 [INFO] features.news_sentiment - No news articles found -- zero-filling sentiment features.
2026-04-27 09:32:34 [INFO] features.temporal - Added 15 temporal features.
2026-04-27 09:32:34 [INFO] features.lag_features - Added 30 lag / rolling features.
2026-04-27 09:32:34 [INFO] data.news_fetcher - Fetched 0 news articles from last 90 days.
2026-04-27 09:32:34 [INFO] features.news_sentiment - No news articles found -- zero-filling sentiment features.
2026-04-27 09:32:57 [INFO] main - Starting API server on 0.0.0.0:8000
2026-04-27 09:33:02 [INFO] api.main - FOODCAST API starting up ...
2026-04-27 09:33:07 [INFO] models.registry - Loading models into registry ...
2026-04-27 09:33:07 [INFO] models.lightgbm_model - Loaded LightGBM model ← D:\THESIS\model_trainer\artifacts\lightgbm_model.txt
2026-04-27 09:33:07 [INFO] models.lstm_model - Loaded LSTM model ← D:\THESIS\model_trainer\artifacts\lstm_model.pt (9 features)
2026-04-27 09:33:07 [INFO] models.ensemble - Loaded ensemble meta-model <- D:\THESIS\model_trainer\artifacts\ensemble_meta_model.pkl
2026-04-27 09:33:07 [INFO] models.registry - Model registry loaded successfully.
2026-04-27 09:33:08 [INFO] data.preprocessor - Preprocessing 197 rows ...
2026-04-27 09:33:08 [INFO] data.preprocessor - Preprocessing complete -- 197 clean rows.
2026-04-27 09:33:08 [INFO] features.temporal - Added 15 temporal features.
2026-04-27 09:33:08 [INFO] features.lag_features - Added 30 lag / rolling features.
2026-04-27 09:33:08 [INFO] features.categorical - Loaded categorical mappings from D:\THESIS\model_trainer\artifacts\categorical_mappings.json
2026-04-27 09:33:08 [INFO] features.temporal - Added 15 temporal features.
2026-04-27 09:33:08 [INFO] features.lag_features - Added 30 lag / rolling features.
2026-04-27 09:33:08 [INFO] features.temporal - Added 15 temporal features.
2026-04-27 09:33:08 [INFO] features.lag_features - Added 30 lag / rolling features.
2026-04-27 09:33:08 [INFO] features.temporal - Added 15 temporal features.
2026-04-27 09:33:08 [INFO] features.lag_features - Added 30 lag / rolling features.
2026-04-27 09:33:08 [INFO] features.temporal - Added 15 temporal features.
2026-04-27 09:33:08 [INFO] features.lag_features - Added 30 lag / rolling features.
2026-04-27 09:33:08 [INFO] features.temporal - Added 15 temporal features.
2026-04-27 09:33:09 [INFO] features.lag_features - Added 30 lag / rolling features.
2026-04-27 09:33:09 [INFO] features.temporal - Added 15 temporal features.
2026-04-27 09:33:09 [INFO] features.lag_features - Added 30 lag / rolling features.
2026-04-27 09:33:09 [INFO] features.temporal - Added 15 temporal features.
2026-04-27 09:33:09 [INFO] features.lag_features - Added 30 lag / rolling features.
2026-04-27 09:33:30 [INFO] data.preprocessor - Preprocessing 197 rows ...
2026-04-27 09:33:30 [INFO] data.preprocessor - Preprocessing complete -- 197 clean rows.
2026-04-27 09:33:30 [INFO] features.temporal - Added 15 temporal features.
2026-04-27 09:33:30 [INFO] features.lag_features - Added 30 lag / rolling features.
2026-04-27 09:33:30 [INFO] features.categorical - Loaded categorical mappings from D:\THESIS\model_trainer\artifacts\categorical_mappings.json
2026-04-27 09:33:30 [INFO] features.temporal - Added 15 temporal features.
2026-04-27 09:33:30 [INFO] features.lag_features - Added 30 lag / rolling features.
2026-04-27 09:33:50 [INFO] data.preprocessor - Preprocessing 197 rows ...
2026-04-27 09:33:50 [INFO] data.preprocessor - Preprocessing complete -- 197 clean rows.
2026-04-27 09:33:50 [INFO] features.temporal - Added 15 temporal features.
2026-04-27 09:33:50 [INFO] features.lag_features - Added 30 lag / rolling features.
2026-04-27 09:33:50 [INFO] features.categorical - Loaded categorical mappings from D:\THESIS\model_trainer\artifacts\categorical_mappings.json
2026-04-27 09:33:50 [INFO] features.temporal - Added 15 temporal features.
2026-04-27 09:33:50 [INFO] features.lag_features - Added 30 lag / rolling features.
2026-04-27 09:34:27 [INFO] data.preprocessor - Preprocessing 197 rows ...
2026-04-27 09:34:27 [INFO] data.preprocessor - Preprocessing complete -- 197 clean rows.
2026-04-27 09:34:27 [INFO] features.temporal - Added 15 temporal features.
2026-04-27 09:34:27 [INFO] features.lag_features - Added 30 lag / rolling features.
2026-04-27 09:34:27 [INFO] features.categorical - Loaded categorical mappings from D:\THESIS\model_trainer\artifacts\categorical_mappings.json
2026-04-27 09:34:27 [INFO] features.temporal - Added 15 temporal features.
2026-04-27 09:34:27 [INFO] features.lag_features - Added 30 lag / rolling features.
2026-04-27 09:34:29 [INFO] data.preprocessor - Preprocessing 197 rows ...
2026-04-27 09:34:29 [INFO] data.preprocessor - Preprocessing complete -- 197 clean rows.
2026-04-27 09:34:29 [INFO] features.temporal - Added 15 temporal features.
2026-04-27 09:34:29 [INFO] features.lag_features - Added 30 lag / rolling features.
2026-04-27 09:34:29 [INFO] features.categorical - Loaded categorical mappings from D:\THESIS\model_trainer\artifacts\categorical_mappings.json
2026-04-27 09:34:29 [INFO] features.temporal - Added 15 temporal features.
2026-04-27 09:34:29 [INFO] features.lag_features - Added 30 lag / rolling features.
2026-04-27 09:34:29 [INFO] features.temporal - Added 15 temporal features.
2026-04-27 09:34:29 [INFO] features.lag_features - Added 30 lag / rolling features.
2026-04-27 09:34:29 [INFO] features.temporal - Added 15 temporal features.
2026-04-27 09:34:29 [INFO] features.lag_features - Added 30 lag / rolling features.
2026-04-27 09:34:29 [INFO] features.temporal - Added 15 temporal features.
2026-04-27 09:34:29 [INFO] features.lag_features - Added 30 lag / rolling features.
2026-04-27 09:34:29 [INFO] features.temporal - Added 15 temporal features.
2026-04-27 09:34:29 [INFO] features.lag_features - Added 30 lag / rolling features.
2026-04-27 09:34:30 [INFO] features.temporal - Added 15 temporal features.
2026-04-27 09:34:30 [INFO] features.lag_features - Added 30 lag / rolling features.
2026-04-27 09:34:30 [INFO] features.temporal - Added 15 temporal features.
2026-04-27 09:34:30 [INFO] features.lag_features - Added 30 lag / rolling features.
2026-04-27 09:34:31 [INFO] data.preprocessor - Preprocessing 197 rows ...
2026-04-27 09:34:31 [INFO] data.preprocessor - Preprocessing complete -- 197 clean rows.
2026-04-27 09:34:31 [INFO] features.temporal - Added 15 temporal features.
2026-04-27 09:34:31 [INFO] features.lag_features - Added 30 lag / rolling features.
2026-04-27 09:34:31 [INFO] features.categorical - Loaded categorical mappings from D:\THESIS\model_trainer\artifacts\categorical_mappings.json
2026-04-27 09:34:31 [INFO] features.temporal - Added 15 temporal features.
2026-04-27 09:34:31 [INFO] features.lag_features - Added 30 lag / rolling features.
2026-04-27 09:34:31 [INFO] features.temporal - Added 15 temporal features.
2026-04-27 09:34:32 [INFO] features.lag_features - Added 30 lag / rolling features.
2026-04-27 09:34:32 [INFO] features.temporal - Added 15 temporal features.
2026-04-27 09:34:32 [INFO] features.lag_features - Added 30 lag / rolling features.
2026-04-27 09:34:32 [INFO] features.temporal - Added 15 temporal features.
2026-04-27 09:34:32 [INFO] features.lag_features - Added 30 lag / rolling features.
2026-04-27 09:34:32 [INFO] features.temporal - Added 15 temporal features.
2026-04-27 09:34:32 [INFO] features.lag_features - Added 30 lag / rolling features.
2026-04-27 09:34:32 [INFO] features.temporal - Added 15 temporal features.
2026-04-27 09:34:32 [INFO] features.lag_features - Added 30 lag / rolling features.
2026-04-27 09:34:32 [INFO] features.temporal - Added 15 temporal features.
2026-04-27 09:34:32 [INFO] features.lag_features - Added 30 lag / rolling features.
2026-04-27 09:34:32 [INFO] features.temporal - Added 15 temporal features.
2026-04-27 09:34:32 [INFO] features.lag_features - Added 30 lag / rolling features.
2026-04-27 09:34:32 [INFO] features.temporal - Added 15 temporal features.
2026-04-27 09:34:32 [INFO] features.lag_features - Added 30 lag / rolling features.
2026-04-27 09:34:32 [INFO] features.temporal - Added 15 temporal features.
2026-04-27 09:34:33 [INFO] features.lag_features - Added 30 lag / rolling features.
2026-04-27 09:34:33 [INFO] features.temporal - Added 15 temporal features.
2026-04-27 09:34:33 [INFO] features.lag_features - Added 30 lag / rolling features.
2026-04-27 09:34:33 [INFO] features.temporal - Added 15 temporal features.
2026-04-27 09:34:33 [INFO] features.lag_features - Added 30 lag / rolling features.
2026-04-27 09:34:33 [INFO] features.temporal - Added 15 temporal features.
2026-04-27 09:34:33 [INFO] features.lag_features - Added 30 lag / rolling features.
2026-04-27 09:34:33 [INFO] features.temporal - Added 15 temporal features.
2026-04-27 09:34:33 [INFO] features.lag_features - Added 30 lag / rolling features.
2026-04-27 09:34:33 [INFO] features.temporal - Added 15 temporal features.
2026-04-27 09:34:33 [INFO] features.lag_features - Added 30 lag / rolling features.
2026-04-27 09:34:33 [INFO] features.temporal - Added 15 temporal features.
2026-04-27 09:34:33 [INFO] features.lag_features - Added 30 lag / rolling features.
2026-04-27 09:34:33 [INFO] features.temporal - Added 15 temporal features.
2026-04-27 09:34:33 [INFO] features.lag_features - Added 30 lag / rolling features.
2026-04-27 09:34:34 [INFO] features.temporal - Added 15 temporal features.
2026-04-27 09:34:34 [INFO] features.lag_features - Added 30 lag / rolling features.
2026-04-27 09:34:34 [INFO] features.temporal - Added 15 temporal features.
2026-04-27 09:34:34 [INFO] features.lag_features - Added 30 lag / rolling features.
2026-04-27 09:34:34 [INFO] features.temporal - Added 15 temporal features.
2026-04-27 09:34:34 [INFO] features.lag_features - Added 30 lag / rolling features.
2026-04-27 09:34:34 [INFO] features.temporal - Added 15 temporal features.
2026-04-27 09:34:34 [INFO] features.lag_features - Added 30 lag / rolling features.
2026-04-27 09:34:34 [INFO] features.temporal - Added 15 temporal features.
2026-04-27 09:34:34 [INFO] features.lag_features - Added 30 lag / rolling features.
2026-04-27 09:34:34 [INFO] features.temporal - Added 15 temporal features.
2026-04-27 09:34:34 [INFO] features.lag_features - Added 30 lag / rolling features.
2026-04-27 09:34:34 [INFO] features.temporal - Added 15 temporal features.
2026-04-27 09:34:34 [INFO] features.lag_features - Added 30 lag / rolling features.
2026-04-27 09:34:34 [INFO] features.temporal - Added 15 temporal features.
2026-04-27 09:34:34 [INFO] features.lag_features - Added 30 lag / rolling features.
2026-04-27 09:34:35 [INFO] features.temporal - Added 15 temporal features.
2026-04-27 09:34:35 [INFO] features.lag_features - Added 30 lag / rolling features.
2026-04-27 09:34:35 [INFO] features.temporal - Added 15 temporal features.
2026-04-27 09:34:35 [INFO] features.lag_features - Added 30 lag / rolling features.
2026-04-27 09:34:35 [INFO] features.temporal - Added 15 temporal features.
2026-04-27 09:34:35 [INFO] features.lag_features - Added 30 lag / rolling features.
2026-04-27 09:34:35 [INFO] features.temporal - Added 15 temporal features.
2026-04-27 09:34:35 [INFO] features.lag_features - Added 30 lag / rolling features.
2026-04-27 09:34:35 [INFO] features.temporal - Added 15 temporal features.
2026-04-27 09:34:35 [INFO] features.lag_features - Added 30 lag / rolling features.
2026-04-27 09:35:26 [INFO] data.fetcher - Fetching ALL food price records ...
2026-04-27 09:35:38 [INFO] data.fetcher - Fetched 17,211 rows total.
2026-04-27 09:35:39 [INFO] data.preprocessor - Preprocessing 161 rows ...
2026-04-27 09:35:39 [INFO] data.preprocessor - Preprocessing complete -- 161 clean rows.
2026-04-27 09:35:39 [INFO] features.temporal - Added 15 temporal features.
2026-04-27 09:35:39 [INFO] features.lag_features - Added 30 lag / rolling features.
2026-04-27 09:35:39 [INFO] features.categorical - Loaded categorical mappings from D:\THESIS\model_trainer\artifacts\categorical_mappings.json
2026-04-27 09:35:39 [INFO] features.temporal - Added 15 temporal features.
2026-04-27 09:35:39 [INFO] features.lag_features - Added 30 lag / rolling features.
2026-04-27 09:35:41 [INFO] data.preprocessor - Preprocessing 161 rows ...
2026-04-27 09:35:41 [INFO] data.preprocessor - Preprocessing complete -- 161 clean rows.
2026-04-27 09:35:41 [INFO] features.temporal - Added 15 temporal features.
2026-04-27 09:35:41 [INFO] features.lag_features - Added 30 lag / rolling features.
2026-04-27 09:35:41 [INFO] features.categorical - Loaded categorical mappings from D:\THESIS\model_trainer\artifacts\categorical_mappings.json
2026-04-27 09:35:41 [INFO] features.temporal - Added 15 temporal features.
2026-04-27 09:35:41 [INFO] features.lag_features - Added 30 lag / rolling features.
2026-04-27 09:35:41 [INFO] features.temporal - Added 15 temporal features.
2026-04-27 09:35:41 [INFO] features.lag_features - Added 30 lag / rolling features.
2026-04-27 09:35:41 [INFO] features.temporal - Added 15 temporal features.
2026-04-27 09:35:41 [INFO] features.lag_features - Added 30 lag / rolling features.
2026-04-27 09:35:41 [INFO] features.temporal - Added 15 temporal features.
2026-04-27 09:35:41 [INFO] features.lag_features - Added 30 lag / rolling features.
2026-04-27 09:35:41 [INFO] features.temporal - Added 15 temporal features.
2026-04-27 09:35:41 [INFO] features.lag_features - Added 30 lag / rolling features.
2026-04-27 09:35:41 [INFO] features.temporal - Added 15 temporal features.
2026-04-27 09:35:41 [INFO] features.lag_features - Added 30 lag / rolling features.
2026-04-27 09:35:41 [INFO] features.temporal - Added 15 temporal features.
2026-04-27 09:35:41 [INFO] features.lag_features - Added 30 lag / rolling features.
2026-04-27 09:35:43 [INFO] data.preprocessor - Preprocessing 161 rows ...
2026-04-27 09:35:43 [INFO] data.preprocessor - Preprocessing complete -- 161 clean rows.
2026-04-27 09:35:43 [INFO] features.temporal - Added 15 temporal features.
2026-04-27 09:35:43 [INFO] features.lag_features - Added 30 lag / rolling features.
2026-04-27 09:35:43 [INFO] features.categorical - Loaded categorical mappings from D:\THESIS\model_trainer\artifacts\categorical_mappings.json
2026-04-27 09:35:43 [INFO] features.temporal - Added 15 temporal features.
2026-04-27 09:35:43 [INFO] features.lag_features - Added 30 lag / rolling features.
2026-04-27 09:35:43 [INFO] features.temporal - Added 15 temporal features.
2026-04-27 09:35:43 [INFO] features.lag_features - Added 30 lag / rolling features.
2026-04-27 09:35:43 [INFO] features.temporal - Added 15 temporal features.
2026-04-27 09:35:43 [INFO] features.lag_features - Added 30 lag / rolling features.
2026-04-27 09:35:43 [INFO] features.temporal - Added 15 temporal features.
2026-04-27 09:35:43 [INFO] features.lag_features - Added 30 lag / rolling features.
2026-04-27 09:35:43 [INFO] features.temporal - Added 15 temporal features.
2026-04-27 09:35:43 [INFO] features.lag_features - Added 30 lag / rolling features.
2026-04-27 09:35:43 [INFO] features.temporal - Added 15 temporal features.
2026-04-27 09:35:43 [INFO] features.lag_features - Added 30 lag / rolling features.
2026-04-27 09:35:43 [INFO] features.temporal - Added 15 temporal features.
2026-04-27 09:35:43 [INFO] features.lag_features - Added 30 lag / rolling features.
2026-04-27 09:35:44 [INFO] features.temporal - Added 15 temporal features.
2026-04-27 09:35:44 [INFO] features.lag_features - Added 30 lag / rolling features.
2026-04-27 09:35:44 [INFO] features.temporal - Added 15 temporal features.
2026-04-27 09:35:44 [INFO] features.lag_features - Added 30 lag / rolling features.
2026-04-27 09:35:44 [INFO] features.temporal - Added 15 temporal features.
2026-04-27 09:35:44 [INFO] features.lag_features - Added 30 lag / rolling features.
2026-04-27 09:35:44 [INFO] features.temporal - Added 15 temporal features.
2026-04-27 09:35:44 [INFO] features.lag_features - Added 30 lag / rolling features.
2026-04-27 09:35:44 [INFO] features.temporal - Added 15 temporal features.
2026-04-27 09:35:44 [INFO] features.lag_features - Added 30 lag / rolling features.
2026-04-27 09:35:44 [INFO] features.temporal - Added 15 temporal features.
2026-04-27 09:35:44 [INFO] features.lag_features - Added 30 lag / rolling features.
2026-04-27 09:35:44 [INFO] features.temporal - Added 15 temporal features.
2026-04-27 09:35:45 [INFO] features.lag_features - Added 30 lag / rolling features.
2026-04-27 09:35:45 [INFO] features.temporal - Added 15 temporal features.
2026-04-27 09:35:45 [INFO] features.lag_features - Added 30 lag / rolling features.
2026-04-27 09:35:45 [INFO] features.temporal - Added 15 temporal features.
2026-04-27 09:35:45 [INFO] features.lag_features - Added 30 lag / rolling features.
2026-04-27 09:35:45 [INFO] features.temporal - Added 15 temporal features.
2026-04-27 09:35:45 [INFO] features.lag_features - Added 30 lag / rolling features.
2026-04-27 09:35:45 [INFO] features.temporal - Added 15 temporal features.
2026-04-27 09:35:45 [INFO] features.lag_features - Added 30 lag / rolling features.
2026-04-27 09:35:45 [INFO] features.temporal - Added 15 temporal features.
2026-04-27 09:35:45 [INFO] features.lag_features - Added 30 lag / rolling features.
2026-04-27 09:35:45 [INFO] features.temporal - Added 15 temporal features.
2026-04-27 09:35:45 [INFO] features.lag_features - Added 30 lag / rolling features.
2026-04-27 09:35:45 [INFO] features.temporal - Added 15 temporal features.
2026-04-27 09:35:45 [INFO] features.lag_features - Added 30 lag / rolling features.
2026-04-27 09:35:45 [INFO] features.temporal - Added 15 temporal features.
2026-04-27 09:35:45 [INFO] features.lag_features - Added 30 lag / rolling features.
2026-04-27 09:35:46 [INFO] features.temporal - Added 15 temporal features.
2026-04-27 09:35:46 [INFO] features.lag_features - Added 30 lag / rolling features.
2026-04-27 09:35:46 [INFO] features.temporal - Added 15 temporal features.
2026-04-27 09:35:46 [INFO] features.lag_features - Added 30 lag / rolling features.
2026-04-27 09:35:46 [INFO] features.temporal - Added 15 temporal features.
2026-04-27 09:35:46 [INFO] features.lag_features - Added 30 lag / rolling features.
2026-04-27 09:35:46 [INFO] features.temporal - Added 15 temporal features.
2026-04-27 09:35:46 [INFO] features.lag_features - Added 30 lag / rolling features.
2026-04-27 09:35:46 [INFO] features.temporal - Added 15 temporal features.
2026-04-27 09:35:46 [INFO] features.lag_features - Added 30 lag / rolling features.
2026-04-27 09:35:46 [INFO] features.temporal - Added 15 temporal features.
2026-04-27 09:35:46 [INFO] features.lag_features - Added 30 lag / rolling features.
2026-04-27 09:35:46 [INFO] features.temporal - Added 15 temporal features.
2026-04-27 09:35:46 [INFO] features.lag_features - Added 30 lag / rolling features.
2026-04-27 09:35:46 [INFO] features.temporal - Added 15 temporal features.
2026-04-27 09:35:46 [INFO] features.lag_features - Added 30 lag / rolling features.
2026-04-27 09:35:48 [INFO] data.preprocessor - Preprocessing 197 rows ...
2026-04-27 09:35:48 [INFO] data.preprocessor - Preprocessing complete -- 197 clean rows.
2026-04-27 09:35:48 [INFO] features.temporal - Added 15 temporal features.
2026-04-27 09:35:48 [INFO] features.lag_features - Added 30 lag / rolling features.
2026-04-27 09:35:48 [INFO] features.categorical - Loaded categorical mappings from D:\THESIS\model_trainer\artifacts\categorical_mappings.json
2026-04-27 09:35:48 [INFO] features.temporal - Added 15 temporal features.
2026-04-27 09:35:48 [INFO] features.lag_features - Added 30 lag / rolling features.
2026-04-27 09:35:49 [INFO] data.preprocessor - Preprocessing 197 rows ...
2026-04-27 09:35:49 [INFO] data.preprocessor - Preprocessing complete -- 197 clean rows.
2026-04-27 09:35:49 [INFO] features.temporal - Added 15 temporal features.
2026-04-27 09:35:49 [INFO] features.lag_features - Added 30 lag / rolling features.
2026-04-27 09:35:49 [INFO] features.categorical - Loaded categorical mappings from D:\THESIS\model_trainer\artifacts\categorical_mappings.json
2026-04-27 09:35:49 [INFO] features.temporal - Added 15 temporal features.
2026-04-27 09:35:49 [INFO] features.lag_features - Added 30 lag / rolling features.
2026-04-27 09:35:49 [INFO] features.temporal - Added 15 temporal features.
2026-04-27 09:35:49 [INFO] features.lag_features - Added 30 lag / rolling features.
2026-04-27 09:35:49 [INFO] features.temporal - Added 15 temporal features.
2026-04-27 09:35:50 [INFO] features.lag_features - Added 30 lag / rolling features.
2026-04-27 09:35:50 [INFO] features.temporal - Added 15 temporal features.
2026-04-27 09:35:50 [INFO] features.lag_features - Added 30 lag / rolling features.
2026-04-27 09:35:50 [INFO] features.temporal - Added 15 temporal features.
2026-04-27 09:35:50 [INFO] features.lag_features - Added 30 lag / rolling features.
2026-04-27 09:35:50 [INFO] features.temporal - Added 15 temporal features.
2026-04-27 09:35:50 [INFO] features.lag_features - Added 30 lag / rolling features.
2026-04-27 09:35:50 [INFO] features.temporal - Added 15 temporal features.
2026-04-27 09:35:50 [INFO] features.lag_features - Added 30 lag / rolling features.
2026-04-27 09:35:51 [INFO] data.preprocessor - Preprocessing 197 rows ...
2026-04-27 09:35:51 [INFO] data.preprocessor - Preprocessing complete -- 197 clean rows.
2026-04-27 09:35:51 [INFO] features.temporal - Added 15 temporal features.
2026-04-27 09:35:51 [INFO] features.lag_features - Added 30 lag / rolling features.
2026-04-27 09:35:51 [INFO] features.categorical - Loaded categorical mappings from D:\THESIS\model_trainer\artifacts\categorical_mappings.json
2026-04-27 09:35:51 [INFO] features.temporal - Added 15 temporal features.
2026-04-27 09:35:51 [INFO] features.lag_features - Added 30 lag / rolling features.
2026-04-27 09:35:51 [INFO] features.temporal - Added 15 temporal features.
2026-04-27 09:35:51 [INFO] features.lag_features - Added 30 lag / rolling features.
2026-04-27 09:35:51 [INFO] features.temporal - Added 15 temporal features.
2026-04-27 09:35:51 [INFO] features.lag_features - Added 30 lag / rolling features.
2026-04-27 09:35:51 [INFO] features.temporal - Added 15 temporal features.
2026-04-27 09:35:51 [INFO] features.lag_features - Added 30 lag / rolling features.
2026-04-27 09:35:52 [INFO] features.temporal - Added 15 temporal features.
2026-04-27 09:35:52 [INFO] features.lag_features - Added 30 lag / rolling features.
2026-04-27 09:35:52 [INFO] features.temporal - Added 15 temporal features.
2026-04-27 09:35:52 [INFO] features.lag_features - Added 30 lag / rolling features.
2026-04-27 09:35:52 [INFO] features.temporal - Added 15 temporal features.
2026-04-27 09:35:52 [INFO] features.lag_features - Added 30 lag / rolling features.
2026-04-27 09:35:52 [INFO] features.temporal - Added 15 temporal features.
2026-04-27 09:35:52 [INFO] features.lag_features - Added 30 lag / rolling features.
2026-04-27 09:35:52 [INFO] features.temporal - Added 15 temporal features.
2026-04-27 09:35:52 [INFO] features.lag_features - Added 30 lag / rolling features.
2026-04-27 09:35:52 [INFO] features.temporal - Added 15 temporal features.
2026-04-27 09:35:52 [INFO] features.lag_features - Added 30 lag / rolling features.
2026-04-27 09:35:52 [INFO] features.temporal - Added 15 temporal features.
2026-04-27 09:35:52 [INFO] features.lag_features - Added 30 lag / rolling features.
2026-04-27 09:35:52 [INFO] features.temporal - Added 15 temporal features.
2026-04-27 09:35:52 [INFO] features.lag_features - Added 30 lag / rolling features.
2026-04-27 09:35:53 [INFO] features.temporal - Added 15 temporal features.
2026-04-27 09:35:53 [INFO] features.lag_features - Added 30 lag / rolling features.
2026-04-27 09:35:53 [INFO] features.temporal - Added 15 temporal features.
2026-04-27 09:35:53 [INFO] features.lag_features - Added 30 lag / rolling features.
2026-04-27 09:35:53 [INFO] features.temporal - Added 15 temporal features.
2026-04-27 09:35:53 [INFO] features.lag_features - Added 30 lag / rolling features.
2026-04-27 09:35:53 [INFO] features.temporal - Added 15 temporal features.
2026-04-27 09:35:53 [INFO] features.lag_features - Added 30 lag / rolling features.
2026-04-27 09:35:53 [INFO] features.temporal - Added 15 temporal features.
2026-04-27 09:35:53 [INFO] features.lag_features - Added 30 lag / rolling features.
2026-04-27 09:35:53 [INFO] features.temporal - Added 15 temporal features.
2026-04-27 09:35:53 [INFO] features.lag_features - Added 30 lag / rolling features.
2026-04-27 09:35:53 [INFO] features.temporal - Added 15 temporal features.
2026-04-27 09:35:53 [INFO] features.lag_features - Added 30 lag / rolling features.
2026-04-27 09:35:53 [INFO] features.temporal - Added 15 temporal features.
2026-04-27 09:35:53 [INFO] features.lag_features - Added 30 lag / rolling features.
2026-04-27 09:35:54 [INFO] features.temporal - Added 15 temporal features.
2026-04-27 09:35:54 [INFO] features.lag_features - Added 30 lag / rolling features.
2026-04-27 09:35:54 [INFO] features.temporal - Added 15 temporal features.
2026-04-27 09:35:54 [INFO] features.lag_features - Added 30 lag / rolling features.
2026-04-27 09:35:54 [INFO] features.temporal - Added 15 temporal features.
2026-04-27 09:35:54 [INFO] features.lag_features - Added 30 lag / rolling features.
2026-04-27 09:35:54 [INFO] features.temporal - Added 15 temporal features.
2026-04-27 09:35:54 [INFO] features.lag_features - Added 30 lag / rolling features.
2026-04-27 09:35:54 [INFO] features.temporal - Added 15 temporal features.
2026-04-27 09:35:54 [INFO] features.lag_features - Added 30 lag / rolling features.
2026-04-27 09:35:54 [INFO] features.temporal - Added 15 temporal features.
2026-04-27 09:35:54 [INFO] features.lag_features - Added 30 lag / rolling features.
2026-04-27 09:35:54 [INFO] features.temporal - Added 15 temporal features.
2026-04-27 09:35:54 [INFO] features.lag_features - Added 30 lag / rolling features.
2026-04-27 09:35:54 [INFO] features.temporal - Added 15 temporal features.
2026-04-27 09:35:54 [INFO] features.lag_features - Added 30 lag / rolling features.
2026-04-27 09:35:54 [INFO] features.temporal - Added 15 temporal features.
2026-04-27 09:35:54 [INFO] features.lag_features - Added 30 lag / rolling features.
2026-04-27 09:35:55 [INFO] features.temporal - Added 15 temporal features.
2026-04-27 09:35:55 [INFO] features.lag_features - Added 30 lag / rolling features.
2026-04-27 09:35:56 [INFO] data.preprocessor - Preprocessing 197 rows ...
2026-04-27 09:35:56 [INFO] data.preprocessor - Preprocessing complete -- 197 clean rows.
2026-04-27 09:35:56 [INFO] features.temporal - Added 15 temporal features.
2026-04-27 09:35:56 [INFO] features.lag_features - Added 30 lag / rolling features.
2026-04-27 09:35:56 [INFO] features.categorical - Loaded categorical mappings from D:\THESIS\model_trainer\artifacts\categorical_mappings.json
2026-04-27 09:35:56 [INFO] features.temporal - Added 15 temporal features.
2026-04-27 09:35:56 [INFO] features.lag_features - Added 30 lag / rolling features.
2026-04-27 09:35:57 [INFO] data.preprocessor - Preprocessing 197 rows ...
2026-04-27 09:35:57 [INFO] data.preprocessor - Preprocessing complete -- 197 clean rows.
2026-04-27 09:35:57 [INFO] features.temporal - Added 15 temporal features.
2026-04-27 09:35:57 [INFO] features.lag_features - Added 30 lag / rolling features.
2026-04-27 09:35:57 [INFO] features.categorical - Loaded categorical mappings from D:\THESIS\model_trainer\artifacts\categorical_mappings.json
2026-04-27 09:35:57 [INFO] features.temporal - Added 15 temporal features.
2026-04-27 09:35:57 [INFO] features.lag_features - Added 30 lag / rolling features.
2026-04-27 09:35:57 [INFO] features.temporal - Added 15 temporal features.
2026-04-27 09:35:57 [INFO] features.lag_features - Added 30 lag / rolling features.
2026-04-27 09:35:57 [INFO] features.temporal - Added 15 temporal features.
2026-04-27 09:35:57 [INFO] features.lag_features - Added 30 lag / rolling features.
2026-04-27 09:35:57 [INFO] features.temporal - Added 15 temporal features.
2026-04-27 09:35:57 [INFO] features.lag_features - Added 30 lag / rolling features.
2026-04-27 09:35:57 [INFO] features.temporal - Added 15 temporal features.
2026-04-27 09:35:57 [INFO] features.lag_features - Added 30 lag / rolling features.
2026-04-27 09:35:57 [INFO] features.temporal - Added 15 temporal features.
2026-04-27 09:35:57 [INFO] features.lag_features - Added 30 lag / rolling features.
2026-04-27 09:35:57 [INFO] features.temporal - Added 15 temporal features.
2026-04-27 09:35:57 [INFO] features.lag_features - Added 30 lag / rolling features.
2026-04-27 09:35:59 [INFO] data.preprocessor - Preprocessing 197 rows ...
2026-04-27 09:35:59 [INFO] data.preprocessor - Preprocessing complete -- 197 clean rows.
2026-04-27 09:35:59 [INFO] features.temporal - Added 15 temporal features.
2026-04-27 09:35:59 [INFO] features.lag_features - Added 30 lag / rolling features.
2026-04-27 09:35:59 [INFO] features.categorical - Loaded categorical mappings from D:\THESIS\model_trainer\artifacts\categorical_mappings.json
2026-04-27 09:35:59 [INFO] features.temporal - Added 15 temporal features.
2026-04-27 09:35:59 [INFO] features.lag_features - Added 30 lag / rolling features.
2026-04-27 09:35:59 [INFO] features.temporal - Added 15 temporal features.
2026-04-27 09:35:59 [INFO] features.lag_features - Added 30 lag / rolling features.
2026-04-27 09:35:59 [INFO] features.temporal - Added 15 temporal features.
2026-04-27 09:35:59 [INFO] features.lag_features - Added 30 lag / rolling features.
2026-04-27 09:35:59 [INFO] features.temporal - Added 15 temporal features.
2026-04-27 09:35:59 [INFO] features.lag_features - Added 30 lag / rolling features.
2026-04-27 09:35:59 [INFO] features.temporal - Added 15 temporal features.
2026-04-27 09:35:59 [INFO] features.lag_features - Added 30 lag / rolling features.
2026-04-27 09:35:59 [INFO] features.temporal - Added 15 temporal features.
2026-04-27 09:35:59 [INFO] features.lag_features - Added 30 lag / rolling features.
2026-04-27 09:35:59 [INFO] features.temporal - Added 15 temporal features.
2026-04-27 09:35:59 [INFO] features.lag_features - Added 30 lag / rolling features.
2026-04-27 09:35:59 [INFO] features.temporal - Added 15 temporal features.
2026-04-27 09:35:59 [INFO] features.lag_features - Added 30 lag / rolling features.
2026-04-27 09:35:59 [INFO] features.temporal - Added 15 temporal features.
2026-04-27 09:36:00 [INFO] features.lag_features - Added 30 lag / rolling features.
2026-04-27 09:36:00 [INFO] features.temporal - Added 15 temporal features.
2026-04-27 09:36:00 [INFO] features.lag_features - Added 30 lag / rolling features.
2026-04-27 09:36:00 [INFO] features.temporal - Added 15 temporal features.
2026-04-27 09:36:00 [INFO] features.lag_features - Added 30 lag / rolling features.
2026-04-27 09:36:00 [INFO] features.temporal - Added 15 temporal features.
2026-04-27 09:36:00 [INFO] features.lag_features - Added 30 lag / rolling features.
2026-04-27 09:36:00 [INFO] features.temporal - Added 15 temporal features.
2026-04-27 09:36:00 [INFO] features.lag_features - Added 30 lag / rolling features.
2026-04-27 09:36:00 [INFO] features.temporal - Added 15 temporal features.
2026-04-27 09:36:00 [INFO] features.lag_features - Added 30 lag / rolling features.
2026-04-27 09:36:00 [INFO] features.temporal - Added 15 temporal features.
2026-04-27 09:36:00 [INFO] features.lag_features - Added 30 lag / rolling features.
2026-04-27 09:36:00 [INFO] features.temporal - Added 15 temporal features.
2026-04-27 09:36:00 [INFO] features.lag_features - Added 30 lag / rolling features.
2026-04-27 09:36:00 [INFO] features.temporal - Added 15 temporal features.
2026-04-27 09:36:00 [INFO] features.lag_features - Added 30 lag / rolling features.
2026-04-27 09:36:01 [INFO] features.temporal - Added 15 temporal features.
2026-04-27 09:36:01 [INFO] features.lag_features - Added 30 lag / rolling features.
2026-04-27 09:36:01 [INFO] features.temporal - Added 15 temporal features.
2026-04-27 09:36:01 [INFO] features.lag_features - Added 30 lag / rolling features.
2026-04-27 09:36:01 [INFO] features.temporal - Added 15 temporal features.
2026-04-27 09:36:01 [INFO] features.lag_features - Added 30 lag / rolling features.
2026-04-27 09:36:01 [INFO] features.temporal - Added 15 temporal features.
2026-04-27 09:36:01 [INFO] features.lag_features - Added 30 lag / rolling features.
2026-04-27 09:36:01 [INFO] features.temporal - Added 15 temporal features.
2026-04-27 09:36:01 [INFO] features.lag_features - Added 30 lag / rolling features.
2026-04-27 09:36:01 [INFO] features.temporal - Added 15 temporal features.
2026-04-27 09:36:01 [INFO] features.lag_features - Added 30 lag / rolling features.
2026-04-27 09:36:01 [INFO] features.temporal - Added 15 temporal features.
2026-04-27 09:36:01 [INFO] features.lag_features - Added 30 lag / rolling features.
2026-04-27 09:36:01 [INFO] features.temporal - Added 15 temporal features.
2026-04-27 09:36:01 [INFO] features.lag_features - Added 30 lag / rolling features.
2026-04-27 09:36:01 [INFO] features.temporal - Added 15 temporal features.
2026-04-27 09:36:02 [INFO] features.lag_features - Added 30 lag / rolling features.
2026-04-27 09:36:02 [INFO] features.temporal - Added 15 temporal features.
2026-04-27 09:36:02 [INFO] features.lag_features - Added 30 lag / rolling features.
2026-04-27 09:36:02 [INFO] features.temporal - Added 15 temporal features.
2026-04-27 09:36:02 [INFO] features.lag_features - Added 30 lag / rolling features.
2026-04-27 09:36:02 [INFO] features.temporal - Added 15 temporal features.
2026-04-27 09:36:02 [INFO] features.lag_features - Added 30 lag / rolling features.
2026-04-27 09:36:02 [INFO] features.temporal - Added 15 temporal features.
2026-04-27 09:36:02 [INFO] features.lag_features - Added 30 lag / rolling features.
2026-04-27 09:37:03 [INFO] data.preprocessor - Preprocessing 197 rows ...
2026-04-27 09:37:03 [INFO] data.preprocessor - Preprocessing complete -- 197 clean rows.
2026-04-27 09:37:03 [INFO] features.temporal - Added 15 temporal features.
2026-04-27 09:37:03 [INFO] features.lag_features - Added 30 lag / rolling features.
2026-04-27 09:37:03 [INFO] features.categorical - Loaded categorical mappings from D:\THESIS\model_trainer\artifacts\categorical_mappings.json
2026-04-27 09:37:03 [INFO] features.temporal - Added 15 temporal features.
2026-04-27 09:37:03 [INFO] features.lag_features - Added 30 lag / rolling features.
2026-04-27 09:37:03 [INFO] features.temporal - Added 15 temporal features.
2026-04-27 09:37:03 [INFO] features.lag_features - Added 30 lag / rolling features.
2026-04-27 09:37:03 [INFO] features.temporal - Added 15 temporal features.
2026-04-27 09:37:03 [INFO] features.lag_features - Added 30 lag / rolling features.
2026-04-27 09:37:04 [INFO] features.temporal - Added 15 temporal features.
2026-04-27 09:37:04 [INFO] features.lag_features - Added 30 lag / rolling features.
2026-04-27 09:37:04 [INFO] features.temporal - Added 15 temporal features.
2026-04-27 09:37:04 [INFO] features.lag_features - Added 30 lag / rolling features.
2026-04-27 09:37:04 [INFO] features.temporal - Added 15 temporal features.
2026-04-27 09:37:04 [INFO] features.lag_features - Added 30 lag / rolling features.
2026-04-27 09:37:04 [INFO] features.temporal - Added 15 temporal features.
2026-04-27 09:37:04 [INFO] features.lag_features - Added 30 lag / rolling features.
2026-04-27 09:37:25 [INFO] data.preprocessor - Preprocessing 197 rows ...
2026-04-27 09:37:25 [INFO] data.preprocessor - Preprocessing complete -- 197 clean rows.
2026-04-27 09:37:25 [INFO] features.temporal - Added 15 temporal features.
2026-04-27 09:37:25 [INFO] features.lag_features - Added 30 lag / rolling features.
2026-04-27 09:37:25 [INFO] features.categorical - Loaded categorical mappings from D:\THESIS\model_trainer\artifacts\categorical_mappings.json
2026-04-27 09:37:25 [INFO] features.temporal - Added 15 temporal features.
2026-04-27 09:37:25 [INFO] features.lag_features - Added 30 lag / rolling features.
2026-04-27 09:37:26 [INFO] features.temporal - Added 15 temporal features.
2026-04-27 09:37:26 [INFO] features.lag_features - Added 30 lag / rolling features.
2026-04-27 09:37:26 [INFO] features.temporal - Added 15 temporal features.
2026-04-27 09:37:26 [INFO] features.lag_features - Added 30 lag / rolling features.
2026-04-27 09:37:26 [INFO] features.temporal - Added 15 temporal features.
2026-04-27 09:37:26 [INFO] features.lag_features - Added 30 lag / rolling features.
2026-04-27 09:37:26 [INFO] features.temporal - Added 15 temporal features.
2026-04-27 09:37:26 [INFO] features.lag_features - Added 30 lag / rolling features.
2026-04-27 09:37:26 [INFO] features.temporal - Added 15 temporal features.
2026-04-27 09:37:26 [INFO] features.lag_features - Added 30 lag / rolling features.
2026-04-27 09:37:26 [INFO] features.temporal - Added 15 temporal features.
2026-04-27 09:37:26 [INFO] features.lag_features - Added 30 lag / rolling features.
2026-04-27 09:37:26 [INFO] features.temporal - Added 15 temporal features.
2026-04-27 09:37:26 [INFO] features.lag_features - Added 30 lag / rolling features.
2026-04-27 09:37:26 [INFO] features.temporal - Added 15 temporal features.
2026-04-27 09:37:26 [INFO] features.lag_features - Added 30 lag / rolling features.
2026-04-27 09:37:26 [INFO] features.temporal - Added 15 temporal features.
2026-04-27 09:37:26 [INFO] features.lag_features - Added 30 lag / rolling features.
2026-04-27 09:37:27 [INFO] features.temporal - Added 15 temporal features.
2026-04-27 09:37:27 [INFO] features.lag_features - Added 30 lag / rolling features.
2026-04-27 09:37:27 [INFO] features.temporal - Added 15 temporal features.
2026-04-27 09:37:27 [INFO] features.lag_features - Added 30 lag / rolling features.
2026-04-27 09:37:27 [INFO] features.temporal - Added 15 temporal features.
2026-04-27 09:37:27 [INFO] features.lag_features - Added 30 lag / rolling features.
2026-04-27 09:37:27 [INFO] features.temporal - Added 15 temporal features.
2026-04-27 09:37:27 [INFO] features.lag_features - Added 30 lag / rolling features.
2026-04-27 09:37:27 [INFO] features.temporal - Added 15 temporal features.
2026-04-27 09:37:27 [INFO] features.lag_features - Added 30 lag / rolling features.
2026-04-27 09:37:27 [INFO] features.temporal - Added 15 temporal features.
2026-04-27 09:37:27 [INFO] features.lag_features - Added 30 lag / rolling features.
2026-04-27 09:37:27 [INFO] features.temporal - Added 15 temporal features.
2026-04-27 09:37:27 [INFO] features.lag_features - Added 30 lag / rolling features.
2026-04-27 09:37:27 [INFO] features.temporal - Added 15 temporal features.
2026-04-27 09:37:27 [INFO] features.lag_features - Added 30 lag / rolling features.
2026-04-27 09:37:28 [INFO] features.temporal - Added 15 temporal features.
2026-04-27 09:37:28 [INFO] features.lag_features - Added 30 lag / rolling features.
2026-04-27 09:37:28 [INFO] features.temporal - Added 15 temporal features.
2026-04-27 09:37:28 [INFO] features.lag_features - Added 30 lag / rolling features.
2026-04-27 09:37:28 [INFO] features.temporal - Added 15 temporal features.
2026-04-27 09:37:28 [INFO] features.lag_features - Added 30 lag / rolling features.
2026-04-27 09:37:28 [INFO] features.temporal - Added 15 temporal features.
2026-04-27 09:37:28 [INFO] features.lag_features - Added 30 lag / rolling features.
2026-04-27 09:37:28 [INFO] features.temporal - Added 15 temporal features.
2026-04-27 09:37:28 [INFO] features.lag_features - Added 30 lag / rolling features.
2026-04-27 09:37:28 [INFO] features.temporal - Added 15 temporal features.
2026-04-27 09:37:28 [INFO] features.lag_features - Added 30 lag / rolling features.
2026-04-27 09:37:28 [INFO] features.temporal - Added 15 temporal features.
2026-04-27 09:37:28 [INFO] features.lag_features - Added 30 lag / rolling features.
2026-04-27 09:37:28 [INFO] features.temporal - Added 15 temporal features.
2026-04-27 09:37:28 [INFO] features.lag_features - Added 30 lag / rolling features.
2026-04-27 09:37:29 [INFO] features.temporal - Added 15 temporal features.
2026-04-27 09:37:29 [INFO] features.lag_features - Added 30 lag / rolling features.
2026-04-27 09:37:29 [INFO] features.temporal - Added 15 temporal features.
2026-04-27 09:37:29 [INFO] features.lag_features - Added 30 lag / rolling features.
2026-04-27 09:37:29 [INFO] features.temporal - Added 15 temporal features.
2026-04-27 09:37:29 [INFO] features.lag_features - Added 30 lag / rolling features.
2026-04-27 09:37:29 [INFO] features.temporal - Added 15 temporal features.
2026-04-27 09:37:29 [INFO] features.lag_features - Added 30 lag / rolling features.
2026-04-27 09:43:42 [INFO] main - Starting API server on 0.0.0.0:8000
2026-04-27 09:43:47 [INFO] api.main - FOODCAST API starting up ...
2026-04-27 09:43:57 [INFO] data.fetcher - Fetching ALL food price records ...
2026-04-27 09:44:05 [INFO] data.fetcher - Fetched 17,211 rows total.
2026-04-27 09:44:05 [INFO] models.registry - Loading models into registry ...
2026-04-27 09:44:05 [INFO] models.lightgbm_model - Loaded LightGBM model ← D:\THESIS\model_trainer\artifacts\lightgbm_model.txt
2026-04-27 09:44:05 [INFO] models.lstm_model - Loaded LSTM model ← D:\THESIS\model_trainer\artifacts\lstm_model.pt (9 features)
2026-04-27 09:44:05 [INFO] models.ensemble - Loaded ensemble meta-model <- D:\THESIS\model_trainer\artifacts\ensemble_meta_model.pkl
2026-04-27 09:44:05 [INFO] models.registry - Model registry loaded successfully.
2026-04-27 09:44:06 [INFO] data.preprocessor - Preprocessing 161 rows ...
2026-04-27 09:44:06 [INFO] data.preprocessor - Preprocessing complete -- 161 clean rows.
2026-04-27 09:44:06 [INFO] features.temporal - Added 15 temporal features.
2026-04-27 09:44:06 [INFO] features.lag_features - Added 30 lag / rolling features.
2026-04-27 09:44:06 [INFO] features.categorical - Loaded categorical mappings from D:\THESIS\model_trainer\artifacts\categorical_mappings.json
2026-04-27 09:44:06 [INFO] features.temporal - Added 15 temporal features.
2026-04-27 09:44:06 [INFO] features.lag_features - Added 30 lag / rolling features.
2026-04-27 09:44:07 [INFO] data.preprocessor - Preprocessing 161 rows ...
2026-04-27 09:44:07 [INFO] data.preprocessor - Preprocessing complete -- 161 clean rows.
2026-04-27 09:44:07 [INFO] features.temporal - Added 15 temporal features.
2026-04-27 09:44:07 [INFO] features.lag_features - Added 30 lag / rolling features.
2026-04-27 09:44:07 [INFO] features.categorical - Loaded categorical mappings from D:\THESIS\model_trainer\artifacts\categorical_mappings.json
2026-04-27 09:44:07 [INFO] features.temporal - Added 15 temporal features.
2026-04-27 09:44:07 [INFO] features.lag_features - Added 30 lag / rolling features.
2026-04-27 09:44:07 [INFO] features.temporal - Added 15 temporal features.
2026-04-27 09:44:07 [INFO] features.lag_features - Added 30 lag / rolling features.
2026-04-27 09:44:07 [INFO] features.temporal - Added 15 temporal features.
2026-04-27 09:44:07 [INFO] features.lag_features - Added 30 lag / rolling features.
2026-04-27 09:44:08 [INFO] features.temporal - Added 15 temporal features.
2026-04-27 09:44:08 [INFO] features.lag_features - Added 30 lag / rolling features.
2026-04-27 09:44:08 [INFO] features.temporal - Added 15 temporal features.
2026-04-27 09:44:08 [INFO] features.lag_features - Added 30 lag / rolling features.
2026-04-27 09:44:08 [INFO] features.temporal - Added 15 temporal features.
2026-04-27 09:44:08 [INFO] features.lag_features - Added 30 lag / rolling features.
2026-04-27 09:44:08 [INFO] features.temporal - Added 15 temporal features.
2026-04-27 09:44:08 [INFO] features.lag_features - Added 30 lag / rolling features.
2026-04-27 09:44:09 [INFO] data.preprocessor - Preprocessing 161 rows ...
2026-04-27 09:44:09 [INFO] data.preprocessor - Preprocessing complete -- 161 clean rows.
2026-04-27 09:44:09 [INFO] features.temporal - Added 15 temporal features.
2026-04-27 09:44:09 [INFO] features.lag_features - Added 30 lag / rolling features.
2026-04-27 09:44:09 [INFO] features.categorical - Loaded categorical mappings from D:\THESIS\model_trainer\artifacts\categorical_mappings.json
2026-04-27 09:44:09 [INFO] features.temporal - Added 15 temporal features.
2026-04-27 09:44:09 [INFO] features.lag_features - Added 30 lag / rolling features.
2026-04-27 09:44:10 [INFO] features.temporal - Added 15 temporal features.
2026-04-27 09:44:10 [INFO] features.lag_features - Added 30 lag / rolling features.
2026-04-27 09:44:10 [INFO] features.temporal - Added 15 temporal features.
2026-04-27 09:44:10 [INFO] features.lag_features - Added 30 lag / rolling features.
2026-04-27 09:44:10 [INFO] features.temporal - Added 15 temporal features.
2026-04-27 09:44:10 [INFO] features.lag_features - Added 30 lag / rolling features.
2026-04-27 09:44:10 [INFO] features.temporal - Added 15 temporal features.
2026-04-27 09:44:10 [INFO] features.lag_features - Added 30 lag / rolling features.
2026-04-27 09:44:10 [INFO] features.temporal - Added 15 temporal features.
2026-04-27 09:44:10 [INFO] features.lag_features - Added 30 lag / rolling features.
2026-04-27 09:44:10 [INFO] features.temporal - Added 15 temporal features.
2026-04-27 09:44:10 [INFO] features.lag_features - Added 30 lag / rolling features.
2026-04-27 09:44:10 [INFO] features.temporal - Added 15 temporal features.
2026-04-27 09:44:10 [INFO] features.lag_features - Added 30 lag / rolling features.
2026-04-27 09:44:10 [INFO] features.temporal - Added 15 temporal features.
2026-04-27 09:44:10 [INFO] features.lag_features - Added 30 lag / rolling features.
2026-04-27 09:44:10 [INFO] features.temporal - Added 15 temporal features.
2026-04-27 09:44:10 [INFO] features.lag_features - Added 30 lag / rolling features.
2026-04-27 09:44:11 [INFO] features.temporal - Added 15 temporal features.
2026-04-27 09:44:11 [INFO] features.lag_features - Added 30 lag / rolling features.
2026-04-27 09:44:11 [INFO] features.temporal - Added 15 temporal features.
2026-04-27 09:44:11 [INFO] features.lag_features - Added 30 lag / rolling features.
2026-04-27 09:44:11 [INFO] features.temporal - Added 15 temporal features.
2026-04-27 09:44:11 [INFO] features.lag_features - Added 30 lag / rolling features.
2026-04-27 09:44:11 [INFO] features.temporal - Added 15 temporal features.
2026-04-27 09:44:11 [INFO] features.lag_features - Added 30 lag / rolling features.
2026-04-27 09:44:11 [INFO] features.temporal - Added 15 temporal features.
2026-04-27 09:44:11 [INFO] features.lag_features - Added 30 lag / rolling features.
2026-04-27 09:44:11 [INFO] features.temporal - Added 15 temporal features.
2026-04-27 09:44:11 [INFO] features.lag_features - Added 30 lag / rolling features.
2026-04-27 09:44:11 [INFO] features.temporal - Added 15 temporal features.
2026-04-27 09:44:11 [INFO] features.lag_features - Added 30 lag / rolling features.
2026-04-27 09:44:11 [INFO] features.temporal - Added 15 temporal features.
2026-04-27 09:44:11 [INFO] features.lag_features - Added 30 lag / rolling features.
2026-04-27 09:44:11 [INFO] features.temporal - Added 15 temporal features.
2026-04-27 09:44:11 [INFO] features.lag_features - Added 30 lag / rolling features.
2026-04-27 09:44:12 [INFO] features.temporal - Added 15 temporal features.
2026-04-27 09:44:12 [INFO] features.lag_features - Added 30 lag / rolling features.
2026-04-27 09:44:12 [INFO] features.temporal - Added 15 temporal features.
2026-04-27 09:44:12 [INFO] features.lag_features - Added 30 lag / rolling features.
2026-04-27 09:44:12 [INFO] features.temporal - Added 15 temporal features.
2026-04-27 09:44:12 [INFO] features.lag_features - Added 30 lag / rolling features.
2026-04-27 09:44:12 [INFO] features.temporal - Added 15 temporal features.
2026-04-27 09:44:12 [INFO] features.lag_features - Added 30 lag / rolling features.
2026-04-27 09:44:12 [INFO] features.temporal - Added 15 temporal features.
2026-04-27 09:44:12 [INFO] features.lag_features - Added 30 lag / rolling features.
2026-04-27 09:44:12 [INFO] features.temporal - Added 15 temporal features.
2026-04-27 09:44:12 [INFO] features.lag_features - Added 30 lag / rolling features.
2026-04-27 09:44:12 [INFO] features.temporal - Added 15 temporal features.
2026-04-27 09:44:12 [INFO] features.lag_features - Added 30 lag / rolling features.
2026-04-27 09:44:13 [INFO] features.temporal - Added 15 temporal features.
2026-04-27 09:44:13 [INFO] features.lag_features - Added 30 lag / rolling features.
2026-04-27 09:44:13 [INFO] features.temporal - Added 15 temporal features.
2026-04-27 09:44:13 [INFO] features.lag_features - Added 30 lag / rolling features.
2026-04-27 09:44:13 [INFO] features.temporal - Added 15 temporal features.
2026-04-27 09:44:13 [INFO] features.lag_features - Added 30 lag / rolling features.
2026-04-27 09:44:13 [INFO] features.temporal - Added 15 temporal features.
2026-04-27 09:44:13 [INFO] features.lag_features - Added 30 lag / rolling features.
2026-04-27 09:44:14 [INFO] data.preprocessor - Preprocessing 197 rows ...
2026-04-27 09:44:14 [INFO] data.preprocessor - Preprocessing complete -- 197 clean rows.
2026-04-27 09:44:14 [INFO] features.temporal - Added 15 temporal features.
2026-04-27 09:44:14 [INFO] features.lag_features - Added 30 lag / rolling features.
2026-04-27 09:44:14 [INFO] features.categorical - Loaded categorical mappings from D:\THESIS\model_trainer\artifacts\categorical_mappings.json
2026-04-27 09:44:14 [INFO] features.temporal - Added 15 temporal features.
2026-04-27 09:44:14 [INFO] features.lag_features - Added 30 lag / rolling features.
2026-04-27 09:44:16 [INFO] data.preprocessor - Preprocessing 197 rows ...
2026-04-27 09:44:16 [INFO] data.preprocessor - Preprocessing complete -- 197 clean rows.
2026-04-27 09:44:16 [INFO] features.temporal - Added 15 temporal features.
2026-04-27 09:44:16 [INFO] features.lag_features - Added 30 lag / rolling features.
2026-04-27 09:44:16 [INFO] features.categorical - Loaded categorical mappings from D:\THESIS\model_trainer\artifacts\categorical_mappings.json
2026-04-27 09:44:16 [INFO] features.temporal - Added 15 temporal features.
2026-04-27 09:44:16 [INFO] features.lag_features - Added 30 lag / rolling features.
2026-04-27 09:44:16 [INFO] features.temporal - Added 15 temporal features.
2026-04-27 09:44:16 [INFO] features.lag_features - Added 30 lag / rolling features.
2026-04-27 09:44:16 [INFO] features.temporal - Added 15 temporal features.
2026-04-27 09:44:16 [INFO] features.lag_features - Added 30 lag / rolling features.
2026-04-27 09:44:16 [INFO] features.temporal - Added 15 temporal features.
2026-04-27 09:44:16 [INFO] features.lag_features - Added 30 lag / rolling features.
2026-04-27 09:44:16 [INFO] features.temporal - Added 15 temporal features.
2026-04-27 09:44:16 [INFO] features.lag_features - Added 30 lag / rolling features.
2026-04-27 09:44:16 [INFO] features.temporal - Added 15 temporal features.
2026-04-27 09:44:16 [INFO] features.lag_features - Added 30 lag / rolling features.
2026-04-27 09:44:16 [INFO] features.temporal - Added 15 temporal features.
2026-04-27 09:44:16 [INFO] features.lag_features - Added 30 lag / rolling features.
2026-04-27 09:44:18 [INFO] data.preprocessor - Preprocessing 197 rows ...
2026-04-27 09:44:18 [INFO] data.preprocessor - Preprocessing complete -- 197 clean rows.
2026-04-27 09:44:18 [INFO] features.temporal - Added 15 temporal features.
2026-04-27 09:44:18 [INFO] features.lag_features - Added 30 lag / rolling features.
2026-04-27 09:44:18 [INFO] features.categorical - Loaded categorical mappings from D:\THESIS\model_trainer\artifacts\categorical_mappings.json
2026-04-27 09:44:18 [INFO] features.temporal - Added 15 temporal features.
2026-04-27 09:44:18 [INFO] features.lag_features - Added 30 lag / rolling features.
2026-04-27 09:44:18 [INFO] features.temporal - Added 15 temporal features.
2026-04-27 09:44:18 [INFO] features.lag_features - Added 30 lag / rolling features.
2026-04-27 09:44:18 [INFO] features.temporal - Added 15 temporal features.
2026-04-27 09:44:18 [INFO] features.lag_features - Added 30 lag / rolling features.
2026-04-27 09:44:18 [INFO] features.temporal - Added 15 temporal features.
2026-04-27 09:44:18 [INFO] features.lag_features - Added 30 lag / rolling features.
2026-04-27 09:44:18 [INFO] features.temporal - Added 15 temporal features.
2026-04-27 09:44:18 [INFO] features.lag_features - Added 30 lag / rolling features.
2026-04-27 09:44:18 [INFO] features.temporal - Added 15 temporal features.
2026-04-27 09:44:18 [INFO] features.lag_features - Added 30 lag / rolling features.
2026-04-27 09:44:18 [INFO] features.temporal - Added 15 temporal features.
2026-04-27 09:44:18 [INFO] features.lag_features - Added 30 lag / rolling features.
2026-04-27 09:44:19 [INFO] features.temporal - Added 15 temporal features.
2026-04-27 09:44:19 [INFO] features.lag_features - Added 30 lag / rolling features.
2026-04-27 09:44:19 [INFO] features.temporal - Added 15 temporal features.
2026-04-27 09:44:19 [INFO] features.lag_features - Added 30 lag / rolling features.
2026-04-27 09:44:19 [INFO] features.temporal - Added 15 temporal features.
2026-04-27 09:44:19 [INFO] features.lag_features - Added 30 lag / rolling features.
2026-04-27 09:44:19 [INFO] features.temporal - Added 15 temporal features.
2026-04-27 09:44:19 [INFO] features.lag_features - Added 30 lag / rolling features.
2026-04-27 09:44:19 [INFO] features.temporal - Added 15 temporal features.
2026-04-27 09:44:19 [INFO] features.lag_features - Added 30 lag / rolling features.
2026-04-27 09:44:19 [INFO] features.temporal - Added 15 temporal features.
2026-04-27 09:44:19 [INFO] features.lag_features - Added 30 lag / rolling features.
2026-04-27 09:44:19 [INFO] features.temporal - Added 15 temporal features.
2026-04-27 09:44:19 [INFO] features.lag_features - Added 30 lag / rolling features.
2026-04-27 09:44:19 [INFO] features.temporal - Added 15 temporal features.
2026-04-27 09:44:19 [INFO] features.lag_features - Added 30 lag / rolling features.
2026-04-27 09:44:19 [INFO] features.temporal - Added 15 temporal features.
2026-04-27 09:44:20 [INFO] features.lag_features - Added 30 lag / rolling features.
2026-04-27 09:44:20 [INFO] features.temporal - Added 15 temporal features.
2026-04-27 09:44:20 [INFO] features.lag_features - Added 30 lag / rolling features.
2026-04-27 09:44:20 [INFO] features.temporal - Added 15 temporal features.
2026-04-27 09:44:20 [INFO] features.lag_features - Added 30 lag / rolling features.
2026-04-27 09:44:20 [INFO] features.temporal - Added 15 temporal features.
2026-04-27 09:44:20 [INFO] features.lag_features - Added 30 lag / rolling features.
2026-04-27 09:44:20 [INFO] features.temporal - Added 15 temporal features.
2026-04-27 09:44:20 [INFO] features.lag_features - Added 30 lag / rolling features.
2026-04-27 09:44:20 [INFO] features.temporal - Added 15 temporal features.
2026-04-27 09:44:20 [INFO] features.lag_features - Added 30 lag / rolling features.
2026-04-27 09:44:20 [INFO] features.temporal - Added 15 temporal features.
2026-04-27 09:44:20 [INFO] features.lag_features - Added 30 lag / rolling features.
2026-04-27 09:44:20 [INFO] features.temporal - Added 15 temporal features.
2026-04-27 09:44:20 [INFO] features.lag_features - Added 30 lag / rolling features.
2026-04-27 09:44:21 [INFO] features.temporal - Added 15 temporal features.
2026-04-27 09:44:21 [INFO] features.lag_features - Added 30 lag / rolling features.
2026-04-27 09:44:21 [INFO] features.temporal - Added 15 temporal features.
2026-04-27 09:44:21 [INFO] features.lag_features - Added 30 lag / rolling features.
2026-04-27 09:44:21 [INFO] features.temporal - Added 15 temporal features.
2026-04-27 09:44:21 [INFO] features.lag_features - Added 30 lag / rolling features.
2026-04-27 09:44:21 [INFO] features.temporal - Added 15 temporal features.
2026-04-27 09:44:21 [INFO] features.lag_features - Added 30 lag / rolling features.
2026-04-27 09:44:21 [INFO] features.temporal - Added 15 temporal features.
2026-04-27 09:44:21 [INFO] features.lag_features - Added 30 lag / rolling features.
2026-04-27 09:44:21 [INFO] features.temporal - Added 15 temporal features.
2026-04-27 09:44:21 [INFO] features.lag_features - Added 30 lag / rolling features.
2026-04-27 09:44:21 [INFO] features.temporal - Added 15 temporal features.
2026-04-27 09:44:21 [INFO] features.lag_features - Added 30 lag / rolling features.
2026-04-27 09:44:23 [INFO] data.preprocessor - Preprocessing 197 rows ...
2026-04-27 09:44:23 [INFO] data.preprocessor - Preprocessing complete -- 197 clean rows.
2026-04-27 09:44:23 [INFO] features.temporal - Added 15 temporal features.
2026-04-27 09:44:23 [INFO] features.lag_features - Added 30 lag / rolling features.
2026-04-27 09:44:23 [INFO] features.categorical - Loaded categorical mappings from D:\THESIS\model_trainer\artifacts\categorical_mappings.json
2026-04-27 09:44:23 [INFO] features.temporal - Added 15 temporal features.
2026-04-27 09:44:23 [INFO] features.lag_features - Added 30 lag / rolling features.
2026-04-27 09:44:24 [INFO] data.preprocessor - Preprocessing 197 rows ...
2026-04-27 09:44:24 [INFO] data.preprocessor - Preprocessing complete -- 197 clean rows.
2026-04-27 09:44:24 [INFO] features.temporal - Added 15 temporal features.
2026-04-27 09:44:24 [INFO] features.lag_features - Added 30 lag / rolling features.
2026-04-27 09:44:24 [INFO] features.categorical - Loaded categorical mappings from D:\THESIS\model_trainer\artifacts\categorical_mappings.json
2026-04-27 09:44:24 [INFO] features.temporal - Added 15 temporal features.
2026-04-27 09:44:24 [INFO] features.lag_features - Added 30 lag / rolling features.
2026-04-27 09:44:24 [INFO] features.temporal - Added 15 temporal features.
2026-04-27 09:44:24 [INFO] features.lag_features - Added 30 lag / rolling features.
2026-04-27 09:44:24 [INFO] features.temporal - Added 15 temporal features.
2026-04-27 09:44:24 [INFO] features.lag_features - Added 30 lag / rolling features.
2026-04-27 09:44:24 [INFO] features.temporal - Added 15 temporal features.
2026-04-27 09:44:24 [INFO] features.lag_features - Added 30 lag / rolling features.
2026-04-27 09:44:24 [INFO] features.temporal - Added 15 temporal features.
2026-04-27 09:44:24 [INFO] features.lag_features - Added 30 lag / rolling features.
2026-04-27 09:44:25 [INFO] features.temporal - Added 15 temporal features.
2026-04-27 09:44:25 [INFO] features.lag_features - Added 30 lag / rolling features.
2026-04-27 09:44:25 [INFO] features.temporal - Added 15 temporal features.
2026-04-27 09:44:25 [INFO] features.lag_features - Added 30 lag / rolling features.
2026-04-27 09:44:26 [INFO] data.preprocessor - Preprocessing 197 rows ...
2026-04-27 09:44:26 [INFO] data.preprocessor - Preprocessing complete -- 197 clean rows.
2026-04-27 09:44:26 [INFO] features.temporal - Added 15 temporal features.
2026-04-27 09:44:26 [INFO] features.lag_features - Added 30 lag / rolling features.
2026-04-27 09:44:26 [INFO] features.categorical - Loaded categorical mappings from D:\THESIS\model_trainer\artifacts\categorical_mappings.json
2026-04-27 09:44:26 [INFO] features.temporal - Added 15 temporal features.
2026-04-27 09:44:26 [INFO] features.lag_features - Added 30 lag / rolling features.
2026-04-27 09:44:26 [INFO] features.temporal - Added 15 temporal features.
2026-04-27 09:44:26 [INFO] features.lag_features - Added 30 lag / rolling features.
2026-04-27 09:44:26 [INFO] features.temporal - Added 15 temporal features.
2026-04-27 09:44:26 [INFO] features.lag_features - Added 30 lag / rolling features.
2026-04-27 09:44:26 [INFO] features.temporal - Added 15 temporal features.
2026-04-27 09:44:26 [INFO] features.lag_features - Added 30 lag / rolling features.
2026-04-27 09:44:27 [INFO] features.temporal - Added 15 temporal features.
2026-04-27 09:44:27 [INFO] features.lag_features - Added 30 lag / rolling features.
2026-04-27 09:44:27 [INFO] features.temporal - Added 15 temporal features.
2026-04-27 09:44:27 [INFO] features.lag_features - Added 30 lag / rolling features.
2026-04-27 09:44:27 [INFO] features.temporal - Added 15 temporal features.
2026-04-27 09:44:27 [INFO] features.lag_features - Added 30 lag / rolling features.
2026-04-27 09:44:27 [INFO] features.temporal - Added 15 temporal features.
2026-04-27 09:44:27 [INFO] features.lag_features - Added 30 lag / rolling features.
2026-04-27 09:44:27 [INFO] features.temporal - Added 15 temporal features.
2026-04-27 09:44:27 [INFO] features.lag_features - Added 30 lag / rolling features.
2026-04-27 09:44:27 [INFO] features.temporal - Added 15 temporal features.
2026-04-27 09:44:27 [INFO] features.lag_features - Added 30 lag / rolling features.
2026-04-27 09:44:27 [INFO] features.temporal - Added 15 temporal features.
2026-04-27 09:44:27 [INFO] features.lag_features - Added 30 lag / rolling features.
2026-04-27 09:44:27 [INFO] features.temporal - Added 15 temporal features.
2026-04-27 09:44:27 [INFO] features.lag_features - Added 30 lag / rolling features.
2026-04-27 09:44:27 [INFO] features.temporal - Added 15 temporal features.
2026-04-27 09:44:27 [INFO] features.lag_features - Added 30 lag / rolling features.
2026-04-27 09:44:28 [INFO] features.temporal - Added 15 temporal features.
2026-04-27 09:44:28 [INFO] features.lag_features - Added 30 lag / rolling features.
2026-04-27 09:44:28 [INFO] features.temporal - Added 15 temporal features.
2026-04-27 09:44:28 [INFO] features.lag_features - Added 30 lag / rolling features.
2026-04-27 09:44:28 [INFO] features.temporal - Added 15 temporal features.
2026-04-27 09:44:28 [INFO] features.lag_features - Added 30 lag / rolling features.
2026-04-27 09:44:28 [INFO] features.temporal - Added 15 temporal features.
2026-04-27 09:44:28 [INFO] features.lag_features - Added 30 lag / rolling features.
2026-04-27 09:44:28 [INFO] features.temporal - Added 15 temporal features.
2026-04-27 09:44:28 [INFO] features.lag_features - Added 30 lag / rolling features.
2026-04-27 09:44:28 [INFO] features.temporal - Added 15 temporal features.
2026-04-27 09:44:28 [INFO] features.lag_features - Added 30 lag / rolling features.
2026-04-27 09:44:29 [INFO] features.temporal - Added 15 temporal features.
2026-04-27 09:44:29 [INFO] features.lag_features - Added 30 lag / rolling features.
2026-04-27 09:44:29 [INFO] features.temporal - Added 15 temporal features.
2026-04-27 09:44:29 [INFO] features.lag_features - Added 30 lag / rolling features.
2026-04-27 09:44:29 [INFO] features.temporal - Added 15 temporal features.
2026-04-27 09:44:29 [INFO] features.lag_features - Added 30 lag / rolling features.
2026-04-27 09:44:29 [INFO] features.temporal - Added 15 temporal features.
2026-04-27 09:44:29 [INFO] features.lag_features - Added 30 lag / rolling features.
2026-04-27 09:44:29 [INFO] features.temporal - Added 15 temporal features.
2026-04-27 09:44:29 [INFO] features.lag_features - Added 30 lag / rolling features.
2026-04-27 09:44:29 [INFO] features.temporal - Added 15 temporal features.
2026-04-27 09:44:29 [INFO] features.lag_features - Added 30 lag / rolling features.
2026-04-27 09:44:29 [INFO] features.temporal - Added 15 temporal features.
2026-04-27 09:44:29 [INFO] features.lag_features - Added 30 lag / rolling features.
2026-04-27 09:44:29 [INFO] features.temporal - Added 15 temporal features.
2026-04-27 09:44:29 [INFO] features.lag_features - Added 30 lag / rolling features.
2026-04-27 09:44:29 [INFO] features.temporal - Added 15 temporal features.
2026-04-27 09:44:29 [INFO] features.lag_features - Added 30 lag / rolling features.
2026-04-27 09:44:30 [INFO] features.temporal - Added 15 temporal features.
2026-04-27 09:44:30 [INFO] features.lag_features - Added 30 lag / rolling features.
2026-04-27 09:44:30 [INFO] features.temporal - Added 15 temporal features.
2026-04-27 09:44:30 [INFO] features.lag_features - Added 30 lag / rolling features.
2026-04-27 09:45:10 [INFO] pipeline.trainer - === FULL TRAINING PIPELINE ===
2026-04-27 09:45:10 [INFO] data.fetcher - Fetching ALL food price records ...
2026-04-27 09:45:16 [INFO] data.fetcher - Fetched 17,211 rows total.
2026-04-27 09:45:16 [INFO] pipeline.trainer - Step 1/7 -- Preprocessing ...
2026-04-27 09:45:16 [INFO] data.preprocessor - Preprocessing 17,211 rows ...
2026-04-27 09:45:16 [WARNING] data.preprocessor - Dropped 2 invalid rows (null/negative price).
2026-04-27 09:45:16 [INFO] data.preprocessor - Removed 35 duplicate rows.
2026-04-27 09:45:16 [INFO] data.preprocessor - Removed 17 outlier rows (>4.0σ).
2026-04-27 09:45:16 [INFO] data.preprocessor - Preprocessing complete -- 17,157 clean rows.
2026-04-27 09:45:16 [INFO] pipeline.trainer - Step 2/7 -- Feature engineering ...
2026-04-27 09:45:16 [INFO] features.temporal - Added 15 temporal features.
2026-04-27 09:45:16 [INFO] features.lag_features - Added 30 lag / rolling features.
2026-04-27 09:45:16 [INFO] features.categorical - Saved categorical mappings → D:\THESIS\model_trainer\artifacts\categorical_mappings.json
2026-04-27 09:45:16 [INFO] features.categorical - Encoded 4 categorical columns (115 unique values).
2026-04-27 09:45:16 [INFO] pipeline.trainer - Step 3/7 -- Splitting data ...
2026-04-27 09:45:16 [INFO] pipeline.trainer - Step 4/7 -- Training LightGBM ...
2026-04-27 09:45:16 [INFO] pipeline.trainer - LightGBM using 53 historical data features. No reasoning features included.
2026-04-27 09:45:28 [INFO] models.lightgbm_model - LightGBM validation -- RMSE: 3.6658  MAE: 2.0784  MAPE: 2.07%
2026-04-27 09:45:28 [INFO] models.lightgbm_model - Saved LightGBM model → D:\THESIS\model_trainer\artifacts\lightgbm_model.txt
2026-04-27 09:45:45 [INFO] models.lightgbm_model - Trained quantile models for confidence intervals.
2026-04-27 09:45:45 [INFO] pipeline.trainer - Step 5/7 -- Training LSTM ...
2026-04-27 09:45:45 [INFO] models.lstm_model - LSTM using 9 input features: ['price_lag_1d', 'price_lag_7d', 'price_rolling_mean_7d', 'price_rolling_mean_30d', 'price_pct_change_1d', 'month_sin', 'month_cos', 'dow_sin', 'dow_cos']
2026-04-27 09:45:45 [INFO] pipeline.trainer - LSTM sequences — train: 11614, val: 1208, features: 9
2026-04-27 09:45:52 [INFO] models.lstm_model - Epoch   1/200  train=0.107735  val=0.076777  lr=1.00e-03
2026-04-27 09:46:45 [INFO] models.lstm_model - Epoch  10/200  train=0.006312  val=0.002636  lr=1.00e-03
2026-04-27 09:47:45 [INFO] models.lstm_model - Epoch  20/200  train=0.004205  val=0.002490  lr=1.00e-03
2026-04-27 09:48:54 [INFO] models.lstm_model - Epoch  30/200  train=0.002713  val=0.004229  lr=5.00e-04
2026-04-27 09:49:55 [INFO] models.lstm_model - Epoch  40/200  train=0.001522  val=0.000667  lr=2.50e-04
2026-04-27 09:50:55 [INFO] models.lstm_model - Epoch  50/200  train=0.001303  val=0.000494  lr=2.50e-04
2026-04-27 09:51:50 [INFO] models.lstm_model - Epoch  60/200  train=0.001016  val=0.000690  lr=1.25e-04
2026-04-27 09:52:39 [INFO] models.lstm_model - Early stopping at epoch 69
2026-04-27 09:52:39 [INFO] models.lstm_model - LSTM validation — RMSE: 3.1883  MAE: 2.0136  MAPE: 2.21%
2026-04-27 09:52:39 [INFO] pipeline.trainer - Step 6/7 -- Training ensemble ...
2026-04-27 09:52:40 [INFO] pipeline.trainer - Ensemble training with 1208 aligned predictions.
2026-04-27 09:52:40 [INFO] models.ensemble - Meta-model trained -- LightGBM coef: 0.4048, LSTM coef: 0.6001, intercept: 0.0396
2026-04-27 09:52:40 [INFO] models.ensemble - Ensemble (stacking) -- RMSE: 2.1634  MAE: 1.2337  MAPE: 1.64%
2026-04-27 09:52:40 [INFO] models.ensemble - Saved ensemble meta-model -> D:\THESIS\model_trainer\artifacts\ensemble_meta_model.pkl
2026-04-27 09:52:40 [INFO] pipeline.trainer - Step 7/7 -- Saving model version ...
2026-04-27 09:52:40 [INFO] models.model_store - Pruned old version: v011_2026-04-26T18-52-06
2026-04-27 09:52:40 [INFO] models.model_store - Created model version v011_2026-04-27T01-52-40 (5 files)
2026-04-27 09:52:40 [INFO] pipeline.drift_detector - Saved reference distribution (17157 samples).
2026-04-27 09:52:40 [INFO] pipeline.trainer - === TRAINING COMPLETE ===
2026-04-27 09:52:40 [INFO] main - Training complete. Metrics: {'lgbm': {'rmse': 3.6657626968206807, 'mae': 2.078403459600733, 'mape': 2.0719209222838124}, 'lstm': {'rmse': 3.18826250366179, 'mae': 2.013568964525564, 'mape': 2.212319579968378}, 'ensemble': {'rmse': 2.1633524861113784, 'mae': 1.2337291837986726, 'mape': 1.6444725475348345}, 'timestamp': '2026-04-27T01:52:40.323347+00:00', 'data_rows': 17157, 'mode': 'full'}
2026-04-27 09:54:12 [INFO] main - Starting API server on 0.0.0.0:8000
2026-04-27 09:54:17 [INFO] api.main - FOODCAST API starting up ...
2026-04-27 09:54:26 [INFO] pipeline.trainer - === FULL TRAINING PIPELINE ===
2026-04-27 09:54:26 [INFO] data.fetcher - Fetching ALL food price records ...
2026-04-27 09:54:28 [INFO] data.preprocessor - Preprocessing 197 rows ...
2026-04-27 09:54:28 [INFO] data.preprocessor - Preprocessing complete -- 197 clean rows.
2026-04-27 09:54:28 [INFO] features.temporal - Added 15 temporal features.
2026-04-27 09:54:28 [INFO] features.lag_features - Added 30 lag / rolling features.
2026-04-27 09:54:28 [INFO] features.categorical - Loaded categorical mappings from D:\THESIS\model_trainer\artifacts\categorical_mappings.json
2026-04-27 09:54:28 [INFO] features.temporal - Added 15 temporal features.
2026-04-27 09:54:28 [INFO] features.lag_features - Added 30 lag / rolling features.
2026-04-27 09:54:28 [INFO] features.temporal - Added 15 temporal features.
2026-04-27 09:54:28 [INFO] features.lag_features - Added 30 lag / rolling features.
2026-04-27 09:54:28 [INFO] features.temporal - Added 15 temporal features.
2026-04-27 09:54:28 [INFO] features.lag_features - Added 30 lag / rolling features.
2026-04-27 09:54:28 [INFO] features.temporal - Added 15 temporal features.
2026-04-27 09:54:29 [INFO] features.lag_features - Added 30 lag / rolling features.
2026-04-27 09:54:29 [INFO] features.temporal - Added 15 temporal features.
2026-04-27 09:54:29 [INFO] features.lag_features - Added 30 lag / rolling features.
2026-04-27 09:54:29 [INFO] features.temporal - Added 15 temporal features.
2026-04-27 09:54:29 [INFO] features.lag_features - Added 30 lag / rolling features.
2026-04-27 09:54:29 [INFO] features.temporal - Added 15 temporal features.
2026-04-27 09:54:29 [INFO] features.lag_features - Added 30 lag / rolling features.
2026-04-27 09:54:29 [INFO] features.temporal - Added 15 temporal features.
2026-04-27 09:54:29 [INFO] features.lag_features - Added 30 lag / rolling features.
2026-04-27 09:54:29 [INFO] features.temporal - Added 15 temporal features.
2026-04-27 09:54:29 [INFO] features.lag_features - Added 30 lag / rolling features.
2026-04-27 09:54:29 [INFO] features.temporal - Added 15 temporal features.
2026-04-27 09:54:29 [INFO] features.lag_features - Added 30 lag / rolling features.
2026-04-27 09:54:29 [INFO] features.temporal - Added 15 temporal features.
2026-04-27 09:54:29 [INFO] features.lag_features - Added 30 lag / rolling features.
2026-04-27 09:54:29 [INFO] features.temporal - Added 15 temporal features.
2026-04-27 09:54:29 [INFO] features.lag_features - Added 30 lag / rolling features.
2026-04-27 09:54:30 [INFO] features.temporal - Added 15 temporal features.
2026-04-27 09:54:30 [INFO] features.lag_features - Added 30 lag / rolling features.
2026-04-27 09:54:30 [INFO] features.temporal - Added 15 temporal features.
2026-04-27 09:54:30 [INFO] features.lag_features - Added 30 lag / rolling features.
2026-04-27 09:54:30 [INFO] features.temporal - Added 15 temporal features.
2026-04-27 09:54:30 [INFO] features.lag_features - Added 30 lag / rolling features.
2026-04-27 09:54:30 [INFO] features.temporal - Added 15 temporal features.
2026-04-27 09:54:30 [INFO] features.lag_features - Added 30 lag / rolling features.
2026-04-27 09:54:30 [INFO] features.temporal - Added 15 temporal features.
2026-04-27 09:54:30 [INFO] features.lag_features - Added 30 lag / rolling features.
2026-04-27 09:54:30 [INFO] features.temporal - Added 15 temporal features.
2026-04-27 09:54:30 [INFO] features.lag_features - Added 30 lag / rolling features.
2026-04-27 09:54:30 [INFO] features.temporal - Added 15 temporal features.
2026-04-27 09:54:30 [INFO] features.lag_features - Added 30 lag / rolling features.
2026-04-27 09:54:30 [INFO] features.temporal - Added 15 temporal features.
2026-04-27 09:54:30 [INFO] features.lag_features - Added 30 lag / rolling features.
2026-04-27 09:54:30 [INFO] features.temporal - Added 15 temporal features.
2026-04-27 09:54:31 [INFO] features.lag_features - Added 30 lag / rolling features.
2026-04-27 09:54:31 [INFO] features.temporal - Added 15 temporal features.
2026-04-27 09:54:31 [INFO] features.lag_features - Added 30 lag / rolling features.
2026-04-27 09:54:31 [INFO] features.temporal - Added 15 temporal features.
2026-04-27 09:54:31 [INFO] features.lag_features - Added 30 lag / rolling features.
2026-04-27 09:54:31 [INFO] features.temporal - Added 15 temporal features.
2026-04-27 09:54:31 [INFO] features.lag_features - Added 30 lag / rolling features.
2026-04-27 09:54:31 [INFO] features.temporal - Added 15 temporal features.
2026-04-27 09:54:31 [INFO] features.lag_features - Added 30 lag / rolling features.
2026-04-27 09:54:31 [INFO] features.temporal - Added 15 temporal features.
2026-04-27 09:54:31 [INFO] features.lag_features - Added 30 lag / rolling features.
2026-04-27 09:54:31 [INFO] features.temporal - Added 15 temporal features.
2026-04-27 09:54:31 [INFO] features.lag_features - Added 30 lag / rolling features.
2026-04-27 09:54:31 [INFO] features.temporal - Added 15 temporal features.
2026-04-27 09:54:31 [INFO] features.lag_features - Added 30 lag / rolling features.
2026-04-27 09:54:31 [INFO] features.temporal - Added 15 temporal features.
2026-04-27 09:54:31 [INFO] features.lag_features - Added 30 lag / rolling features.
2026-04-27 09:54:32 [INFO] features.temporal - Added 15 temporal features.
2026-04-27 09:54:32 [INFO] features.lag_features - Added 30 lag / rolling features.
2026-04-27 09:54:35 [INFO] data.fetcher - Fetched 17,211 rows total.
2026-04-27 09:54:35 [INFO] pipeline.trainer - Step 1/7 -- Preprocessing ...
2026-04-27 09:54:35 [INFO] data.preprocessor - Preprocessing 17,211 rows ...
2026-04-27 09:54:35 [WARNING] data.preprocessor - Dropped 2 invalid rows (null/negative price).
2026-04-27 09:54:35 [INFO] data.preprocessor - Removed 35 duplicate rows.
2026-04-27 09:54:35 [INFO] data.preprocessor - Removed 17 outlier rows (>4.0σ).
2026-04-27 09:54:35 [INFO] data.preprocessor - Preprocessing complete -- 17,157 clean rows.
2026-04-27 09:54:35 [INFO] pipeline.trainer - Step 2/7 -- Feature engineering ...
2026-04-27 09:54:35 [INFO] features.temporal - Added 15 temporal features.
2026-04-27 09:54:36 [INFO] features.lag_features - Added 30 lag / rolling features.
2026-04-27 09:54:36 [INFO] features.categorical - Saved categorical mappings → D:\THESIS\model_trainer\artifacts\categorical_mappings.json
2026-04-27 09:54:36 [INFO] features.categorical - Encoded 4 categorical columns (115 unique values).
2026-04-27 09:54:36 [INFO] pipeline.trainer - Step 3/7 -- Splitting data ...
2026-04-27 09:54:36 [INFO] pipeline.trainer - Step 4/7 -- Training LightGBM ...
2026-04-27 09:54:36 [INFO] pipeline.trainer - LightGBM using 53 historical data features. No reasoning features included.
2026-04-27 09:54:44 [INFO] models.lightgbm_model - LightGBM validation -- RMSE: 3.6658  MAE: 2.0784  MAPE: 2.07%
2026-04-27 09:54:44 [INFO] models.lightgbm_model - Saved LightGBM model → D:\THESIS\model_trainer\artifacts\lightgbm_model.txt
2026-04-27 09:54:51 [INFO] data.preprocessor - Preprocessing 197 rows ...
2026-04-27 09:54:51 [INFO] data.preprocessor - Preprocessing complete -- 197 clean rows.
2026-04-27 09:54:51 [INFO] features.temporal - Added 15 temporal features.
2026-04-27 09:54:51 [INFO] features.lag_features - Added 30 lag / rolling features.
2026-04-27 09:54:51 [INFO] features.categorical - Loaded categorical mappings from D:\THESIS\model_trainer\artifacts\categorical_mappings.json
2026-04-27 09:54:51 [INFO] features.temporal - Added 15 temporal features.
2026-04-27 09:54:51 [INFO] features.lag_features - Added 30 lag / rolling features.
2026-04-27 09:54:51 [INFO] features.temporal - Added 15 temporal features.
2026-04-27 09:54:51 [INFO] features.lag_features - Added 30 lag / rolling features.
2026-04-27 09:54:51 [INFO] features.temporal - Added 15 temporal features.
2026-04-27 09:54:51 [INFO] features.lag_features - Added 30 lag / rolling features.
2026-04-27 09:54:52 [INFO] features.temporal - Added 15 temporal features.
2026-04-27 09:54:52 [INFO] features.lag_features - Added 30 lag / rolling features.
2026-04-27 09:54:52 [INFO] features.temporal - Added 15 temporal features.
2026-04-27 09:54:52 [INFO] features.lag_features - Added 30 lag / rolling features.
2026-04-27 09:54:52 [INFO] features.temporal - Added 15 temporal features.
2026-04-27 09:54:52 [INFO] features.lag_features - Added 30 lag / rolling features.
2026-04-27 09:54:52 [INFO] features.temporal - Added 15 temporal features.
2026-04-27 09:54:52 [INFO] features.lag_features - Added 30 lag / rolling features.
2026-04-27 09:54:52 [INFO] features.temporal - Added 15 temporal features.
2026-04-27 09:54:52 [INFO] features.lag_features - Added 30 lag / rolling features.
2026-04-27 09:54:52 [INFO] features.temporal - Added 15 temporal features.
2026-04-27 09:54:52 [INFO] features.lag_features - Added 30 lag / rolling features.
2026-04-27 09:54:52 [INFO] features.temporal - Added 15 temporal features.
2026-04-27 09:54:52 [INFO] features.lag_features - Added 30 lag / rolling features.
2026-04-27 09:54:53 [INFO] features.temporal - Added 15 temporal features.
2026-04-27 09:54:53 [INFO] features.lag_features - Added 30 lag / rolling features.
2026-04-27 09:54:53 [INFO] features.temporal - Added 15 temporal features.
2026-04-27 09:54:53 [INFO] features.lag_features - Added 30 lag / rolling features.
2026-04-27 09:54:53 [INFO] features.temporal - Added 15 temporal features.
2026-04-27 09:54:53 [INFO] features.lag_features - Added 30 lag / rolling features.
2026-04-27 09:54:53 [INFO] features.temporal - Added 15 temporal features.
2026-04-27 09:54:53 [INFO] features.lag_features - Added 30 lag / rolling features.
2026-04-27 09:54:53 [INFO] features.temporal - Added 15 temporal features.
2026-04-27 09:54:53 [INFO] features.lag_features - Added 30 lag / rolling features.
2026-04-27 09:54:53 [INFO] features.temporal - Added 15 temporal features.
2026-04-27 09:54:54 [INFO] features.lag_features - Added 30 lag / rolling features.
2026-04-27 09:54:54 [INFO] features.temporal - Added 15 temporal features.
2026-04-27 09:54:54 [INFO] features.lag_features - Added 30 lag / rolling features.
2026-04-27 09:54:54 [INFO] features.temporal - Added 15 temporal features.
2026-04-27 09:54:54 [INFO] features.lag_features - Added 30 lag / rolling features.
2026-04-27 09:54:54 [INFO] features.temporal - Added 15 temporal features.
2026-04-27 09:54:54 [INFO] features.lag_features - Added 30 lag / rolling features.
2026-04-27 09:54:54 [INFO] features.temporal - Added 15 temporal features.
2026-04-27 09:54:54 [INFO] features.lag_features - Added 30 lag / rolling features.
2026-04-27 09:54:54 [INFO] features.temporal - Added 15 temporal features.
2026-04-27 09:54:54 [INFO] features.lag_features - Added 30 lag / rolling features.
2026-04-27 09:54:54 [INFO] features.temporal - Added 15 temporal features.
2026-04-27 09:54:54 [INFO] features.lag_features - Added 30 lag / rolling features.
2026-04-27 09:54:54 [INFO] features.temporal - Added 15 temporal features.
2026-04-27 09:54:55 [INFO] features.lag_features - Added 30 lag / rolling features.
2026-04-27 09:54:55 [INFO] features.temporal - Added 15 temporal features.
2026-04-27 09:54:55 [INFO] features.lag_features - Added 30 lag / rolling features.
2026-04-27 09:54:55 [INFO] features.temporal - Added 15 temporal features.
2026-04-27 09:54:55 [INFO] features.lag_features - Added 30 lag / rolling features.
2026-04-27 09:54:55 [INFO] features.temporal - Added 15 temporal features.
2026-04-27 09:54:55 [INFO] features.lag_features - Added 30 lag / rolling features.
2026-04-27 09:54:55 [INFO] features.temporal - Added 15 temporal features.
2026-04-27 09:54:55 [INFO] features.lag_features - Added 30 lag / rolling features.
2026-04-27 09:54:55 [INFO] features.temporal - Added 15 temporal features.
2026-04-27 09:54:55 [INFO] features.lag_features - Added 30 lag / rolling features.
2026-04-27 09:54:55 [INFO] features.temporal - Added 15 temporal features.
2026-04-27 09:54:55 [INFO] features.lag_features - Added 30 lag / rolling features.
2026-04-27 09:54:56 [INFO] features.temporal - Added 15 temporal features.
2026-04-27 09:54:56 [INFO] features.lag_features - Added 30 lag / rolling features.
2026-04-27 09:55:02 [INFO] models.lightgbm_model - Trained quantile models for confidence intervals.
2026-04-27 09:55:02 [INFO] pipeline.trainer - Step 5/7 -- Training LSTM ...
2026-04-27 09:55:02 [INFO] models.lstm_model - LSTM using 9 input features: ['price_lag_1d', 'price_lag_7d', 'price_rolling_mean_7d', 'price_rolling_mean_30d', 'price_pct_change_1d', 'month_sin', 'month_cos', 'dow_sin', 'dow_cos']
2026-04-27 09:55:02 [INFO] pipeline.trainer - LSTM sequences — train: 11614, val: 1208, features: 9
2026-04-27 09:55:08 [INFO] models.lstm_model - Epoch   1/200  train=0.110265  val=0.081801  lr=1.00e-03
2026-04-27 09:55:57 [INFO] models.lstm_model - Epoch  10/200  train=0.006506  val=0.009794  lr=1.00e-03
2026-04-27 09:56:49 [INFO] models.lstm_model - Epoch  20/200  train=0.003926  val=0.000875  lr=1.00e-03
2026-04-27 09:57:45 [INFO] models.lstm_model - Epoch  30/200  train=0.003461  val=0.001860  lr=1.00e-03
2026-04-27 09:58:39 [INFO] models.lstm_model - Epoch  40/200  train=0.001875  val=0.001645  lr=5.00e-04
2026-04-27 09:59:36 [INFO] models.lstm_model - Epoch  50/200  train=0.001594  val=0.000715  lr=2.50e-04
2026-04-27 10:00:38 [INFO] models.lstm_model - Epoch  60/200  train=0.001082  val=0.000650  lr=1.25e-04
2026-04-27 10:01:35 [INFO] models.lstm_model - Epoch  70/200  train=0.001074  val=0.000764  lr=1.25e-04
2026-04-27 10:02:31 [INFO] models.lstm_model - Epoch  80/200  train=0.000930  val=0.000633  lr=6.25e-05
2026-04-27 10:03:26 [INFO] models.lstm_model - Epoch  90/200  train=0.000866  val=0.000924  lr=3.13e-05
2026-04-27 10:03:42 [INFO] models.lstm_model - Early stopping at epoch 93
2026-04-27 10:03:43 [INFO] models.lstm_model - LSTM validation — RMSE: 2.8718  MAE: 1.4978  MAPE: 1.85%
2026-04-27 10:03:43 [INFO] pipeline.trainer - Step 6/7 -- Training ensemble ...
2026-04-27 10:03:43 [INFO] pipeline.trainer - Ensemble training with 1208 aligned predictions.
2026-04-27 10:03:43 [INFO] models.ensemble - Meta-model trained -- LightGBM coef: 0.3252, LSTM coef: 0.6826, intercept: -0.5516
2026-04-27 10:03:43 [INFO] models.ensemble - Ensemble (stacking) -- RMSE: 2.3337  MAE: 1.2730  MAPE: 2.41%
2026-04-27 10:03:43 [INFO] models.ensemble - Saved ensemble meta-model -> D:\THESIS\model_trainer\artifacts\ensemble_meta_model.pkl
2026-04-27 10:03:43 [INFO] pipeline.trainer - Step 7/7 -- Saving model version ...
2026-04-27 10:03:43 [INFO] models.model_store - Pruned old version: v011_2026-04-26T19-00-09
2026-04-27 10:03:43 [INFO] models.model_store - Created model version v011_2026-04-27T02-03-43 (5 files)
2026-04-27 10:03:43 [INFO] pipeline.drift_detector - Saved reference distribution (17157 samples).
2026-04-27 10:03:43 [INFO] pipeline.trainer - === TRAINING COMPLETE ===
2026-04-27 10:03:43 [INFO] main - Training complete. Metrics: {'lgbm': {'rmse': 3.6657626968206807, 'mae': 2.078403459600733, 'mape': 2.0719209222838124}, 'lstm': {'rmse': 2.8718337101924187, 'mae': 1.497777071883347, 'mape': 1.8510400285470938}, 'ensemble': {'rmse': 2.3336828624392183, 'mae': 1.2729662737512002, 'mape': 2.4090884772115735}, 'timestamp': '2026-04-27T02:03:43.320441+00:00', 'data_rows': 17157, 'mode': 'full'}
2026-04-27 10:06:08 [INFO] data.preprocessor - Preprocessing 197 rows ...
2026-04-27 10:06:08 [INFO] data.preprocessor - Preprocessing complete -- 197 clean rows.
2026-04-27 10:06:08 [INFO] features.temporal - Added 15 temporal features.
2026-04-27 10:06:08 [INFO] features.lag_features - Added 30 lag / rolling features.
2026-04-27 10:06:08 [INFO] features.categorical - Loaded categorical mappings from D:\THESIS\model_trainer\artifacts\categorical_mappings.json
2026-04-27 10:06:08 [INFO] features.temporal - Added 15 temporal features.
2026-04-27 10:06:08 [INFO] features.lag_features - Added 30 lag / rolling features.
2026-04-27 10:06:21 [INFO] data.preprocessor - Preprocessing 197 rows ...
2026-04-27 10:06:21 [INFO] data.preprocessor - Preprocessing complete -- 197 clean rows.
2026-04-27 10:06:21 [INFO] features.temporal - Added 15 temporal features.
2026-04-27 10:06:21 [INFO] features.lag_features - Added 30 lag / rolling features.
2026-04-27 10:06:21 [INFO] features.categorical - Loaded categorical mappings from D:\THESIS\model_trainer\artifacts\categorical_mappings.json
2026-04-27 10:06:21 [INFO] features.temporal - Added 15 temporal features.
2026-04-27 10:06:21 [INFO] features.lag_features - Added 30 lag / rolling features.
2026-04-27 10:06:21 [INFO] features.temporal - Added 15 temporal features.
2026-04-27 10:06:21 [INFO] features.lag_features - Added 30 lag / rolling features.
2026-04-27 10:06:21 [INFO] features.temporal - Added 15 temporal features.
2026-04-27 10:06:21 [INFO] features.lag_features - Added 30 lag / rolling features.
2026-04-27 10:06:21 [INFO] features.temporal - Added 15 temporal features.
2026-04-27 10:06:21 [INFO] features.lag_features - Added 30 lag / rolling features.
2026-04-27 10:06:21 [INFO] features.temporal - Added 15 temporal features.
2026-04-27 10:06:21 [INFO] features.lag_features - Added 30 lag / rolling features.
2026-04-27 10:06:21 [INFO] features.temporal - Added 15 temporal features.
2026-04-27 10:06:21 [INFO] features.lag_features - Added 30 lag / rolling features.
2026-04-27 10:06:21 [INFO] features.temporal - Added 15 temporal features.
2026-04-27 10:06:21 [INFO] features.lag_features - Added 30 lag / rolling features.
2026-04-27 10:06:44 [INFO] data.preprocessor - Preprocessing 197 rows ...
2026-04-27 10:06:44 [INFO] data.preprocessor - Preprocessing complete -- 197 clean rows.
2026-04-27 10:06:44 [INFO] features.temporal - Added 15 temporal features.
2026-04-27 10:06:44 [INFO] features.lag_features - Added 30 lag / rolling features.
2026-04-27 10:06:44 [INFO] features.categorical - Loaded categorical mappings from D:\THESIS\model_trainer\artifacts\categorical_mappings.json
2026-04-27 10:06:44 [INFO] features.temporal - Added 15 temporal features.
2026-04-27 10:06:44 [INFO] features.lag_features - Added 30 lag / rolling features.
2026-04-27 10:06:54 [INFO] data.preprocessor - Preprocessing 197 rows ...
2026-04-27 10:06:54 [INFO] data.preprocessor - Preprocessing complete -- 197 clean rows.
2026-04-27 10:06:54 [INFO] features.temporal - Added 15 temporal features.
2026-04-27 10:06:54 [INFO] features.lag_features - Added 30 lag / rolling features.
2026-04-27 10:06:54 [INFO] features.categorical - Loaded categorical mappings from D:\THESIS\model_trainer\artifacts\categorical_mappings.json
2026-04-27 10:06:54 [INFO] features.temporal - Added 15 temporal features.
2026-04-27 10:06:54 [INFO] features.lag_features - Added 30 lag / rolling features.
2026-04-27 10:06:54 [INFO] features.temporal - Added 15 temporal features.
2026-04-27 10:06:54 [INFO] features.lag_features - Added 30 lag / rolling features.
2026-04-27 10:06:54 [INFO] features.temporal - Added 15 temporal features.
2026-04-27 10:06:54 [INFO] features.lag_features - Added 30 lag / rolling features.
2026-04-27 10:06:54 [INFO] features.temporal - Added 15 temporal features.
2026-04-27 10:06:54 [INFO] features.lag_features - Added 30 lag / rolling features.
2026-04-27 10:06:54 [INFO] features.temporal - Added 15 temporal features.
2026-04-27 10:06:54 [INFO] features.lag_features - Added 30 lag / rolling features.
2026-04-27 10:06:54 [INFO] features.temporal - Added 15 temporal features.
2026-04-27 10:06:54 [INFO] features.lag_features - Added 30 lag / rolling features.
2026-04-27 10:06:55 [INFO] features.temporal - Added 15 temporal features.
2026-04-27 10:06:55 [INFO] features.lag_features - Added 30 lag / rolling features.
2026-04-27 10:22:22 [INFO] pipeline.trainer - === FULL TRAINING PIPELINE ===
2026-04-27 10:22:22 [INFO] data.fetcher - Fetching ALL food price records ...
2026-04-27 10:22:29 [INFO] data.fetcher - Fetched 17,211 rows total.
2026-04-27 10:22:29 [INFO] pipeline.trainer - Step 1/7 -- Preprocessing ...
2026-04-27 10:22:29 [INFO] data.preprocessor - Preprocessing 17,211 rows ...
2026-04-27 10:22:29 [WARNING] data.preprocessor - Dropped 2 invalid rows (null/negative price).
2026-04-27 10:22:29 [INFO] data.preprocessor - Removed 35 duplicate rows.
2026-04-27 10:22:29 [INFO] data.preprocessor - Removed 17 outlier rows (>4.0σ).
2026-04-27 10:22:29 [INFO] data.preprocessor - Preprocessing complete -- 17,157 clean rows.
2026-04-27 10:22:29 [INFO] pipeline.trainer - Step 2/7 -- Feature engineering ...
2026-04-27 10:22:29 [INFO] features.temporal - Added 15 temporal features.
2026-04-27 10:22:29 [INFO] features.lag_features - Added 30 lag / rolling features.
2026-04-27 10:22:29 [INFO] features.categorical - Saved categorical mappings → D:\THESIS\model_trainer\artifacts\categorical_mappings.json
2026-04-27 10:22:29 [INFO] features.categorical - Encoded 4 categorical columns (115 unique values).
2026-04-27 10:22:29 [INFO] pipeline.trainer - Step 3/7 -- Splitting data ...
2026-04-27 10:22:29 [INFO] pipeline.trainer - Step 4/7 -- Training LightGBM ...
2026-04-27 10:22:29 [INFO] pipeline.trainer - LightGBM using 53 historical data features. No reasoning features included.
2026-04-27 10:22:45 [INFO] models.lightgbm_model - LightGBM validation -- RMSE: 3.6658  MAE: 2.0784  MAPE: 2.07%
2026-04-27 10:22:45 [INFO] models.lightgbm_model - Saved LightGBM model → D:\THESIS\model_trainer\artifacts\lightgbm_model.txt
2026-04-27 10:23:04 [INFO] models.lightgbm_model - Trained quantile models for confidence intervals.
2026-04-27 10:23:04 [INFO] pipeline.trainer - Step 5/7 -- Training LSTM ...
2026-04-27 10:23:04 [INFO] models.lstm_model - LSTM using 9 input features: ['price_lag_1d', 'price_lag_7d', 'price_rolling_mean_7d', 'price_rolling_mean_30d', 'price_pct_change_1d', 'month_sin', 'month_cos', 'dow_sin', 'dow_cos']
2026-04-27 10:23:04 [INFO] pipeline.trainer - LSTM sequences — train: 10144, val: 768, features: 9
2026-04-27 10:23:12 [INFO] models.lstm_model - Epoch   1/200  train=0.418429  val=0.323529  lr=1.00e-03
2026-04-27 10:24:05 [INFO] models.lstm_model - Epoch  10/200  train=0.272913  val=0.207125  lr=1.00e-03
2026-04-27 10:25:03 [INFO] models.lstm_model - Epoch  20/200  train=2.401980  val=0.166845  lr=1.00e-03
2026-04-27 10:26:01 [INFO] models.lstm_model - Epoch  30/200  train=1.022823  val=0.166884  lr=5.00e-04
2026-04-27 10:27:01 [INFO] models.lstm_model - Epoch  40/200  train=1.148685  val=0.166944  lr=2.50e-04
2026-04-27 10:27:24 [INFO] models.lstm_model - Early stopping at epoch 44
2026-04-27 10:27:24 [INFO] models.lstm_model - LSTM validation (pct change) — RMSE: 1.2548  MAE: 0.3755  MAPE: 144.53%
2026-04-27 10:27:24 [INFO] pipeline.trainer - Step 6/7 -- Training ensemble ...
2026-04-27 10:27:24 [INFO] pipeline.trainer - Ensemble training with 768 aligned predictions.
2026-04-27 10:27:24 [INFO] models.ensemble - Meta-model trained -- LightGBM coef: 1.0070, LSTM coef: 0.0004, intercept: -0.4088
2026-04-27 10:27:24 [INFO] models.ensemble - Ensemble (stacking) -- RMSE: 3.1935  MAE: 1.7058  MAPE: 2.95%
2026-04-27 10:27:24 [INFO] models.ensemble - Saved ensemble meta-model -> D:\THESIS\model_trainer\artifacts\ensemble_meta_model.pkl
2026-04-27 10:27:24 [INFO] pipeline.trainer - Step 7/7 -- Saving model version ...
2026-04-27 10:27:25 [INFO] models.model_store - Pruned old version: v011_2026-04-26T19-07-19
2026-04-27 10:27:25 [INFO] models.model_store - Created model version v011_2026-04-27T02-27-24 (5 files)
2026-04-27 10:27:25 [INFO] pipeline.drift_detector - Saved reference distribution (17157 samples).
2026-04-27 10:27:25 [INFO] pipeline.trainer - === TRAINING COMPLETE ===
2026-04-27 10:27:25 [INFO] main - Training complete. Metrics: {'lgbm': {'rmse': 3.6657626968206807, 'mae': 2.078403459600733, 'mape': 2.0719209222838124}, 'lstm': {'rmse': 1.254811174821638, 'mae': 0.37546271250873836, 'mape': 144.5268469871786}, 'ensemble': {'rmse': 3.193518219371785, 'mae': 1.7058426670458438, 'mape': 2.9476522285886304}, 'timestamp': '2026-04-27T02:27:24.994607+00:00', 'data_rows': 17157, 'mode': 'full'}
2026-04-27 10:28:31 [INFO] main - Starting API server on 0.0.0.0:8000
2026-04-27 10:28:35 [INFO] api.main - FOODCAST API starting up ...
2026-04-27 10:28:43 [INFO] models.registry - Loading models into registry ...
2026-04-27 10:28:44 [INFO] models.lightgbm_model - Loaded LightGBM model ← D:\THESIS\model_trainer\artifacts\lightgbm_model.txt
2026-04-27 10:28:44 [INFO] models.lstm_model - Loaded LSTM model ← D:\THESIS\model_trainer\artifacts\lstm_model.pt (9 features)
2026-04-27 10:28:44 [INFO] models.ensemble - Loaded ensemble meta-model <- D:\THESIS\model_trainer\artifacts\ensemble_meta_model.pkl
2026-04-27 10:28:44 [INFO] models.registry - Model registry loaded successfully.
2026-04-27 10:28:45 [INFO] data.preprocessor - Preprocessing 197 rows ...
2026-04-27 10:28:45 [INFO] data.preprocessor - Preprocessing complete -- 197 clean rows.
2026-04-27 10:28:45 [INFO] features.temporal - Added 15 temporal features.
2026-04-27 10:28:45 [INFO] features.lag_features - Added 30 lag / rolling features.
2026-04-27 10:28:45 [INFO] features.categorical - Loaded categorical mappings from D:\THESIS\model_trainer\artifacts\categorical_mappings.json
2026-04-27 10:28:45 [WARNING] api.routes.predictions - Flatline detected (tail std: 0.0500)
2026-04-27 10:29:04 [INFO] data.preprocessor - Preprocessing 197 rows ...
2026-04-27 10:29:04 [INFO] data.preprocessor - Preprocessing complete -- 197 clean rows.
2026-04-27 10:29:04 [INFO] features.temporal - Added 15 temporal features.
2026-04-27 10:29:04 [INFO] features.lag_features - Added 30 lag / rolling features.
2026-04-27 10:29:04 [INFO] features.categorical - Loaded categorical mappings from D:\THESIS\model_trainer\artifacts\categorical_mappings.json
2026-04-27 10:29:39 [INFO] pipeline.trainer - === FULL TRAINING PIPELINE ===
2026-04-27 10:29:39 [INFO] data.fetcher - Fetching ALL food price records ...
2026-04-27 10:29:48 [INFO] data.fetcher - Fetched 17,211 rows total.
2026-04-27 10:29:48 [INFO] pipeline.trainer - Step 1/7 -- Preprocessing ...
2026-04-27 10:29:48 [INFO] data.preprocessor - Preprocessing 17,211 rows ...
2026-04-27 10:29:48 [WARNING] data.preprocessor - Dropped 2 invalid rows (null/negative price).
2026-04-27 10:29:48 [INFO] data.preprocessor - Removed 35 duplicate rows.
2026-04-27 10:29:48 [INFO] data.preprocessor - Removed 17 outlier rows (>4.0σ).
2026-04-27 10:29:48 [INFO] data.preprocessor - Preprocessing complete -- 17,157 clean rows.
2026-04-27 10:29:48 [INFO] pipeline.trainer - Step 2/7 -- Feature engineering ...
2026-04-27 10:29:48 [INFO] features.temporal - Added 15 temporal features.
2026-04-27 10:29:48 [INFO] features.lag_features - Added 30 lag / rolling features.
2026-04-27 10:29:48 [INFO] features.categorical - Saved categorical mappings → D:\THESIS\model_trainer\artifacts\categorical_mappings.json
2026-04-27 10:29:48 [INFO] features.categorical - Encoded 4 categorical columns (115 unique values).
2026-04-27 10:29:48 [INFO] pipeline.trainer - Step 3/7 -- Splitting data ...
2026-04-27 10:29:48 [INFO] pipeline.trainer - Step 4/7 -- Training LightGBM ...
2026-04-27 10:29:48 [INFO] pipeline.trainer - LightGBM using 53 historical data features. No reasoning features included.
2026-04-27 10:29:56 [INFO] models.lightgbm_model - LightGBM validation -- RMSE: 3.6658  MAE: 2.0784  MAPE: 2.07%
2026-04-27 10:29:56 [INFO] models.lightgbm_model - Saved LightGBM model → D:\THESIS\model_trainer\artifacts\lightgbm_model.txt
2026-04-27 10:30:15 [INFO] models.lightgbm_model - Trained quantile models for confidence intervals.
2026-04-27 10:30:15 [INFO] pipeline.trainer - Step 5/7 -- Training LSTM ...
2026-04-27 10:30:15 [INFO] models.lstm_model - LSTM using 9 input features: ['price_lag_1d', 'price_lag_7d', 'price_rolling_mean_7d', 'price_rolling_mean_30d', 'price_pct_change_1d', 'month_sin', 'month_cos', 'dow_sin', 'dow_cos']
2026-04-27 10:30:15 [INFO] pipeline.trainer - LSTM sequences — train: 10144, val: 768, features: 9
2026-04-27 10:30:22 [INFO] models.lstm_model - Epoch   1/200  train=0.405419  val=0.331822  lr=1.00e-03
2026-04-27 10:31:09 [INFO] models.lstm_model - Epoch  10/200  train=1.170536  val=0.166689  lr=1.00e-03
2026-04-27 10:32:00 [INFO] models.lstm_model - Epoch  20/200  train=1.990884  val=0.166363  lr=1.00e-03
2026-04-27 10:32:52 [INFO] models.lstm_model - Epoch  30/200  train=1.980852  val=0.166344  lr=1.00e-03
2026-04-27 10:33:44 [INFO] models.lstm_model - Epoch  40/200  train=1.434414  val=0.166987  lr=5.00e-04
2026-04-27 10:34:36 [INFO] models.lstm_model - Epoch  50/200  train=0.264841  val=0.166642  lr=2.50e-04
2026-04-27 10:34:41 [INFO] models.lstm_model - Early stopping at epoch 51
2026-04-27 10:34:41 [INFO] models.lstm_model - LSTM validation (pct change) — RMSE: 1.2522  MAE: 0.3789  MAPE: 195.35%
2026-04-27 10:34:41 [INFO] pipeline.trainer - Step 6/7 -- Training ensemble ...
2026-04-27 10:34:42 [INFO] pipeline.trainer - Ensemble training with 768 aligned predictions.
2026-04-27 10:34:42 [INFO] models.ensemble - Meta-model trained -- LightGBM coef: 1.0070, LSTM coef: 0.0016, intercept: -0.4088
2026-04-27 10:34:42 [INFO] models.ensemble - Ensemble (stacking) -- RMSE: 3.1935  MAE: 1.7058  MAPE: 2.95%
2026-04-27 10:34:42 [INFO] models.ensemble - Saved ensemble meta-model -> D:\THESIS\model_trainer\artifacts\ensemble_meta_model.pkl
2026-04-27 10:34:42 [INFO] pipeline.trainer - Step 7/7 -- Saving model version ...
2026-04-27 10:34:42 [INFO] models.model_store - Pruned old version: v011_2026-04-26T19-24-37
2026-04-27 10:34:42 [INFO] models.model_store - Created model version v011_2026-04-27T02-34-42 (5 files)
2026-04-27 10:34:42 [INFO] pipeline.drift_detector - Saved reference distribution (17157 samples).
2026-04-27 10:34:42 [INFO] pipeline.trainer - === TRAINING COMPLETE ===
2026-04-27 10:34:42 [INFO] main - Training complete. Metrics: {'lgbm': {'rmse': 3.6657626968206807, 'mae': 2.078403459600733, 'mape': 2.0719209222838124}, 'lstm': {'rmse': 1.2522065411875554, 'mae': 0.37885105874926445, 'mape': 195.34583119306882}, 'ensemble': {'rmse': 3.1935182184380326, 'mae': 1.7058426654155714, 'mape': 2.9476522246834254}, 'timestamp': '2026-04-27T02:34:42.181219+00:00', 'data_rows': 17157, 'mode': 'full'}
2026-04-27 10:42:35 [INFO] pipeline.trainer - === FULL TRAINING PIPELINE ===
2026-04-27 10:42:35 [INFO] data.fetcher - Fetching ALL food price records ...
2026-04-27 10:42:53 [INFO] data.fetcher - Fetched 17,211 rows total.
2026-04-27 10:42:53 [INFO] pipeline.trainer - Step 1/7 -- Preprocessing ...
2026-04-27 10:42:53 [INFO] data.preprocessor - Preprocessing 17,211 rows ...
2026-04-27 10:42:53 [WARNING] data.preprocessor - Dropped 2 invalid rows (null/negative price).
2026-04-27 10:42:53 [INFO] data.preprocessor - Removed 35 duplicate rows.
2026-04-27 10:42:53 [INFO] data.preprocessor - Removed 17 outlier rows (>4.0σ).
2026-04-27 10:42:53 [INFO] data.preprocessor - Preprocessing complete -- 17,157 clean rows.
2026-04-27 10:42:53 [INFO] pipeline.trainer - Step 2/7 -- Feature engineering ...
2026-04-27 10:42:53 [INFO] features.temporal - Added 15 temporal features.
2026-04-27 10:42:53 [INFO] features.lag_features - Added 30 lag / rolling features.
2026-04-27 10:42:53 [INFO] features.categorical - Saved categorical mappings → D:\THESIS\model_trainer\artifacts\categorical_mappings.json
2026-04-27 10:42:53 [INFO] features.categorical - Encoded 4 categorical columns (115 unique values).
2026-04-27 10:42:53 [INFO] pipeline.trainer - Step 3/7 -- Splitting data ...
2026-04-27 10:42:54 [INFO] pipeline.trainer - Step 4/7 -- Training LightGBM ...
2026-04-27 10:42:54 [INFO] pipeline.trainer - LightGBM using 53 historical data features. No reasoning features included.
2026-04-27 10:43:08 [INFO] models.lightgbm_model - LightGBM validation -- RMSE: 3.6658  MAE: 2.0784  MAPE: 2.07%
2026-04-27 10:43:08 [INFO] models.lightgbm_model - Saved LightGBM model → D:\THESIS\model_trainer\artifacts\lightgbm_model.txt
2026-04-27 10:43:37 [INFO] models.lightgbm_model - Trained quantile models for confidence intervals.
2026-04-27 10:43:37 [INFO] pipeline.trainer - Step 5/7 -- Training LSTM ...
2026-04-27 10:43:37 [INFO] models.lstm_model - LSTM using 9 input features: ['price_lag_1d', 'price_lag_7d', 'price_rolling_mean_7d', 'price_rolling_mean_30d', 'price_pct_change_1d', 'month_sin', 'month_cos', 'dow_sin', 'dow_cos']
2026-04-27 10:43:37 [INFO] pipeline.trainer - LSTM sequences — train: 10193, val: 783, features: 9
2026-04-27 10:43:45 [INFO] models.lstm_model - Epoch   1/200  train=0.424129  val=0.319714  lr=1.00e-03
2026-04-27 10:44:38 [INFO] models.lstm_model - Epoch  10/200  train=0.904634  val=0.165477  lr=1.00e-03
2026-04-27 10:45:39 [INFO] models.lstm_model - Epoch  20/200  train=0.993596  val=0.165349  lr=5.00e-04
2026-04-27 10:46:40 [INFO] models.lstm_model - Epoch  30/200  train=0.628008  val=0.165958  lr=2.50e-04
2026-04-27 10:46:52 [INFO] models.lstm_model - Early stopping at epoch 32
2026-04-27 10:46:52 [INFO] models.lstm_model - LSTM validation — RMSE: 52.3537  MAE: 24.3126  MAPE: 36.60%
2026-04-27 10:46:52 [INFO] pipeline.trainer - Step 6/7 -- Training ensemble ...
2026-04-27 10:46:52 [INFO] pipeline.trainer - Ensemble training with 783 aligned predictions.
2026-04-27 10:46:52 [INFO] models.ensemble - Meta-model trained -- LightGBM coef: 1.0186, LSTM coef: -0.0133, intercept: -0.2525
2026-04-27 10:46:52 [INFO] models.ensemble - Ensemble (stacking) -- RMSE: 3.1168  MAE: 1.6713  MAPE: 2.81%
2026-04-27 10:46:52 [INFO] models.ensemble - Saved ensemble meta-model -> D:\THESIS\model_trainer\artifacts\ensemble_meta_model.pkl
2026-04-27 10:46:52 [INFO] pipeline.trainer - Step 7/7 -- Saving model version ...
2026-04-27 10:46:52 [INFO] models.model_store - Pruned old version: v011_2026-04-26T19-32-53
2026-04-27 10:46:52 [INFO] models.model_store - Created model version v011_2026-04-27T02-46-52 (5 files)
2026-04-27 10:46:53 [INFO] pipeline.drift_detector - Saved reference distribution (17157 samples).
2026-04-27 10:46:53 [INFO] pipeline.trainer - === TRAINING COMPLETE ===
2026-04-27 10:46:53 [INFO] main - Training complete. Metrics: {'lgbm': {'rmse': 3.6657626968206807, 'mae': 2.078403459600733, 'mape': 2.0719209222838124}, 'lstm': {'rmse': 52.35367042986208, 'mae': 24.31261285414032, 'mape': 36.59854652647411}, 'ensemble': {'rmse': 3.116789505128786, 'mae': 1.6712515311056655, 'mape': 2.81358338482421}, 'timestamp': '2026-04-27T02:46:52.924249+00:00', 'data_rows': 17157, 'mode': 'full'}
2026-04-27 10:47:33 [INFO] data.preprocessor - Preprocessing 197 rows ...
2026-04-27 10:47:33 [INFO] data.preprocessor - Preprocessing complete -- 197 clean rows.
2026-04-27 10:47:33 [INFO] features.temporal - Added 15 temporal features.
2026-04-27 10:47:33 [INFO] features.lag_features - Added 30 lag / rolling features.
2026-04-27 10:47:33 [INFO] features.categorical - Loaded categorical mappings from D:\THESIS\model_trainer\artifacts\categorical_mappings.json
2026-04-27 10:47:49 [INFO] data.preprocessor - Preprocessing 197 rows ...
2026-04-27 10:47:49 [INFO] data.preprocessor - Preprocessing complete -- 197 clean rows.
2026-04-27 10:47:49 [INFO] features.temporal - Added 15 temporal features.
2026-04-27 10:47:49 [INFO] features.lag_features - Added 30 lag / rolling features.
2026-04-27 10:47:49 [INFO] features.categorical - Loaded categorical mappings from D:\THESIS\model_trainer\artifacts\categorical_mappings.json
2026-04-27 10:48:01 [INFO] data.preprocessor - Preprocessing 197 rows ...
2026-04-27 10:48:01 [INFO] data.preprocessor - Preprocessing complete -- 197 clean rows.
2026-04-27 10:48:01 [INFO] features.temporal - Added 15 temporal features.
2026-04-27 10:48:01 [INFO] features.lag_features - Added 30 lag / rolling features.
2026-04-27 10:48:01 [INFO] features.categorical - Loaded categorical mappings from D:\THESIS\model_trainer\artifacts\categorical_mappings.json
2026-04-27 10:48:05 [INFO] data.preprocessor - Preprocessing 197 rows ...
2026-04-27 10:48:05 [INFO] data.preprocessor - Preprocessing complete -- 197 clean rows.
2026-04-27 10:48:05 [INFO] features.temporal - Added 15 temporal features.
2026-04-27 10:48:05 [INFO] features.lag_features - Added 30 lag / rolling features.
2026-04-27 10:48:05 [INFO] features.categorical - Loaded categorical mappings from D:\THESIS\model_trainer\artifacts\categorical_mappings.json
2026-04-27 10:48:08 [INFO] data.preprocessor - Preprocessing 197 rows ...
2026-04-27 10:48:08 [INFO] data.preprocessor - Preprocessing complete -- 197 clean rows.
2026-04-27 10:48:08 [INFO] features.temporal - Added 15 temporal features.
2026-04-27 10:48:08 [INFO] features.lag_features - Added 30 lag / rolling features.
2026-04-27 10:48:08 [INFO] features.categorical - Loaded categorical mappings from D:\THESIS\model_trainer\artifacts\categorical_mappings.json
2026-04-27 10:48:11 [INFO] data.preprocessor - Preprocessing 197 rows ...
2026-04-27 10:48:11 [INFO] data.preprocessor - Preprocessing complete -- 197 clean rows.
2026-04-27 10:48:11 [INFO] features.temporal - Added 15 temporal features.
2026-04-27 10:48:11 [INFO] features.lag_features - Added 30 lag / rolling features.
2026-04-27 10:48:11 [INFO] features.categorical - Loaded categorical mappings from D:\THESIS\model_trainer\artifacts\categorical_mappings.json
2026-04-27 10:50:48 [INFO] data.preprocessor - Preprocessing 197 rows ...
2026-04-27 10:50:48 [INFO] data.preprocessor - Preprocessing complete -- 197 clean rows.
2026-04-27 10:50:48 [INFO] features.temporal - Added 15 temporal features.
2026-04-27 10:50:48 [INFO] features.lag_features - Added 30 lag / rolling features.
2026-04-27 10:50:48 [INFO] features.categorical - Loaded categorical mappings from D:\THESIS\model_trainer\artifacts\categorical_mappings.json
2026-04-27 10:50:52 [INFO] data.preprocessor - Preprocessing 197 rows ...
2026-04-27 10:50:52 [INFO] data.preprocessor - Preprocessing complete -- 197 clean rows.
2026-04-27 10:50:52 [INFO] features.temporal - Added 15 temporal features.
2026-04-27 10:50:52 [INFO] features.lag_features - Added 30 lag / rolling features.
2026-04-27 10:50:52 [INFO] features.categorical - Loaded categorical mappings from D:\THESIS\model_trainer\artifacts\categorical_mappings.json
2026-04-27 10:50:56 [INFO] data.preprocessor - Preprocessing 197 rows ...
2026-04-27 10:50:56 [INFO] data.preprocessor - Preprocessing complete -- 197 clean rows.
2026-04-27 10:50:56 [INFO] features.temporal - Added 15 temporal features.
2026-04-27 10:50:56 [INFO] features.lag_features - Added 30 lag / rolling features.
2026-04-27 10:50:56 [INFO] features.categorical - Loaded categorical mappings from D:\THESIS\model_trainer\artifacts\categorical_mappings.json
2026-04-27 10:51:00 [INFO] data.preprocessor - Preprocessing 197 rows ...
2026-04-27 10:51:00 [INFO] data.preprocessor - Preprocessing complete -- 197 clean rows.
2026-04-27 10:51:00 [INFO] features.temporal - Added 15 temporal features.
2026-04-27 10:51:00 [INFO] features.lag_features - Added 30 lag / rolling features.
2026-04-27 10:51:00 [INFO] features.categorical - Loaded categorical mappings from D:\THESIS\model_trainer\artifacts\categorical_mappings.json
2026-04-27 10:57:02 [INFO] pipeline.trainer - === FULL TRAINING PIPELINE ===
2026-04-27 10:57:02 [INFO] data.fetcher - Fetching ALL food price records ...
2026-04-27 10:57:09 [INFO] data.fetcher - Fetched 17,211 rows total.
2026-04-27 10:57:09 [INFO] pipeline.trainer - Step 1/7 -- Preprocessing ...
2026-04-27 10:57:09 [INFO] data.preprocessor - Preprocessing 17,211 rows ...
2026-04-27 10:57:09 [WARNING] data.preprocessor - Dropped 2 invalid rows (null/negative price).
2026-04-27 10:57:09 [INFO] data.preprocessor - Removed 35 duplicate rows.
2026-04-27 10:57:09 [INFO] data.preprocessor - Removed 17 outlier rows (>4.0σ).
2026-04-27 10:57:09 [INFO] data.preprocessor - Preprocessing complete -- 17,157 clean rows.
2026-04-27 10:57:09 [INFO] pipeline.trainer - Step 2/7 -- Feature engineering ...
2026-04-27 10:57:09 [INFO] features.temporal - Added 15 temporal features.
2026-04-27 10:57:09 [INFO] features.lag_features - Added 30 lag / rolling features.
2026-04-27 10:57:09 [INFO] features.categorical - Saved categorical mappings → D:\THESIS\model_trainer\artifacts\categorical_mappings.json
2026-04-27 10:57:09 [INFO] features.categorical - Encoded 4 categorical columns (115 unique values).
2026-04-27 10:57:09 [INFO] pipeline.trainer - Step 3/7 -- Splitting data ...
2026-04-27 10:57:09 [INFO] pipeline.trainer - Step 4/7 -- Training LightGBM ...
2026-04-27 10:57:09 [INFO] pipeline.trainer - LightGBM using 53 historical data features. No reasoning features included.
2026-04-27 10:57:20 [INFO] models.lightgbm_model - LightGBM validation -- RMSE: 3.6658  MAE: 2.0784  MAPE: 2.07%
2026-04-27 10:57:20 [INFO] models.lightgbm_model - Saved LightGBM model → D:\THESIS\model_trainer\artifacts\lightgbm_model.txt
2026-04-27 10:57:44 [INFO] models.lightgbm_model - Trained quantile models for confidence intervals.
2026-04-27 10:57:44 [INFO] pipeline.trainer - Step 5/7 -- Training LSTM ...
2026-04-27 10:57:44 [INFO] models.lstm_model - LSTM using 9 input features: ['price_lag_1d', 'price_lag_7d', 'price_rolling_mean_7d', 'price_rolling_mean_30d', 'price_pct_change_1d', 'month_sin', 'month_cos', 'dow_sin', 'dow_cos']
2026-04-27 10:57:44 [INFO] pipeline.trainer - LSTM sequences — train: 10193, val: 783, features: 9
2026-04-27 10:57:52 [INFO] models.lstm_model - Epoch   1/200  train=0.420072  val=0.325342  lr=1.00e-03
2026-04-27 10:58:52 [INFO] models.lstm_model - Epoch  10/200  train=0.337159  val=0.387122  lr=5.00e-04
2026-04-27 10:59:58 [INFO] models.lstm_model - Epoch  20/200  train=0.411283  val=0.413379  lr=2.50e-04
2026-04-27 11:00:58 [INFO] models.lstm_model - Epoch  30/200  train=0.396822  val=0.178414  lr=2.50e-04
2026-04-27 11:01:59 [INFO] models.lstm_model - Epoch  40/200  train=0.265408  val=0.171201  lr=2.50e-04
2026-04-27 11:03:01 [INFO] models.lstm_model - Epoch  50/200  train=2.514513  val=0.164956  lr=2.50e-04
2026-04-27 11:04:04 [INFO] models.lstm_model - Epoch  60/200  train=1.186263  val=0.164848  lr=2.50e-04
2026-04-27 11:05:02 [INFO] models.lstm_model - Epoch  70/200  train=0.265461  val=0.164598  lr=2.50e-04
2026-04-27 11:06:03 [INFO] models.lstm_model - Epoch  80/200  train=1.414848  val=0.164733  lr=1.25e-04
2026-04-27 11:06:58 [INFO] models.lstm_model - Epoch  90/200  train=1.768604  val=0.164773  lr=6.25e-05
2026-04-27 11:07:08 [INFO] models.lstm_model - Early stopping at epoch 92
2026-04-27 11:07:08 [INFO] models.lstm_model - LSTM validation — RMSE: 53.2890  MAE: 25.1948  MAPE: 38.01%
2026-04-27 11:07:08 [INFO] pipeline.trainer - Step 6/7 -- Training ensemble ...
2026-04-27 11:07:09 [INFO] models.ensemble - Training Residual Hybrid on 10242 aligned samples...
2026-04-27 11:07:09 [INFO] models.ensemble - Saved Hybrid meta-model -> D:\THESIS\model_trainer\artifacts\residual_hybrid_model.txt
2026-04-27 11:07:09 [INFO] models.ensemble - Residual Hybrid -- RMSE: 10.8313  MAE: 3.1925  MAPE: 5.87%
2026-04-27 11:07:09 [INFO] pipeline.trainer - Step 7/7 -- Saving model version ...
2026-04-27 11:07:09 [INFO] models.model_store - Pruned old version: v011_2026-04-26T19-43-50
2026-04-27 11:07:09 [INFO] models.model_store - Created model version v011_2026-04-27T03-07-09 (5 files)
2026-04-27 11:07:09 [INFO] pipeline.drift_detector - Saved reference distribution (17157 samples).
2026-04-27 11:07:09 [INFO] pipeline.trainer - === TRAINING COMPLETE ===
2026-04-27 11:07:09 [INFO] main - Training complete. Metrics: {'lgbm': {'rmse': 3.6657626968206807, 'mae': 2.078403459600733, 'mape': 2.0719209222838124}, 'lstm': {'rmse': 53.28901868824049, 'mae': 25.194751940289677, 'mape': 38.01164155769198}, 'ensemble': {'rmse': 10.831274373311214, 'mae': 3.192508280581775, 'mape': 5.867623559870167}, 'timestamp': '2026-04-27T03:07:09.387950+00:00', 'data_rows': 17157, 'mode': 'full'}
2026-04-27 11:07:54 [INFO] data.preprocessor - Preprocessing 197 rows ...
2026-04-27 11:07:54 [INFO] data.preprocessor - Preprocessing complete -- 197 clean rows.
2026-04-27 11:07:54 [INFO] features.temporal - Added 15 temporal features.
2026-04-27 11:07:54 [INFO] features.lag_features - Added 30 lag / rolling features.
2026-04-27 11:07:54 [INFO] features.categorical - Loaded categorical mappings from D:\THESIS\model_trainer\artifacts\categorical_mappings.json
2026-04-27 11:08:13 [INFO] data.preprocessor - Preprocessing 197 rows ...
2026-04-27 11:08:13 [INFO] data.preprocessor - Preprocessing complete -- 197 clean rows.
2026-04-27 11:08:13 [INFO] features.temporal - Added 15 temporal features.
2026-04-27 11:08:13 [INFO] features.lag_features - Added 30 lag / rolling features.
2026-04-27 11:08:13 [INFO] features.categorical - Loaded categorical mappings from D:\THESIS\model_trainer\artifacts\categorical_mappings.json
2026-04-27 11:08:13 [INFO] pipeline.trainer - === FULL TRAINING PIPELINE ===
2026-04-27 11:08:13 [INFO] data.fetcher - Fetching ALL food price records ...
2026-04-27 11:08:19 [INFO] data.preprocessor - Preprocessing 197 rows ...
2026-04-27 11:08:19 [INFO] data.preprocessor - Preprocessing complete -- 197 clean rows.
2026-04-27 11:08:19 [INFO] features.temporal - Added 15 temporal features.
2026-04-27 11:08:19 [INFO] features.lag_features - Added 30 lag / rolling features.
2026-04-27 11:08:19 [INFO] features.categorical - Loaded categorical mappings from D:\THESIS\model_trainer\artifacts\categorical_mappings.json
2026-04-27 11:08:22 [INFO] data.fetcher - Fetched 17,211 rows total.
2026-04-27 11:08:22 [INFO] pipeline.trainer - Step 1/7 -- Preprocessing ...
2026-04-27 11:08:22 [INFO] data.preprocessor - Preprocessing 17,211 rows ...
2026-04-27 11:08:22 [WARNING] data.preprocessor - Dropped 2 invalid rows (null/negative price).
2026-04-27 11:08:22 [INFO] data.preprocessor - Removed 35 duplicate rows.
2026-04-27 11:08:22 [INFO] data.preprocessor - Removed 17 outlier rows (>4.0σ).
2026-04-27 11:08:22 [INFO] data.preprocessor - Preprocessing complete -- 17,157 clean rows.
2026-04-27 11:08:22 [INFO] pipeline.trainer - Step 2/7 -- Feature engineering ...
2026-04-27 11:08:22 [INFO] features.temporal - Added 15 temporal features.
2026-04-27 11:08:22 [INFO] features.lag_features - Added 30 lag / rolling features.
2026-04-27 11:08:22 [INFO] features.categorical - Saved categorical mappings → D:\THESIS\model_trainer\artifacts\categorical_mappings.json
2026-04-27 11:08:22 [INFO] features.categorical - Encoded 4 categorical columns (115 unique values).
2026-04-27 11:08:22 [INFO] pipeline.trainer - Step 3/7 -- Splitting data ...
2026-04-27 11:08:22 [INFO] pipeline.trainer - Step 4/7 -- Training LightGBM ...
2026-04-27 11:08:22 [INFO] pipeline.trainer - LightGBM using 53 historical data features. No reasoning features included.
2026-04-27 11:08:31 [INFO] models.lightgbm_model - LightGBM validation -- RMSE: 3.6658  MAE: 2.0784  MAPE: 2.07%
2026-04-27 11:08:31 [INFO] models.lightgbm_model - Saved LightGBM model → D:\THESIS\model_trainer\artifacts\lightgbm_model.txt
2026-04-27 11:08:50 [INFO] models.lightgbm_model - Trained quantile models for confidence intervals.
2026-04-27 11:08:50 [INFO] pipeline.trainer - Step 5/7 -- Training LSTM ...
2026-04-27 11:08:50 [INFO] models.lstm_model - LSTM using 9 input features: ['price_lag_1d', 'price_lag_7d', 'price_rolling_mean_7d', 'price_rolling_mean_30d', 'price_pct_change_1d', 'month_sin', 'month_cos', 'dow_sin', 'dow_cos']
2026-04-27 11:08:50 [INFO] pipeline.trainer - LSTM sequences — train: 10193, val: 783, features: 9
2026-04-27 11:08:56 [INFO] models.lstm_model - Epoch   1/200  train=0.438759  val=0.324436  lr=1.00e-03
2026-04-27 11:09:39 [INFO] models.lstm_model - Epoch  10/200  train=0.273425  val=0.164697  lr=1.00e-03
2026-04-27 11:10:26 [INFO] models.lstm_model - Epoch  20/200  train=0.268471  val=0.164637  lr=1.00e-03
2026-04-27 11:11:14 [INFO] models.lstm_model - Epoch  30/200  train=0.268443  val=0.164699  lr=5.00e-04
2026-04-27 11:12:03 [INFO] models.lstm_model - Epoch  40/200  train=0.384854  val=0.311936  lr=2.50e-04
2026-04-27 11:12:31 [INFO] models.lstm_model - Early stopping at epoch 46
2026-04-27 11:12:31 [INFO] models.lstm_model - LSTM validation — RMSE: 53.2477  MAE: 25.2641  MAPE: 38.16%
2026-04-27 11:12:31 [INFO] pipeline.trainer - Step 6/7 -- Training ensemble ...
2026-04-27 11:12:32 [INFO] models.ensemble - Training Residual Hybrid on 10242 aligned samples...
2026-04-27 11:12:32 [INFO] models.ensemble - Saved Hybrid meta-model -> D:\THESIS\model_trainer\artifacts\residual_hybrid_model.txt
2026-04-27 11:12:32 [INFO] models.ensemble - Residual Hybrid -- RMSE: 10.9762  MAE: 3.5292  MAPE: 6.82%
2026-04-27 11:12:32 [INFO] pipeline.trainer - Step 7/7 -- Saving model version ...
2026-04-27 11:12:32 [INFO] models.model_store - Pruned old version: v011_2026-04-26T19-59-24
2026-04-27 11:12:32 [INFO] models.model_store - Created model version v011_2026-04-27T03-12-32 (5 files)
2026-04-27 11:12:32 [INFO] pipeline.drift_detector - Saved reference distribution (17157 samples).
2026-04-27 11:12:32 [INFO] pipeline.trainer - === TRAINING COMPLETE ===
2026-04-27 11:12:32 [INFO] main - Training complete. Metrics: {'lgbm': {'rmse': 3.6657626968206807, 'mae': 2.078403459600733, 'mape': 2.0719209222838124}, 'lstm': {'rmse': 53.247717779877796, 'mae': 25.264098047721436, 'mape': 38.15749945369624}, 'ensemble': {'rmse': 10.976159749897723, 'mae': 3.5292179881330017, 'mape': 6.815885551525372}, 'timestamp': '2026-04-27T03:12:32.621867+00:00', 'data_rows': 17157, 'mode': 'full'}
2026-04-27 11:14:18 [INFO] pipeline.trainer - === FULL TRAINING PIPELINE ===
2026-04-27 11:14:18 [INFO] data.fetcher - Fetching ALL food price records ...
2026-04-27 11:14:26 [INFO] data.fetcher - Fetched 17,211 rows total.
2026-04-27 11:14:26 [INFO] pipeline.trainer - Step 1/7 -- Preprocessing ...
2026-04-27 11:14:26 [INFO] data.preprocessor - Preprocessing 17,211 rows ...
2026-04-27 11:14:26 [WARNING] data.preprocessor - Dropped 2 invalid rows (null/negative price).
2026-04-27 11:14:26 [INFO] data.preprocessor - Removed 35 duplicate rows.
2026-04-27 11:14:26 [INFO] data.preprocessor - Removed 17 outlier rows (>4.0σ).
2026-04-27 11:14:26 [INFO] data.preprocessor - Preprocessing complete -- 17,157 clean rows.
2026-04-27 11:14:26 [INFO] pipeline.trainer - Step 2/7 -- Feature engineering ...
2026-04-27 11:14:26 [INFO] features.temporal - Added 15 temporal features.
2026-04-27 11:14:26 [INFO] features.lag_features - Added 30 lag / rolling features.
2026-04-27 11:14:26 [INFO] features.categorical - Saved categorical mappings → D:\THESIS\model_trainer\artifacts\categorical_mappings.json
2026-04-27 11:14:26 [INFO] features.categorical - Encoded 4 categorical columns (115 unique values).
2026-04-27 11:14:26 [INFO] pipeline.trainer - Step 3/7 -- Splitting data ...
2026-04-27 11:14:26 [INFO] pipeline.trainer - Step 4/7 -- Training LightGBM ...
2026-04-27 11:14:26 [INFO] pipeline.trainer - LightGBM using 53 historical data features. No reasoning features included.
2026-04-27 11:14:34 [INFO] models.lightgbm_model - LightGBM validation -- RMSE: 3.6658  MAE: 2.0784  MAPE: 2.07%
2026-04-27 11:14:34 [INFO] models.lightgbm_model - Saved LightGBM model → D:\THESIS\model_trainer\artifacts\lightgbm_model.txt
2026-04-27 11:14:53 [INFO] models.lightgbm_model - Trained quantile models for confidence intervals.
2026-04-27 11:14:53 [INFO] pipeline.trainer - Step 5/7 -- Training LSTM ...
2026-04-27 11:14:53 [INFO] models.lstm_model - LSTM using 9 input features: ['price_lag_1d', 'price_lag_7d', 'price_rolling_mean_7d', 'price_rolling_mean_30d', 'price_pct_change_1d', 'month_sin', 'month_cos', 'dow_sin', 'dow_cos']
2026-04-27 11:14:53 [INFO] pipeline.trainer - LSTM sequences — train: 10193, val: 783, features: 9
2026-04-27 11:14:59 [INFO] models.lstm_model - Epoch   1/200  train=0.415981  val=0.330030  lr=1.00e-03
2026-04-27 11:15:42 [INFO] models.lstm_model - Epoch  10/200  train=1.202550  val=0.164576  lr=1.00e-03
2026-04-27 11:16:30 [INFO] models.lstm_model - Epoch  20/200  train=1.079041  val=0.164671  lr=1.00e-03
2026-04-27 11:17:20 [INFO] models.lstm_model - Epoch  30/200  train=0.665769  val=0.164806  lr=5.00e-04
2026-04-27 11:17:41 [INFO] data.preprocessor - Preprocessing 197 rows ...
2026-04-27 11:17:41 [INFO] data.preprocessor - Preprocessing complete -- 197 clean rows.
2026-04-27 11:17:41 [INFO] features.temporal - Added 15 temporal features.
2026-04-27 11:17:41 [INFO] features.lag_features - Added 30 lag / rolling features.
2026-04-27 11:17:41 [INFO] features.categorical - Loaded categorical mappings from D:\THESIS\model_trainer\artifacts\categorical_mappings.json
2026-04-27 11:17:58 [INFO] data.preprocessor - Preprocessing 197 rows ...
2026-04-27 11:17:58 [INFO] data.preprocessor - Preprocessing complete -- 197 clean rows.
2026-04-27 11:17:58 [INFO] features.temporal - Added 15 temporal features.
2026-04-27 11:17:58 [INFO] features.lag_features - Added 30 lag / rolling features.
2026-04-27 11:17:58 [INFO] features.categorical - Loaded categorical mappings from D:\THESIS\model_trainer\artifacts\categorical_mappings.json
2026-04-27 11:18:13 [INFO] models.lstm_model - Epoch  40/200  train=0.434027  val=0.165081  lr=2.50e-04
2026-04-27 11:18:27 [INFO] models.lstm_model - Early stopping at epoch 43
2026-04-27 11:18:27 [INFO] models.lstm_model - LSTM validation — RMSE: 53.3470  MAE: 25.2504  MAPE: 38.10%
2026-04-27 11:18:27 [INFO] pipeline.trainer - Step 6/7 -- Training ensemble ...
2026-04-27 11:18:28 [INFO] pipeline.trainer - Ensemble training with 783 aligned predictions.
2026-04-27 11:18:28 [INFO] models.ensemble - Meta-model trained -- LightGBM coef: 1.0186, LSTM coef: -0.0129, intercept: -0.2525
2026-04-27 11:18:28 [INFO] models.ensemble - Ensemble (stacking) -- RMSE: 3.1168  MAE: 1.6713  MAPE: 2.81%
2026-04-27 11:18:28 [INFO] models.ensemble - Saved ensemble meta-model -> D:\THESIS\model_trainer\artifacts\ensemble_meta_model.pkl
2026-04-27 11:18:28 [INFO] pipeline.trainer - Step 7/7 -- Saving model version ...
2026-04-27 11:18:28 [INFO] models.model_store - Pruned old version: v011_2026-04-27T01-02-44
2026-04-27 11:18:28 [INFO] models.model_store - Created model version v011_2026-04-27T03-18-28 (5 files)
2026-04-27 11:18:28 [INFO] pipeline.drift_detector - Saved reference distribution (17157 samples).
2026-04-27 11:18:28 [INFO] pipeline.trainer - === TRAINING COMPLETE ===
2026-04-27 11:18:28 [INFO] main - Training complete. Metrics: {'lgbm': {'rmse': 3.6657626968206807, 'mae': 2.078403459600733, 'mape': 2.0719209222838124}, 'lstm': {'rmse': 53.347006575638204, 'mae': 25.25040682511616, 'mape': 38.10125879322341}, 'ensemble': {'rmse': 3.116790200618, 'mae': 1.6712501372917952, 'mape': 2.8135806316049057}, 'timestamp': '2026-04-27T03:18:28.153899+00:00', 'data_rows': 17157, 'mode': 'full'}
2026-04-27 11:21:23 [INFO] pipeline.trainer - === FULL TRAINING PIPELINE ===
2026-04-27 11:21:23 [INFO] data.fetcher - Fetching ALL food price records ...
2026-04-27 11:21:29 [INFO] data.fetcher - Fetched 17,211 rows total.
2026-04-27 11:21:29 [INFO] pipeline.trainer - Step 1/7 -- Preprocessing ...
2026-04-27 11:21:29 [INFO] data.preprocessor - Preprocessing 17,211 rows ...
2026-04-27 11:21:29 [WARNING] data.preprocessor - Dropped 2 invalid rows (null/negative price).
2026-04-27 11:21:29 [INFO] data.preprocessor - Removed 35 duplicate rows.
2026-04-27 11:21:30 [INFO] data.preprocessor - Removed 17 outlier rows (>4.0σ).
2026-04-27 11:21:30 [INFO] data.preprocessor - Preprocessing complete -- 17,157 clean rows.
2026-04-27 11:21:30 [INFO] pipeline.trainer - Step 2/7 -- Feature engineering ...
2026-04-27 11:21:30 [INFO] features.temporal - Added 15 temporal features.
2026-04-27 11:21:30 [INFO] features.lag_features - Added 30 lag / rolling features.
2026-04-27 11:21:30 [INFO] features.categorical - Saved categorical mappings → D:\THESIS\model_trainer\artifacts\categorical_mappings.json
2026-04-27 11:21:30 [INFO] features.categorical - Encoded 4 categorical columns (115 unique values).
2026-04-27 11:21:30 [INFO] pipeline.trainer - Step 3/7 -- Splitting data ...
2026-04-27 11:21:30 [INFO] pipeline.trainer - Step 4/7 -- Training LSTM (Stage 1: base temporal model) ...
2026-04-27 11:21:30 [INFO] models.lstm_model - LSTM using 9 input features: ['price_lag_1d', 'price_lag_7d', 'price_rolling_mean_7d', 'price_rolling_mean_30d', 'price_pct_change_1d', 'month_sin', 'month_cos', 'dow_sin', 'dow_cos']
2026-04-27 11:21:30 [INFO] pipeline.trainer - LSTM sequences -- train: 10193, val: 783, features: 9
2026-04-27 11:21:36 [INFO] models.lstm_model - Epoch   1/200  train=0.427931  val=0.316866  lr=1.00e-03
2026-04-27 11:22:21 [INFO] models.lstm_model - Epoch  10/200  train=0.744085  val=0.165112  lr=1.00e-03
2026-04-27 11:23:22 [INFO] models.lstm_model - Epoch  20/200  train=1.283336  val=0.164609  lr=1.00e-03
2026-04-27 11:24:17 [INFO] models.lstm_model - Epoch  30/200  train=1.201751  val=0.165144  lr=5.00e-04
2026-04-27 11:25:12 [INFO] models.lstm_model - Epoch  40/200  train=1.571971  val=0.164896  lr=2.50e-04
2026-04-27 11:25:24 [INFO] models.lstm_model - Early stopping at epoch 42
2026-04-27 11:25:24 [INFO] models.lstm_model - LSTM validation — RMSE: 53.2291  MAE: 25.1392  MAPE: 37.92%
2026-04-27 11:25:24 [INFO] pipeline.trainer - Step 5/7 -- Training LightGBM residual correction (Stage 2) ...
2026-04-27 11:25:24 [INFO] pipeline.trainer - LightGBM using 53 historical data features. No reasoning features included.
2026-04-27 11:25:25 [INFO] pipeline.trainer - Residual stats (train) -- mean: -5.7739, std: 57.2967, median: -4.0381
2026-04-27 11:25:25 [INFO] pipeline.trainer - Residual stats (val) -- mean: -3.4071, std: 53.1199
2026-04-27 11:25:30 [INFO] models.lightgbm_model - LightGBM residual model -- RMSE: 12.0198  MAE: 4.2197
2026-04-27 11:25:30 [INFO] models.lightgbm_model - Saved LightGBM residual model -> D:\THESIS\model_trainer\artifacts\lightgbm_residual_model.txt
2026-04-27 11:25:49 [INFO] models.lightgbm_model - Trained residual quantile models for confidence intervals.
2026-04-27 11:25:49 [INFO] pipeline.trainer - Step 6/7 -- Evaluating hybrid ensemble ...
2026-04-27 11:25:49 [INFO] models.ensemble - Residual hybrid trained --
  LSTM-only:   RMSE=53.2291  MAE=25.1392  MAPE=37.92%
  Hybrid:      RMSE=12.0198  MAE=4.2197  MAPE=6.40%
  Improvement: 77.4%
2026-04-27 11:25:49 [INFO] models.ensemble - Saved residual stats -> D:\THESIS\model_trainer\artifacts\ensemble_residual_stats.pkl
2026-04-27 11:25:49 [INFO] pipeline.trainer - Step 7/7 -- Saving model version ...
2026-04-27 11:25:49 [INFO] models.model_store - Pruned old version: v011_2026-04-27T01-11-57
2026-04-27 11:25:49 [INFO] models.model_store - Created model version v011_2026-04-27T03-25-49 (5 files)
2026-04-27 11:25:49 [INFO] pipeline.drift_detector - Saved reference distribution (17157 samples).
2026-04-27 11:25:49 [INFO] pipeline.trainer - === TRAINING COMPLETE ===
2026-04-27 11:25:49 [INFO] main - Training complete. Metrics: {'lstm': {'rmse': 53.229069153711, 'mae': 25.139219292519495, 'mape': 37.92211675736829}, 'lgbm_residual': {'rmse': 12.019785781799749, 'mae': 4.219653287219911}, 'ensemble': {'rmse': 12.019785781799747, 'mae': 4.219653287219911, 'mape': 6.396601426512638}, 'timestamp': '2026-04-27T03:25:49.434423+00:00', 'data_rows': 17157, 'mode': 'full'}
2026-04-27 11:30:08 [INFO] pipeline.trainer - === FULL TRAINING PIPELINE ===
2026-04-27 11:30:08 [INFO] data.fetcher - Fetching ALL food price records ...
2026-04-27 11:30:18 [INFO] data.fetcher - Fetched 17,211 rows total.
2026-04-27 11:30:18 [INFO] pipeline.trainer - Step 1/8 -- Preprocessing ...
2026-04-27 11:30:18 [INFO] data.preprocessor - Preprocessing 17,211 rows ...
2026-04-27 11:30:18 [WARNING] data.preprocessor - Dropped 2 invalid rows (null/negative price).
2026-04-27 11:30:18 [INFO] data.preprocessor - Removed 35 duplicate rows.
2026-04-27 11:30:18 [INFO] data.preprocessor - Removed 17 outlier rows (>4.0σ).
2026-04-27 11:30:18 [INFO] data.preprocessor - Preprocessing complete -- 17,157 clean rows.
2026-04-27 11:30:18 [INFO] pipeline.trainer - Step 2/8 -- Feature engineering ...
2026-04-27 11:30:18 [INFO] features.temporal - Added 15 temporal features.
2026-04-27 11:30:18 [INFO] features.lag_features - Added 30 lag / rolling features.
2026-04-27 11:30:18 [INFO] features.categorical - Saved categorical mappings → D:\THESIS\model_trainer\artifacts\categorical_mappings.json
2026-04-27 11:30:18 [INFO] features.categorical - Encoded 4 categorical columns (115 unique values).
2026-04-27 11:30:18 [INFO] pipeline.trainer - Step 3/8 -- Splitting data ...
2026-04-27 11:30:18 [INFO] pipeline.trainer - LightGBM using 53 historical data features. No reasoning features included.
2026-04-27 11:30:18 [INFO] pipeline.trainer - Step 4/8 -- Training LightGBM (absolute prices) ...
2026-04-27 11:30:28 [INFO] models.lightgbm_model - LightGBM validation -- RMSE: 3.6658  MAE: 2.0784  MAPE: 2.07%
2026-04-27 11:30:28 [INFO] models.lightgbm_model - Saved LightGBM model -> D:\THESIS\model_trainer\artifacts\lightgbm_model.txt
2026-04-27 11:30:44 [INFO] models.lightgbm_model - Trained quantile models for confidence intervals.
2026-04-27 11:30:44 [INFO] pipeline.trainer - Step 5/8 -- Training LSTM (Stage 1: base temporal model) ...
2026-04-27 11:30:44 [INFO] models.lstm_model - LSTM using 9 input features: ['price_lag_1d', 'price_lag_7d', 'price_rolling_mean_7d', 'price_rolling_mean_30d', 'price_pct_change_1d', 'month_sin', 'month_cos', 'dow_sin', 'dow_cos']
2026-04-27 11:30:44 [INFO] pipeline.trainer - LSTM sequences -- train: 10193, val: 767, features: 9
2026-04-27 11:30:50 [INFO] models.lstm_model - Epoch   1/200  train=0.195184  val=0.215158  lr=1.00e-03
2026-04-27 11:31:35 [INFO] models.lstm_model - Epoch  10/200  train=0.161096  val=0.168991  lr=1.00e-03
2026-04-27 11:32:30 [INFO] models.lstm_model - Epoch  20/200  train=0.225355  val=0.169065  lr=1.00e-03
2026-04-27 11:33:28 [INFO] models.lstm_model - Epoch  30/200  train=0.183006  val=0.169973  lr=5.00e-04
2026-04-27 11:34:28 [INFO] models.lstm_model - Epoch  40/200  train=0.187290  val=0.169924  lr=2.50e-04
2026-04-27 11:34:34 [INFO] models.lstm_model - Early stopping at epoch 41
2026-04-27 11:34:34 [INFO] models.lstm_model - LSTM validation — RMSE: 53.4252  MAE: 25.2313  MAPE: 38.12%
2026-04-27 11:34:34 [INFO] pipeline.trainer - Step 6/8 -- Training LightGBM residual correction (Stage 2) ...
2026-04-27 11:34:35 [INFO] pipeline.trainer - Residual stats (train) -- mean: -4.4864, std: 57.0729, median: -3.1307
2026-04-27 11:34:35 [INFO] pipeline.trainer - Residual stats (val) -- mean: -2.6072, std: 53.3616
2026-04-27 11:34:47 [INFO] models.lightgbm_model - LightGBM residual model -- RMSE: 4.8869  MAE: 2.2918
2026-04-27 11:34:47 [INFO] models.lightgbm_model - Saved LightGBM residual model -> D:\THESIS\model_trainer\artifacts\lightgbm_residual_model.txt
2026-04-27 11:35:03 [INFO] models.lightgbm_model - Trained residual quantile models for confidence intervals.
2026-04-27 11:35:03 [INFO] pipeline.trainer - Step 7/8 -- Evaluating hybrid ensemble ...
2026-04-27 11:35:03 [INFO] models.ensemble - Residual hybrid trained --
  LSTM-only:   RMSE=53.4252  MAE=25.2313  MAPE=38.12%
  Hybrid:      RMSE=4.8869  MAE=2.2918  MAPE=3.35%
  Improvement: 90.9%
2026-04-27 11:35:03 [INFO] models.ensemble - Saved residual stats -> D:\THESIS\model_trainer\artifacts\ensemble_residual_stats.pkl
2026-04-27 11:35:03 [INFO] pipeline.trainer - Step 8/8 -- Saving model version ...
2026-04-27 11:35:03 [INFO] models.model_store - Pruned old version: v011_2026-04-27T01-19-54
2026-04-27 11:35:03 [INFO] models.model_store - Created model version v011_2026-04-27T03-35-03 (5 files)
2026-04-27 11:35:03 [INFO] pipeline.drift_detector - Saved reference distribution (17157 samples).
2026-04-27 11:35:03 [INFO] pipeline.trainer - === TRAINING COMPLETE ===
2026-04-27 11:35:03 [INFO] main - Training complete. Metrics: {'lgbm': {'rmse': 3.6657626968206807, 'mae': 2.078403459600733, 'mape': 2.0719209222838124}, 'lstm': {'rmse': 53.42521380838437, 'mae': 25.231320670732774, 'mape': 38.11759803031343}, 'lgbm_residual': {'rmse': 4.886899376521417, 'mae': 2.2917596668528044}, 'ensemble': {'rmse': 4.886899376521417, 'mae': 2.2917596668528044, 'mape': 3.347570575108441}, 'timestamp': '2026-04-27T03:35:03.182809+00:00', 'data_rows': 17157, 'mode': 'full'}
2026-04-27 11:37:43 [INFO] pipeline.trainer - === FULL TRAINING PIPELINE ===
2026-04-27 11:37:43 [INFO] data.fetcher - Fetching ALL food price records ...
2026-04-27 11:37:50 [INFO] data.fetcher - Fetched 17,211 rows total.
2026-04-27 11:37:50 [INFO] pipeline.trainer - Step 1/8 -- Preprocessing ...
2026-04-27 11:37:50 [INFO] data.preprocessor - Preprocessing 17,211 rows ...
2026-04-27 11:37:50 [WARNING] data.preprocessor - Dropped 2 invalid rows (null/negative price).
2026-04-27 11:37:50 [INFO] data.preprocessor - Removed 35 duplicate rows.
2026-04-27 11:37:50 [INFO] data.preprocessor - Removed 17 outlier rows (>4.0σ).
2026-04-27 11:37:50 [INFO] data.preprocessor - Preprocessing complete -- 17,157 clean rows.
2026-04-27 11:37:50 [INFO] pipeline.trainer - Step 2/8 -- Feature engineering ...
2026-04-27 11:37:50 [INFO] features.temporal - Added 15 temporal features.
2026-04-27 11:37:50 [INFO] features.lag_features - Added 30 lag / rolling features.
2026-04-27 11:37:50 [INFO] features.categorical - Saved categorical mappings → D:\THESIS\model_trainer\artifacts\categorical_mappings.json
2026-04-27 11:37:50 [INFO] features.categorical - Encoded 4 categorical columns (115 unique values).
2026-04-27 11:37:50 [INFO] pipeline.trainer - Step 3/8 -- Splitting data ...
2026-04-27 11:37:50 [INFO] pipeline.trainer - LightGBM using 53 historical data features. No reasoning features included.
2026-04-27 11:37:50 [INFO] pipeline.trainer - Step 4/8 -- Training LightGBM (absolute prices) ...
2026-04-27 11:38:01 [INFO] models.lightgbm_model - LightGBM validation -- RMSE: 3.6658  MAE: 2.0784  MAPE: 2.07%
2026-04-27 11:38:02 [INFO] models.lightgbm_model - Saved LightGBM model -> D:\THESIS\model_trainer\artifacts\lightgbm_model.txt
2026-04-27 11:38:22 [INFO] models.lightgbm_model - Trained quantile models for confidence intervals.
2026-04-27 11:38:22 [INFO] pipeline.trainer - Step 5/8 -- Training LSTM (Stage 1: base temporal model) ...
2026-04-27 11:38:22 [INFO] models.lstm_model - LSTM using 9 input features: ['price_lag_1d', 'price_lag_7d', 'price_rolling_mean_7d', 'price_rolling_mean_30d', 'price_pct_change_1d', 'month_sin', 'month_cos', 'dow_sin', 'dow_cos']
2026-04-27 11:38:22 [INFO] pipeline.trainer - LSTM sequences -- train: 10193, val: 767, features: 9
2026-04-27 11:38:29 [INFO] models.lstm_model - Epoch   1/200  train=0.104090  val=0.168838  lr=1.00e-03
2026-04-27 11:39:20 [INFO] models.lstm_model - Epoch  10/200  train=0.079245  val=0.134570  lr=1.00e-03
2026-04-27 11:40:16 [INFO] models.lstm_model - Epoch  20/200  train=0.063472  val=0.114640  lr=1.00e-03
2026-04-27 11:40:26 [INFO] pipeline.trainer - === FULL TRAINING PIPELINE ===
2026-04-27 11:40:26 [INFO] data.fetcher - Fetching ALL food price records ...
2026-04-27 11:40:35 [INFO] data.fetcher - Fetched 17,211 rows total.
2026-04-27 11:40:35 [INFO] pipeline.trainer - Step 1/8 -- Preprocessing ...
2026-04-27 11:40:35 [INFO] data.preprocessor - Preprocessing 17,211 rows ...
2026-04-27 11:40:35 [WARNING] data.preprocessor - Dropped 2 invalid rows (null/negative price).
2026-04-27 11:40:35 [INFO] data.preprocessor - Removed 35 duplicate rows.
2026-04-27 11:40:35 [INFO] data.preprocessor - Removed 17 outlier rows (>4.0σ).
2026-04-27 11:40:35 [INFO] data.preprocessor - Preprocessing complete -- 17,157 clean rows.
2026-04-27 11:40:35 [INFO] pipeline.trainer - Step 2/8 -- Feature engineering ...
2026-04-27 11:40:35 [INFO] features.temporal - Added 15 temporal features.
2026-04-27 11:40:35 [INFO] features.lag_features - Added 30 lag / rolling features.
2026-04-27 11:40:35 [INFO] features.categorical - Saved categorical mappings → D:\THESIS\model_trainer\artifacts\categorical_mappings.json
2026-04-27 11:40:35 [INFO] features.categorical - Encoded 4 categorical columns (115 unique values).
2026-04-27 11:40:35 [INFO] pipeline.trainer - Step 3/8 -- Splitting data ...
2026-04-27 11:40:35 [INFO] pipeline.trainer - LightGBM using 53 historical data features. No reasoning features included.
2026-04-27 11:40:35 [INFO] pipeline.trainer - Step 4/8 -- Training LightGBM (absolute prices) ...
2026-04-27 11:40:57 [INFO] models.lightgbm_model - LightGBM validation -- RMSE: 3.6658  MAE: 2.0784  MAPE: 2.07%
2026-04-27 11:40:58 [INFO] models.lightgbm_model - Saved LightGBM model -> D:\THESIS\model_trainer\artifacts\lightgbm_model.txt
2026-04-27 11:41:19 [INFO] models.lstm_model - Epoch  30/200  train=0.059676  val=0.106971  lr=1.00e-03
2026-04-27 11:41:39 [INFO] models.lightgbm_model - Trained quantile models for confidence intervals.
2026-04-27 11:41:39 [INFO] pipeline.trainer - Step 5/8 -- Training LSTM (Stage 1: base temporal model) ...
2026-04-27 11:41:39 [INFO] models.lstm_model - LSTM using 9 input features: ['price_lag_1d', 'price_lag_7d', 'price_rolling_mean_7d', 'price_rolling_mean_30d', 'price_pct_change_1d', 'month_sin', 'month_cos', 'dow_sin', 'dow_cos']
2026-04-27 11:41:39 [INFO] pipeline.trainer - LSTM sequences -- train: 10193, val: 767, features: 9
2026-04-27 11:41:49 [INFO] models.lstm_model - Epoch   1/200  train=0.103825  val=0.169017  lr=1.00e-03
2026-04-27 11:42:36 [INFO] models.lstm_model - Epoch  40/200  train=0.057799  val=0.105815  lr=1.00e-03
2026-04-27 11:42:58 [INFO] models.lstm_model - Epoch  10/200  train=0.096390  val=0.154490  lr=1.00e-03
2026-04-27 11:43:55 [INFO] models.lstm_model - Epoch  50/200  train=0.054954  val=0.107124  lr=1.00e-03
2026-04-27 11:44:15 [INFO] models.lstm_model - Epoch  20/200  train=0.064502  val=0.113244  lr=1.00e-03
2026-04-27 11:45:06 [INFO] models.lstm_model - Epoch  60/200  train=0.052257  val=0.104101  lr=5.00e-04
2026-04-27 11:45:27 [INFO] models.lstm_model - Epoch  30/200  train=0.060615  val=0.109508  lr=1.00e-03
2026-04-27 11:46:24 [INFO] models.lstm_model - Epoch  70/200  train=0.050273  val=0.104237  lr=2.50e-04
2026-04-27 11:46:46 [INFO] models.lstm_model - Epoch  40/200  train=0.057800  val=0.106669  lr=1.00e-03
2026-04-27 11:47:30 [INFO] models.lstm_model - Early stopping at epoch 79
2026-04-27 11:47:30 [INFO] models.lstm_model - LSTM validation — RMSE: 16.9952  MAE: 8.8195  MAPE: 15.79%
2026-04-27 11:47:30 [INFO] pipeline.trainer - Step 6/8 -- Training LightGBM residual correction (Stage 2) ...
2026-04-27 11:47:31 [INFO] pipeline.trainer - Residual stats (train) -- mean: -2.6101, std: 21.2350, median: -1.3717
2026-04-27 11:47:31 [INFO] pipeline.trainer - Residual stats (val) -- mean: -3.3430, std: 16.6632
2026-04-27 11:47:57 [INFO] models.lightgbm_model - LightGBM residual model -- RMSE: 8.0684  MAE: 4.4504
2026-04-27 11:47:57 [INFO] models.lightgbm_model - Saved LightGBM residual model -> D:\THESIS\model_trainer\artifacts\lightgbm_residual_model.txt
2026-04-27 11:48:00 [INFO] models.lstm_model - Epoch  50/200  train=0.055426  val=0.104415  lr=1.00e-03
2026-04-27 11:48:29 [INFO] models.lightgbm_model - Trained residual quantile models for confidence intervals.
2026-04-27 11:48:29 [INFO] pipeline.trainer - Step 7/8 -- Evaluating hybrid ensemble ...
2026-04-27 11:48:29 [INFO] models.ensemble - Residual hybrid trained --
  LSTM-only:   RMSE=16.9952  MAE=8.8195  MAPE=15.79%
  Hybrid:      RMSE=8.0684  MAE=4.4504  MAPE=7.75%
  Improvement: 52.5%
2026-04-27 11:48:29 [INFO] models.ensemble - Saved residual stats -> D:\THESIS\model_trainer\artifacts\ensemble_residual_stats.pkl
2026-04-27 11:48:29 [INFO] pipeline.trainer - Step 8/8 -- Saving model version ...
2026-04-27 11:48:29 [INFO] models.model_store - Pruned old version: v011_2026-04-27T01-52-40
2026-04-27 11:48:29 [INFO] models.model_store - Created model version v011_2026-04-27T03-48-29 (5 files)
2026-04-27 11:48:29 [INFO] pipeline.drift_detector - Saved reference distribution (17157 samples).
2026-04-27 11:48:29 [INFO] pipeline.trainer - === TRAINING COMPLETE ===
2026-04-27 11:48:29 [INFO] main - Training complete. Metrics: {'lgbm': {'rmse': 3.6657626968206807, 'mae': 2.078403459600733, 'mape': 2.0719209222838124}, 'lstm': {'rmse': 16.99520853706499, 'mae': 8.81953408087248, 'mape': 15.790469074339322}, 'lgbm_residual': {'rmse': 8.068422879900499, 'mae': 4.450411160292532}, 'ensemble': {'rmse': 8.068422879900499, 'mae': 4.450411160292532, 'mape': 7.750477015857323}, 'timestamp': '2026-04-27T03:48:29.287132+00:00', 'data_rows': 17157, 'mode': 'full'}
2026-04-27 11:48:56 [INFO] models.lstm_model - Epoch  60/200  train=0.053363  val=0.104005  lr=1.00e-03
2026-04-27 11:49:37 [INFO] models.lstm_model - Epoch  70/200  train=0.051500  val=0.102938  lr=1.00e-03
2026-04-27 11:50:22 [INFO] models.lstm_model - Epoch  80/200  train=0.049474  val=0.103691  lr=5.00e-04
2026-04-27 11:51:04 [INFO] models.lstm_model - Epoch  90/200  train=0.046694  val=0.106171  lr=2.50e-04
2026-04-27 11:51:33 [INFO] models.lstm_model - Early stopping at epoch 96
2026-04-27 11:51:33 [INFO] models.lstm_model - LSTM validation — RMSE: 14.2431  MAE: 7.4143  MAPE: 13.59%
2026-04-27 11:51:33 [INFO] pipeline.trainer - Step 6/8 -- Training LightGBM residual correction (Stage 2) ...
2026-04-27 11:51:34 [INFO] pipeline.trainer - Residual stats (train) -- mean: 0.6935, std: 16.6542, median: 0.0076
2026-04-27 11:51:34 [INFO] pipeline.trainer - Residual stats (val) -- mean: 0.8673, std: 14.2166
2026-04-27 11:51:46 [INFO] models.lightgbm_model - LightGBM residual model -- RMSE: 7.4736  MAE: 3.8836
2026-04-27 11:51:46 [INFO] models.lightgbm_model - Saved LightGBM residual model -> D:\THESIS\model_trainer\artifacts\lightgbm_residual_model.txt
2026-04-27 11:51:55 [INFO] models.lightgbm_model - Trained residual quantile models for confidence intervals.
2026-04-27 11:51:55 [INFO] pipeline.trainer - Step 7/8 -- Evaluating hybrid ensemble ...
2026-04-27 11:51:55 [INFO] models.ensemble - Residual hybrid trained --
  LSTM-only:   RMSE=14.2431  MAE=7.4143  MAPE=13.59%
  Hybrid:      RMSE=7.4736  MAE=3.8836  MAPE=6.06%
  Improvement: 47.5%
2026-04-27 11:51:55 [INFO] models.ensemble - Saved residual stats -> D:\THESIS\model_trainer\artifacts\ensemble_residual_stats.pkl
2026-04-27 11:51:55 [INFO] pipeline.trainer - Step 8/8 -- Saving model version ...
2026-04-27 11:51:55 [INFO] models.model_store - Pruned old version: v011_2026-04-27T02-03-43
2026-04-27 11:51:55 [INFO] models.model_store - Created model version v011_2026-04-27T03-51-55 (5 files)
2026-04-27 11:51:55 [INFO] pipeline.drift_detector - Saved reference distribution (17157 samples).
2026-04-27 11:51:55 [INFO] pipeline.trainer - === TRAINING COMPLETE ===
2026-04-27 11:51:55 [INFO] main - Training complete. Metrics: {'lgbm': {'rmse': 3.6657626968206807, 'mae': 2.078403459600733, 'mape': 2.0719209222838124}, 'lstm': {'rmse': 14.243072135534996, 'mae': 7.414269824515266, 'mape': 13.594721209409219}, 'lgbm_residual': {'rmse': 7.473575318791979, 'mae': 3.8836038443487237}, 'ensemble': {'rmse': 7.473575318791979, 'mae': 3.8836038443487237, 'mape': 6.059267613411298}, 'timestamp': '2026-04-27T03:51:55.646948+00:00', 'data_rows': 17157, 'mode': 'full'}
2026-04-27 13:27:14 [INFO] main - Starting API server on 0.0.0.0:8000
2026-04-27 13:27:35 [INFO] api.main - FOODCAST API starting up ...
2026-04-27 13:28:07 [INFO] models.registry - Loading models into registry ...
2026-04-27 13:28:07 [INFO] models.lightgbm_model - Loaded LightGBM model <- D:\THESIS\model_trainer\artifacts\lightgbm_model.txt
2026-04-27 13:28:08 [INFO] models.lightgbm_model - Loaded LightGBM residual model <- D:\THESIS\model_trainer\artifacts\lightgbm_residual_model.txt
2026-04-27 13:28:08 [INFO] models.lstm_model - Loaded LSTM model ← D:\THESIS\model_trainer\artifacts\lstm_model.pt (9 features)
2026-04-27 13:28:08 [INFO] models.ensemble - Loaded residual stats <- D:\THESIS\model_trainer\artifacts\ensemble_residual_stats.pkl
2026-04-27 13:28:08 [INFO] models.registry - Model registry loaded successfully.
2026-04-27 13:28:10 [INFO] data.preprocessor - Preprocessing 197 rows ...
2026-04-27 13:28:10 [INFO] data.preprocessor - Preprocessing complete -- 197 clean rows.
2026-04-27 13:28:10 [INFO] features.temporal - Added 15 temporal features.
2026-04-27 13:28:10 [INFO] features.lag_features - Added 30 lag / rolling features.
2026-04-27 13:28:10 [INFO] features.categorical - Loaded categorical mappings from D:\THESIS\model_trainer\artifacts\categorical_mappings.json
2026-04-27 13:28:16 [INFO] data.preprocessor - Preprocessing 197 rows ...
2026-04-27 13:28:16 [INFO] data.preprocessor - Preprocessing complete -- 197 clean rows.
2026-04-27 13:28:16 [INFO] features.temporal - Added 15 temporal features.
2026-04-27 13:28:16 [INFO] features.lag_features - Added 30 lag / rolling features.
2026-04-27 13:28:16 [INFO] features.categorical - Loaded categorical mappings from D:\THESIS\model_trainer\artifacts\categorical_mappings.json
2026-04-27 13:28:19 [INFO] data.preprocessor - Preprocessing 197 rows ...
2026-04-27 13:28:19 [INFO] data.preprocessor - Preprocessing complete -- 197 clean rows.
2026-04-27 13:28:19 [INFO] features.temporal - Added 15 temporal features.
2026-04-27 13:28:19 [INFO] features.lag_features - Added 30 lag / rolling features.
2026-04-27 13:28:19 [INFO] features.categorical - Loaded categorical mappings from D:\THESIS\model_trainer\artifacts\categorical_mappings.json
2026-04-27 13:28:27 [INFO] data.preprocessor - Preprocessing 197 rows ...
2026-04-27 13:28:27 [INFO] data.preprocessor - Preprocessing complete -- 197 clean rows.
2026-04-27 13:28:27 [INFO] features.temporal - Added 15 temporal features.
2026-04-27 13:28:27 [INFO] features.lag_features - Added 30 lag / rolling features.
2026-04-27 13:28:27 [INFO] features.categorical - Loaded categorical mappings from D:\THESIS\model_trainer\artifacts\categorical_mappings.json
2026-04-27 13:28:30 [INFO] data.preprocessor - Preprocessing 197 rows ...
2026-04-27 13:28:30 [INFO] data.preprocessor - Preprocessing complete -- 197 clean rows.
2026-04-27 13:28:30 [INFO] features.temporal - Added 15 temporal features.
2026-04-27 13:28:30 [INFO] features.lag_features - Added 30 lag / rolling features.
2026-04-27 13:28:30 [INFO] features.categorical - Loaded categorical mappings from D:\THESIS\model_trainer\artifacts\categorical_mappings.json
2026-04-27 13:28:36 [INFO] data.preprocessor - Preprocessing 197 rows ...
2026-04-27 13:28:36 [INFO] data.preprocessor - Preprocessing complete -- 197 clean rows.
2026-04-27 13:28:36 [INFO] features.temporal - Added 15 temporal features.
2026-04-27 13:28:36 [INFO] features.lag_features - Added 30 lag / rolling features.
2026-04-27 13:28:36 [INFO] features.categorical - Loaded categorical mappings from D:\THESIS\model_trainer\artifacts\categorical_mappings.json
2026-04-27 13:32:15 [INFO] pipeline.trainer - === FULL TRAINING PIPELINE ===
2026-04-27 13:32:15 [INFO] data.fetcher - Fetching ALL food price records ...
2026-04-27 13:32:23 [INFO] data.fetcher - Fetched 17,211 rows total.
2026-04-27 13:32:23 [INFO] pipeline.trainer - Step 1/8 -- Preprocessing ...
2026-04-27 13:32:23 [INFO] data.preprocessor - Preprocessing 17,211 rows ...
2026-04-27 13:32:23 [WARNING] data.preprocessor - Dropped 2 invalid rows (null/negative price).
2026-04-27 13:32:23 [INFO] data.preprocessor - Removed 35 duplicate rows.
2026-04-27 13:33:13 [INFO] pipeline.trainer - === FULL TRAINING PIPELINE ===
2026-04-27 13:33:13 [INFO] data.fetcher - Fetching ALL food price records ...
2026-04-27 13:33:22 [INFO] data.fetcher - Fetched 17,211 rows total.
2026-04-27 13:33:22 [INFO] pipeline.trainer - Step 1/8 -- Preprocessing ...
2026-04-27 13:33:22 [INFO] data.preprocessor - Preprocessing 17,211 rows ...
2026-04-27 13:33:22 [WARNING] data.preprocessor - Dropped 2 invalid rows (null/negative price).
2026-04-27 13:33:22 [INFO] data.preprocessor - Aggregated 7681 rows with duplicate product+date combinations.
2026-04-27 13:37:47 [INFO] pipeline.trainer - === FULL TRAINING PIPELINE ===
2026-04-27 13:37:47 [INFO] data.fetcher - Fetching ALL food price records ...
2026-04-27 13:37:54 [INFO] data.fetcher - Fetched 17,211 rows total.
2026-04-27 13:37:54 [INFO] pipeline.trainer - Step 1/8 -- Preprocessing ...
2026-04-27 13:37:54 [INFO] data.preprocessor - Preprocessing 17,211 rows ...
2026-04-27 13:37:54 [WARNING] data.preprocessor - Dropped 2 invalid rows (null/negative price).
2026-04-27 13:37:54 [INFO] data.preprocessor - Aggregated 7681 rows with duplicate product+date combinations.
2026-04-27 13:37:54 [INFO] data.preprocessor - Removed 16 outlier rows (>4.0σ).
2026-04-27 13:37:54 [INFO] data.preprocessor - Preprocessing complete -- 9,540 clean rows.
2026-04-27 13:37:54 [INFO] pipeline.trainer - Step 2/8 -- Feature engineering ...
2026-04-27 13:37:54 [INFO] features.temporal - Added 15 temporal features.
2026-04-27 13:37:55 [INFO] features.lag_features - Added 30 lag / rolling features.
2026-04-27 13:39:08 [INFO] data.preprocessor - Preprocessing 30 rows ...
2026-04-27 13:39:08 [INFO] data.preprocessor - Preprocessing complete -- 30 clean rows.
2026-04-27 13:39:08 [INFO] data.preprocessor - Preprocessing 1,000 rows ...
2026-04-27 13:39:08 [INFO] data.preprocessor - Preprocessing complete -- 1,000 clean rows.
2026-04-27 13:42:37 [INFO] pipeline.trainer - === FULL TRAINING PIPELINE ===
2026-04-27 13:42:37 [INFO] data.fetcher - Fetching ALL food price records ...
2026-04-27 13:42:44 [INFO] data.fetcher - Fetched 17,211 rows total.
2026-04-27 13:42:44 [INFO] pipeline.trainer - Step 1/8 -- Preprocessing ...
2026-04-27 13:42:44 [INFO] data.preprocessor - Preprocessing 17,211 rows ...
2026-04-27 13:42:44 [WARNING] data.preprocessor - Dropped 2 invalid rows (null/negative price).
2026-04-27 13:42:44 [INFO] data.preprocessor - Aggregated 7681 rows with duplicate product+date combinations.
2026-04-27 13:42:44 [INFO] data.preprocessor - Removed 16 outlier rows (>4.0σ).
2026-04-27 13:42:44 [INFO] data.preprocessor - Preprocessing complete -- 9,540 clean rows.
2026-04-27 13:42:44 [INFO] pipeline.trainer - Step 2/8 -- Feature engineering ...
2026-04-27 13:42:45 [INFO] features.temporal - Added 15 temporal features.
2026-04-27 13:42:45 [INFO] features.lag_features - Added 30 lag / rolling features.
2026-04-27 13:42:45 [INFO] features.categorical - Saved categorical mappings → D:\THESIS\model_trainer\artifacts\categorical_mappings.json
2026-04-27 13:42:45 [INFO] features.categorical - Encoded 4 categorical columns (117 unique values).
2026-04-27 13:42:45 [INFO] pipeline.trainer - Step 3/8 -- Splitting data ...
2026-04-27 13:42:45 [INFO] pipeline.trainer - LightGBM using 54 historical data features. No reasoning features included.
2026-04-27 13:42:45 [INFO] pipeline.trainer - Step 4/8 -- Training LightGBM (absolute prices) ...
2026-04-27 13:42:55 [INFO] models.lightgbm_model - LightGBM validation -- RMSE: 3.8325  MAE: 2.2599  MAPE: 1.82%
2026-04-27 13:42:56 [INFO] models.lightgbm_model - Saved LightGBM model -> D:\THESIS\model_trainer\artifacts\lightgbm_model.txt
2026-04-27 13:43:07 [INFO] models.lightgbm_model - Trained quantile models for confidence intervals.
2026-04-27 13:43:07 [INFO] pipeline.trainer - Step 5/8 -- Training LSTM (Stage 1: base temporal model) ...
2026-04-27 13:43:07 [INFO] models.lstm_model - LSTM using 9 input features: ['price_lag_1d', 'price_lag_7d', 'price_rolling_mean_7d', 'price_rolling_mean_30d', 'price_pct_change_1d', 'month_sin', 'month_cos', 'dow_sin', 'dow_cos']
2026-04-27 13:43:07 [INFO] pipeline.trainer - LSTM sequences -- train: 3757, val: 0, features: 9
2026-04-27 13:43:14 [INFO] models.lstm_model - Epoch   1/200  train=0.005859
2026-04-27 13:43:29 [INFO] models.lstm_model - Epoch  10/200  train=0.003782
2026-04-27 13:43:48 [INFO] models.lstm_model - Epoch  20/200  train=0.002795
2026-04-27 13:44:06 [INFO] models.lstm_model - Epoch  30/200  train=0.002777
2026-04-27 13:44:23 [INFO] models.lstm_model - Epoch  40/200  train=0.002579
2026-04-27 13:44:41 [INFO] models.lstm_model - Epoch  50/200  train=0.001538
2026-04-27 13:44:58 [INFO] models.lstm_model - Epoch  60/200  train=0.001393
2026-04-27 13:45:15 [INFO] models.lstm_model - Epoch  70/200  train=0.001197
2026-04-27 13:45:33 [INFO] models.lstm_model - Epoch  80/200  train=0.000980
2026-04-27 13:45:43 [INFO] pipeline.trainer - === FULL TRAINING PIPELINE ===
2026-04-27 13:45:43 [INFO] data.fetcher - Fetching ALL food price records ...
2026-04-27 13:45:50 [INFO] models.lstm_model - Epoch  90/200  train=0.001093
2026-04-27 13:45:52 [INFO] data.fetcher - Fetched 17,211 rows total.
2026-04-27 13:45:52 [INFO] pipeline.trainer - Step 1/8 -- Preprocessing ...
2026-04-27 13:45:52 [INFO] data.preprocessor - Preprocessing 17,211 rows ...
2026-04-27 13:45:52 [WARNING] data.preprocessor - Dropped 2 invalid rows (null/negative price).
2026-04-27 13:45:52 [INFO] data.preprocessor - Aggregated 7681 rows with duplicate product+date combinations.
2026-04-27 13:45:52 [INFO] data.preprocessor - Removed 16 outlier rows (>4.0σ).
2026-04-27 13:45:52 [INFO] data.preprocessor - Preprocessing complete -- 9,540 clean rows.
2026-04-27 13:45:52 [INFO] pipeline.trainer - Step 2/8 -- Feature engineering ...
2026-04-27 13:45:52 [INFO] features.temporal - Added 15 temporal features.
2026-04-27 13:45:52 [INFO] features.lag_features - Added 30 lag / rolling features.
2026-04-27 13:45:52 [INFO] features.categorical - Saved categorical mappings → D:\THESIS\model_trainer\artifacts\categorical_mappings.json
2026-04-27 13:45:52 [INFO] features.categorical - Encoded 4 categorical columns (117 unique values).
2026-04-27 13:45:52 [INFO] pipeline.trainer - Step 3/8 -- Splitting data ...
2026-04-27 13:45:52 [INFO] pipeline.trainer - LightGBM using 54 historical data features. No reasoning features included.
2026-04-27 13:45:52 [INFO] pipeline.trainer - Step 4/8 -- Training LightGBM (absolute prices) ...
2026-04-27 13:46:16 [INFO] models.lstm_model - Epoch 100/200  train=0.000933
2026-04-27 13:46:18 [INFO] models.lightgbm_model - LightGBM validation -- RMSE: 3.8325  MAE: 2.2599  MAPE: 1.82%
2026-04-27 13:46:18 [INFO] models.lightgbm_model - Saved LightGBM model -> D:\THESIS\model_trainer\artifacts\lightgbm_model.txt
2026-04-27 13:46:44 [INFO] models.lstm_model - Epoch 110/200  train=0.001056
2026-04-27 13:46:52 [INFO] models.lightgbm_model - Trained quantile models for confidence intervals.
2026-04-27 13:46:52 [INFO] pipeline.trainer - Step 5/8 -- Training LSTM (Stage 1: base temporal model) ...
2026-04-27 13:46:52 [INFO] models.lstm_model - LSTM using 9 input features: ['price_lag_1d', 'price_lag_7d', 'price_rolling_mean_7d', 'price_rolling_mean_30d', 'price_pct_change_1d', 'month_sin', 'month_cos', 'dow_sin', 'dow_cos']
2026-04-27 13:46:52 [INFO] pipeline.trainer - LSTM sequences -- train: 3757, val: 46, features: 9
2026-04-27 13:46:56 [INFO] models.lstm_model - Epoch   1/200  train=0.006188  val=0.003673  lr=1.00e-03
2026-04-27 13:47:08 [INFO] models.lstm_model - Epoch 120/200  train=0.000879
2026-04-27 13:47:19 [INFO] models.lstm_model - Epoch  10/200  train=0.003823  val=0.003133  lr=1.00e-03
2026-04-27 13:47:36 [INFO] models.lstm_model - Epoch 130/200  train=0.000639
2026-04-27 13:47:46 [INFO] models.lstm_model - Epoch  20/200  train=0.002821  val=0.004464  lr=5.00e-04
2026-04-27 13:48:02 [INFO] models.lstm_model - Epoch 140/200  train=0.000656
2026-04-27 13:48:14 [INFO] models.lstm_model - Epoch  30/200  train=0.001985  val=0.006365  lr=2.50e-04
2026-04-27 13:48:23 [INFO] models.lstm_model - Early stopping at epoch 33
2026-04-27 13:48:23 [INFO] models.lstm_model - LSTM validation — RMSE: 0.9978  MAE: 0.6885  MAPE: 0.48%
2026-04-27 13:48:23 [INFO] pipeline.trainer - Step 6/8 -- Training LightGBM residual correction (Stage 2) ...
2026-04-27 13:48:23 [INFO] pipeline.trainer - Residual stats (train) -- mean: 0.2903, std: 6.7246, median: 0.0687
2026-04-27 13:48:30 [INFO] models.lstm_model - Epoch 150/200  train=0.000578
2026-04-27 13:48:45 [INFO] models.lightgbm_model - Saved LightGBM residual model -> D:\THESIS\model_trainer\artifacts\lightgbm_residual_model.txt
2026-04-27 13:48:57 [INFO] models.lstm_model - Epoch 160/200  train=0.000567
2026-04-27 13:49:27 [INFO] models.lstm_model - Epoch 170/200  train=0.000541
2026-04-27 13:49:30 [INFO] models.lightgbm_model - Trained residual quantile models for confidence intervals.
2026-04-27 13:49:30 [INFO] pipeline.trainer - Step 7/8 -- Evaluating hybrid ensemble ...
2026-04-27 13:49:30 [WARNING] pipeline.trainer - No LSTM sequences for hybrid evaluation.
2026-04-27 13:49:30 [INFO] pipeline.trainer - Step 8/8 -- Saving model version ...
2026-04-27 13:49:30 [INFO] models.model_store - Pruned old version: v011_2026-04-27T02-27-24
2026-04-27 13:49:30 [INFO] models.model_store - Created model version v011_2026-04-27T05-49-30 (5 files)
2026-04-27 13:49:30 [INFO] pipeline.drift_detector - Saved reference distribution (9540 samples).
2026-04-27 13:49:30 [INFO] pipeline.trainer - === TRAINING COMPLETE ===
2026-04-27 13:49:30 [INFO] main - Training complete. Metrics: {'lgbm': {'rmse': 3.8325242196187825, 'mae': 2.2599413443867427, 'mape': 1.8245363401927754}, 'lstm': {'rmse': 0.997818547261017, 'mae': 0.6885022235243615, 'mape': 0.4844909128935442}, 'lgbm_residual': {}, 'ensemble': {}, 'timestamp': '2026-04-27T05:49:30.512164+00:00', 'data_rows': 9540, 'mode': 'full'}
2026-04-27 13:49:47 [INFO] models.lstm_model - Epoch 180/200  train=0.000701
2026-04-27 13:50:05 [INFO] models.lstm_model - Epoch 190/200  train=0.000480
2026-04-27 13:50:24 [INFO] models.lstm_model - Epoch 200/200  train=0.000467
2026-04-27 13:50:24 [INFO] pipeline.trainer - Step 6/8 -- Training LightGBM residual correction (Stage 2) ...
2026-04-27 13:50:25 [INFO] pipeline.trainer - Residual stats (train) -- mean: -0.1852, std: 6.4207, median: -0.1298
2026-04-27 13:50:35 [INFO] models.lightgbm_model - Saved LightGBM residual model -> D:\THESIS\model_trainer\artifacts\lightgbm_residual_model.txt
2026-04-27 13:50:55 [INFO] models.lightgbm_model - Trained residual quantile models for confidence intervals.
2026-04-27 13:50:55 [INFO] pipeline.trainer - Step 7/8 -- Evaluating hybrid ensemble ...
2026-04-27 13:50:55 [INFO] pipeline.trainer - Step 8/8 -- Saving model version ...
2026-04-27 13:50:55 [INFO] models.model_store - Pruned old version: v011_2026-04-27T02-34-42
2026-04-27 13:50:55 [INFO] models.model_store - Created model version v011_2026-04-27T05-50-55 (5 files)
2026-04-27 13:50:55 [INFO] pipeline.drift_detector - Saved reference distribution (9540 samples).
2026-04-27 13:50:55 [INFO] pipeline.trainer - === TRAINING COMPLETE ===
2026-04-27 13:50:55 [INFO] main - Training complete. Metrics: {'lgbm': {'rmse': 3.8325242196187825, 'mae': 2.2599413443867427, 'mape': 1.8245363401927754}, 'lstm': {}, 'lgbm_residual': {}, 'ensemble': {}, 'timestamp': '2026-04-27T05:50:55.068365+00:00', 'data_rows': 9540, 'mode': 'full'}
2026-04-27 14:19:04 [INFO] pipeline.trainer - === FULL TRAINING PIPELINE ===
2026-04-27 14:19:04 [INFO] data.fetcher - Fetching ALL food price records ...
2026-04-27 14:19:11 [INFO] data.fetcher - Fetched 17,694 rows total.
2026-04-27 14:19:11 [INFO] pipeline.trainer - Step 1/8 -- Preprocessing ...
2026-04-27 14:19:11 [INFO] data.preprocessor - Preprocessing 17,694 rows ...
2026-04-27 14:19:11 [WARNING] data.preprocessor - Dropped 3 invalid rows (null/negative price).
2026-04-27 14:19:12 [INFO] data.preprocessor - Aggregated 7887 rows with duplicate product+date combinations.
2026-04-27 14:19:12 [INFO] data.preprocessor - Removed 33 outlier rows (>4.0σ).
2026-04-27 14:19:12 [INFO] data.preprocessor - Preprocessing complete -- 9,946 clean rows.
2026-04-27 14:19:12 [INFO] pipeline.trainer - Step 2/8 -- Feature engineering ...
2026-04-27 14:19:12 [INFO] features.temporal - Added 15 temporal features.
2026-04-27 14:19:12 [INFO] features.lag_features - Added 30 lag / rolling features.
2026-04-27 14:19:12 [INFO] features.categorical - Saved categorical mappings → D:\THESIS\model_trainer\artifacts\categorical_mappings.json
2026-04-27 14:19:12 [INFO] features.categorical - Encoded 4 categorical columns (118 unique values).
2026-04-27 14:19:12 [INFO] pipeline.trainer - Step 3/8 -- Splitting data ...
2026-04-27 14:19:12 [INFO] pipeline.trainer - LightGBM using 54 historical data features. No reasoning features included.
2026-04-27 14:19:12 [INFO] pipeline.trainer - Step 4/8 -- Training LightGBM (absolute prices) ...
2026-04-27 14:19:27 [INFO] models.lightgbm_model - LightGBM validation -- RMSE: 3.7357  MAE: 2.1215  MAPE: 1.73%
2026-04-27 14:19:27 [INFO] models.lightgbm_model - Saved LightGBM model -> D:\THESIS\model_trainer\artifacts\lightgbm_model.txt
2026-04-27 14:19:56 [INFO] models.lightgbm_model - Trained quantile models for confidence intervals.
2026-04-27 14:19:56 [INFO] pipeline.trainer - Step 5/8 -- Training LSTM (Stage 1: base temporal model) ...
2026-04-27 14:19:56 [INFO] models.lstm_model - LSTM using 9 input features: ['price_lag_1d', 'price_lag_7d', 'price_rolling_mean_7d', 'price_rolling_mean_30d', 'price_pct_change_1d', 'month_sin', 'month_cos', 'dow_sin', 'dow_cos']
2026-04-27 14:19:56 [INFO] pipeline.trainer - LSTM sequences -- train: 4155, val: 47, features: 9
2026-04-27 14:20:02 [INFO] models.lstm_model - Epoch   1/200  train=0.006322  val=0.003048  lr=1.00e-03
2026-04-27 14:20:20 [INFO] models.lstm_model - Epoch  10/200  train=0.003801  val=0.004537  lr=5.00e-04
2026-04-27 14:20:40 [INFO] models.lstm_model - Epoch  20/200  train=0.002549  val=0.004856  lr=2.50e-04
2026-04-27 14:20:53 [INFO] models.lstm_model - Early stopping at epoch 26
2026-04-27 14:20:53 [INFO] models.lstm_model - LSTM validation — RMSE: 2.5278  MAE: 2.1588  MAPE: 1.50%
2026-04-27 14:20:53 [INFO] pipeline.trainer - Step 6/8 -- Training LightGBM residual correction (Stage 2) ...
2026-04-27 14:20:53 [INFO] pipeline.trainer - Residual stats (train) -- mean: 1.7355, std: 7.4901, median: 1.3242
2026-04-27 14:20:53 [ERROR] pipeline.trainer - Residual training failed: index 1495 is out of bounds for axis 0 with size 1460
2026-04-27 14:20:53 [WARNING] pipeline.trainer - Falling back to direct LightGBM price training.
2026-04-27 14:21:06 [INFO] models.lightgbm_model - LightGBM validation -- RMSE: 3.7357  MAE: 2.1215  MAPE: 1.73%
2026-04-27 14:21:06 [INFO] models.lightgbm_model - Saved LightGBM model -> D:\THESIS\model_trainer\artifacts\lightgbm_model.txt
2026-04-27 14:21:25 [INFO] models.lightgbm_model - Trained quantile models for confidence intervals.
2026-04-27 14:21:25 [INFO] pipeline.trainer - Step 7/8 -- Evaluating hybrid ensemble ...
2026-04-27 14:21:26 [ERROR] pipeline.trainer - Hybrid evaluation failed: positional indexers are out-of-bounds
2026-04-27 14:21:26 [INFO] pipeline.trainer - Step 8/8 -- Saving model version ...
2026-04-27 14:21:26 [INFO] models.model_store - Pruned old version: v011_2026-04-27T02-46-52
2026-04-27 14:21:26 [INFO] models.model_store - Created model version v011_2026-04-27T06-21-26 (5 files)
2026-04-27 14:21:26 [INFO] pipeline.drift_detector - Saved reference distribution (9946 samples).
2026-04-27 14:21:26 [INFO] pipeline.trainer - === TRAINING COMPLETE ===
2026-04-27 14:21:26 [INFO] main - Training complete. Metrics: {'lgbm': {'rmse': 3.73566985821632, 'mae': 2.1214583359849586, 'mape': 1.7318184443171685}, 'lstm': {'rmse': 2.527837762609259, 'mae': 2.1587613995277817, 'mape': 1.4966656552984356}, 'lgbm_residual': {'rmse': 3.73566985821632, 'mae': 2.1214583359849586, 'mape': 1.7318184443171685}, 'ensemble': {}, 'timestamp': '2026-04-27T06:21:26.060819+00:00', 'data_rows': 9946, 'mode': 'full'}
2026-04-27 14:26:11 [INFO] pipeline.trainer - === FULL TRAINING PIPELINE ===
2026-04-27 14:26:11 [INFO] data.fetcher - Fetching ALL food price records ...
2026-04-27 14:26:17 [INFO] data.fetcher - Fetched 17,694 rows total.
2026-04-27 14:26:17 [INFO] pipeline.trainer - Step 1/8 -- Preprocessing ...
2026-04-27 14:26:17 [INFO] data.preprocessor - Preprocessing 17,694 rows ...
2026-04-27 14:26:18 [WARNING] data.preprocessor - Dropped 3 invalid rows (null/negative price).
2026-04-27 14:26:18 [INFO] data.preprocessor - Aggregated 7887 rows with duplicate product+date combinations.
2026-04-27 14:26:18 [INFO] data.preprocessor - Removed 33 outlier rows (>4.0σ).
2026-04-27 14:26:18 [INFO] data.preprocessor - Preprocessing complete -- 9,946 clean rows.
2026-04-27 14:26:18 [INFO] pipeline.trainer - Step 2/8 -- Feature engineering ...
2026-04-27 14:26:18 [INFO] features.temporal - Added 15 temporal features.
2026-04-27 14:26:18 [INFO] features.lag_features - Added 30 lag / rolling features.
2026-04-27 14:26:18 [INFO] features.categorical - Saved categorical mappings → D:\THESIS\model_trainer\artifacts\categorical_mappings.json
2026-04-27 14:26:18 [INFO] features.categorical - Encoded 4 categorical columns (118 unique values).
2026-04-27 14:26:18 [INFO] pipeline.trainer - Step 3/8 -- Splitting data ...
2026-04-27 14:26:18 [INFO] pipeline.trainer - LightGBM using 54 historical data features. No reasoning features included.
2026-04-27 14:26:18 [INFO] pipeline.trainer - Step 4/8 -- Training LightGBM (absolute prices) ...
2026-04-27 14:26:38 [INFO] models.lightgbm_model - LightGBM validation -- RMSE: 3.7357  MAE: 2.1215  MAPE: 1.73%
2026-04-27 14:26:38 [INFO] models.lightgbm_model - Saved LightGBM model -> D:\THESIS\model_trainer\artifacts\lightgbm_model.txt
2026-04-27 14:27:17 [INFO] models.lightgbm_model - Trained quantile models for confidence intervals.
2026-04-27 14:27:17 [INFO] pipeline.trainer - Step 5/8 -- Training LSTM (Stage 1: base temporal model) ...
2026-04-27 14:27:17 [INFO] models.lstm_model - LSTM using 9 input features: ['price_lag_1d', 'price_lag_7d', 'price_rolling_mean_7d', 'price_rolling_mean_30d', 'price_pct_change_1d', 'month_sin', 'month_cos', 'dow_sin', 'dow_cos']
2026-04-27 14:27:17 [INFO] pipeline.trainer - LSTM sequences -- train: 4155, val: 47, features: 9
2026-04-27 14:27:23 [INFO] models.lstm_model - Epoch   1/200  train=0.006118  val=0.003000  lr=1.00e-03
2026-04-27 14:27:49 [INFO] models.lstm_model - Epoch  10/200  train=0.003749  val=0.003782  lr=1.00e-03
2026-04-27 14:28:14 [INFO] models.lstm_model - Epoch  20/200  train=0.002307  val=0.006168  lr=2.50e-04
2026-04-27 14:28:32 [INFO] models.lstm_model - Early stopping at epoch 27
2026-04-27 14:28:32 [INFO] models.lstm_model - LSTM validation — RMSE: 0.4092  MAE: 0.2730  MAPE: 0.21%
2026-04-27 14:28:32 [INFO] pipeline.trainer - Step 6/8 -- Training LightGBM residual correction (Stage 2) ...
2026-04-27 14:28:33 [INFO] pipeline.trainer - Residual stats (train) -- mean: 0.1351, std: 7.2641, median: -0.0310
2026-04-27 14:28:33 [INFO] pipeline.trainer - Residual stats (val) -- mean: -0.1365, std: 0.3857
2026-04-27 14:28:34 [INFO] models.lightgbm_model - LightGBM residual model -- RMSE: 0.3549  MAE: 0.2190
2026-04-27 14:28:34 [INFO] models.lightgbm_model - Saved LightGBM residual model -> D:\THESIS\model_trainer\artifacts\lightgbm_residual_model.txt
2026-04-27 14:28:51 [INFO] models.lightgbm_model - Trained residual quantile models for confidence intervals.
2026-04-27 14:28:51 [INFO] pipeline.trainer - Step 7/8 -- Evaluating hybrid ensemble ...
2026-04-27 14:28:51 [INFO] models.ensemble - Residual hybrid trained --
  LSTM-only:   RMSE=0.4092  MAE=0.2730  MAPE=0.21%
  Hybrid:      RMSE=0.3549  MAE=0.2190  MAPE=0.16%
  Improvement: 13.3%
2026-04-27 14:28:51 [INFO] models.ensemble - Saved residual stats -> D:\THESIS\model_trainer\artifacts\ensemble_residual_stats.pkl
2026-04-27 14:28:51 [INFO] pipeline.trainer - Step 8/8 -- Saving model version ...
2026-04-27 14:28:51 [INFO] models.model_store - Pruned old version: v011_2026-04-27T03-07-09
2026-04-27 14:28:51 [INFO] models.model_store - Created model version v011_2026-04-27T06-28-51 (5 files)
2026-04-27 14:28:51 [INFO] pipeline.drift_detector - Saved reference distribution (9946 samples).
2026-04-27 14:28:51 [INFO] pipeline.trainer - === TRAINING COMPLETE ===
2026-04-27 14:28:51 [INFO] main - Training complete. Metrics: {'lgbm': {'rmse': 3.73566985821632, 'mae': 2.1214583359849586, 'mape': 1.7318184443171685}, 'lstm': {'rmse': 0.40915655309099835, 'mae': 0.27301316818331595, 'mape': 0.21031854000497444}, 'lgbm_residual': {'rmse': 0.354857831687186, 'mae': 0.21896533748919658}, 'ensemble': {'rmse': 0.35485783168718854, 'mae': 0.21896533748919694, 'mape': 0.16200605849591437}, 'timestamp': '2026-04-27T06:28:51.325262+00:00', 'data_rows': 9946, 'mode': 'full'}
2026-04-27 14:42:59 [INFO] main - Starting API server on 0.0.0.0:8000
2026-04-27 14:43:03 [INFO] api.main - FOODCAST API starting up ...
2026-04-27 14:43:42 [INFO] data.preprocessor - Preprocessing 203 rows ...
2026-04-27 14:43:42 [INFO] data.preprocessor - Removed 1 outlier rows (>4.0σ).
2026-04-27 14:43:42 [INFO] data.preprocessor - Preprocessing complete -- 202 clean rows.
2026-04-27 14:43:42 [INFO] features.temporal - Added 15 temporal features.
2026-04-27 14:43:42 [INFO] features.lag_features - Added 30 lag / rolling features.
2026-04-27 14:43:42 [INFO] features.categorical - Loaded categorical mappings from D:\THESIS\model_trainer\artifacts\categorical_mappings.json
2026-04-27 14:43:51 [INFO] data.preprocessor - Preprocessing 203 rows ...
2026-04-27 14:43:51 [INFO] data.preprocessor - Removed 1 outlier rows (>4.0σ).
2026-04-27 14:43:51 [INFO] data.preprocessor - Preprocessing complete -- 202 clean rows.
2026-04-27 14:43:51 [INFO] features.temporal - Added 15 temporal features.
2026-04-27 14:43:51 [INFO] features.lag_features - Added 30 lag / rolling features.
2026-04-27 14:43:51 [INFO] features.categorical - Loaded categorical mappings from D:\THESIS\model_trainer\artifacts\categorical_mappings.json
2026-04-27 14:52:27 [INFO] pipeline.trainer - === FULL TRAINING PIPELINE ===
2026-04-27 14:52:27 [INFO] data.fetcher - Fetching ALL food price records ...
2026-04-27 14:52:34 [INFO] data.fetcher - Fetched 17,694 rows total.
2026-04-27 14:52:34 [INFO] pipeline.trainer - Step 1/8 -- Preprocessing ...
2026-04-27 14:52:34 [INFO] data.preprocessor - Preprocessing 17,694 rows ...
2026-04-27 14:52:34 [WARNING] data.preprocessor - Dropped 3 invalid rows (null/negative price).
2026-04-27 14:52:34 [INFO] data.preprocessor - Aggregated 7887 rows with duplicate product+date combinations.
2026-04-27 14:52:34 [INFO] data.preprocessor - Removed 33 outlier rows (>4.0σ).
2026-04-27 14:52:34 [INFO] data.preprocessor - Preprocessing complete -- 9,946 clean rows.
2026-04-27 14:52:34 [INFO] pipeline.trainer - Step 2/8 -- Feature engineering ...
2026-04-27 14:52:34 [INFO] features.temporal - Added 15 temporal features.
2026-04-27 14:52:35 [INFO] features.lag_features - Added 30 lag / rolling features.
2026-04-27 14:52:35 [INFO] features.categorical - Saved categorical mappings → D:\THESIS\model_trainer\artifacts\categorical_mappings.json
2026-04-27 14:52:35 [INFO] features.categorical - Encoded 4 categorical columns (118 unique values).
2026-04-27 14:52:35 [INFO] pipeline.trainer - Step 3/8 -- Splitting data ...
2026-04-27 14:52:35 [INFO] pipeline.trainer - LightGBM using 54 historical data features. No reasoning features included.
2026-04-27 14:52:35 [INFO] pipeline.trainer - Step 4/8 -- Training LightGBM (absolute prices) ...
2026-04-27 14:52:43 [INFO] models.lightgbm_model - LightGBM validation -- RMSE: 3.7357  MAE: 2.1215  MAPE: 1.73%
2026-04-27 14:52:43 [INFO] models.lightgbm_model - Saved LightGBM model -> D:\THESIS\model_trainer\artifacts\lightgbm_model.txt
2026-04-27 14:52:56 [INFO] models.lightgbm_model - Trained quantile models for confidence intervals.
2026-04-27 14:52:56 [INFO] pipeline.trainer - Step 5/8 -- Training LSTM (Stage 1: base temporal model) ...
2026-04-27 14:52:56 [INFO] models.lstm_model - LSTM using 9 input features: ['price_lag_1d', 'price_lag_7d', 'price_rolling_mean_7d', 'price_rolling_mean_30d', 'price_pct_change_1d', 'month_sin', 'month_cos', 'dow_sin', 'dow_cos']
2026-04-27 14:52:56 [INFO] pipeline.trainer - LSTM sequences -- train: 4155, val: 47, features: 9
2026-04-27 14:53:00 [INFO] models.lstm_model - Epoch   1/200  train=0.005957  val=0.003327  lr=1.00e-03
2026-04-27 14:53:20 [INFO] models.lstm_model - Epoch  10/200  train=0.003902  val=0.003643  lr=1.00e-03
2026-04-27 14:53:41 [INFO] models.lstm_model - Epoch  20/200  train=0.002518  val=0.004955  lr=5.00e-04
2026-04-27 14:54:01 [INFO] models.lstm_model - Epoch  30/200  train=0.001714  val=0.012712  lr=2.50e-04
2026-04-27 14:54:07 [INFO] models.lstm_model - Early stopping at epoch 33
2026-04-27 14:54:07 [INFO] models.lstm_model - LSTM validation — RMSE: 1.0727  MAE: 0.8938  MAPE: 0.60%
2026-04-27 14:54:08 [INFO] pipeline.trainer - Step 6/8 -- Training LightGBM residual correction (Stage 2) ...
2026-04-27 14:54:08 [INFO] pipeline.trainer - Residual stats (train) -- mean: 1.0944, std: 7.4257, median: 0.4043
2026-04-27 14:54:08 [INFO] pipeline.trainer - Residual stats (val) -- mean: 0.8909, std: 0.5974
2026-04-27 14:54:10 [INFO] models.lightgbm_model - LightGBM residual model -- RMSE: 0.4625  MAE: 0.3688
2026-04-27 14:54:10 [INFO] models.lightgbm_model - Saved LightGBM residual model -> D:\THESIS\model_trainer\artifacts\lightgbm_residual_model.txt
2026-04-27 14:54:21 [INFO] models.lightgbm_model - Trained residual quantile models for confidence intervals.
2026-04-27 14:54:21 [INFO] pipeline.trainer - Step 7/8 -- Evaluating hybrid ensemble ...
2026-04-27 14:54:21 [INFO] models.ensemble - Residual hybrid trained --
  LSTM-only:   RMSE=1.0727  MAE=0.8938  MAPE=0.60%
  Hybrid:      RMSE=0.4625  MAE=0.3688  MAPE=0.44%
  Improvement: 56.9%
2026-04-27 14:54:21 [INFO] models.ensemble - Saved residual stats -> D:\THESIS\model_trainer\artifacts\ensemble_residual_stats.pkl
2026-04-27 14:54:21 [INFO] pipeline.trainer - Step 8/8 -- Saving model version ...
2026-04-27 14:54:21 [INFO] models.model_store - Pruned old version: v011_2026-04-27T03-12-32
2026-04-27 14:54:21 [INFO] models.model_store - Created model version v011_2026-04-27T06-54-21 (5 files)
2026-04-27 14:54:21 [INFO] pipeline.drift_detector - Saved reference distribution (9946 samples).
2026-04-27 14:54:21 [INFO] pipeline.trainer - === TRAINING COMPLETE ===
2026-04-27 14:54:21 [INFO] main - Training complete. Metrics: {'lgbm': {'rmse': 3.73566985821632, 'mae': 2.1214583359849586, 'mape': 1.7318184443171685}, 'lstm': {'rmse': 1.0726582764236412, 'mae': 0.8938007298285396, 'mape': 0.6033891058982689}, 'lgbm_residual': {'rmse': 0.4624900466689758, 'mae': 0.3687705380285978}, 'ensemble': {'rmse': 0.46249004666897664, 'mae': 0.3687705380285984, 'mape': 0.4441432737012932}, 'timestamp': '2026-04-27T06:54:21.353219+00:00', 'data_rows': 9946, 'mode': 'full'}
2026-04-27 16:35:47 [INFO] main - Running news scraping pipeline ...
2026-04-27 16:35:50 [INFO] data.news_scraper - === NEWS SCRAPING PIPELINE (ABS-CBN) === LLM: Groq (llama-3.3-70b)
2026-04-27 16:36:45 [INFO] data.news_scraper - Discovered 88 article URLs.
2026-04-27 16:37:05 [INFO] data.news_scraper - 88 new URLs to process.
2026-04-27 16:37:06 [INFO] data.news_scraper - [1/88] https://www.abs-cbn.com/news/regions/2026/4/26/tv-patrol-regional-april-26-2026-1730
2026-04-27 16:37:08 [INFO] data.news_scraper - [2/88] https://www.abs-cbn.com/lifestyle/pageants-beauty-queens/2026/4/27/paraguay-candidate-in-manila-to-train-for-miss-universe-2026-1228
2026-04-27 16:37:11 [INFO] data.news_scraper - [3/88] https://www.abs-cbn.com/news/business/2026/4/27/lopez-majority-a-matter-of-trust-and-governance-0931
2026-04-27 16:37:13 [INFO] data.news_scraper - [4/88] https://www.abs-cbn.com/entertainment/showbiz/celebrities/2026/4/26/exclusive-david-licauco-reveals-plans-for-his-own-resort-in-siargao-dream-big-start-small-0847
2026-04-27 16:37:15 [INFO] data.news_scraper - [5/88] https://www.abs-cbn.com/entertainment/showbiz/celebrities/2026/4/26/piolo-pascual-on-still-being-a-heartthrob-at-49-it-s-not-going-to-be-like-that-forever-1240
2026-04-27 16:37:17 [INFO] data.news_scraper - [6/88] https://www.abs-cbn.com/news/health-science/2026/4/13/four-gifted-kids-create-one-animated-film-1617
2026-04-27 16:37:20 [INFO] data.news_scraper - [7/88] https://www.abs-cbn.com/news/regions/2026/4/26/consultant-ng-pribadong-kompanya-sa-calamba-patay-sa-ambush-1949
2026-04-27 16:37:22 [INFO] data.news_scraper - [8/88] https://www.abs-cbn.com/news/regions/2026/4/25/de-lima-seeks-urgent-probe-on-negros-military-operation-that-left-19-dead-1643
2026-04-27 16:37:24 [INFO] data.news_scraper - [9/88] https://www.abs-cbn.com/news/regions/2026/4/27/philippines-says-two-us-citizens-among-19-killed-in-raid-0831
2026-04-27 16:37:27 [INFO] data.news_scraper - [10/88] https://www.abs-cbn.com/sports/othersports/2026/4/27/aj-lim-sweeps-ph-open-eyes-growth-for-ph-men-s-tennis-0043
2026-04-27 16:37:29 [INFO] data.news_scraper - [11/88] https://www.abs-cbn.com/news/health-science/2026/4/27/valenzuela-air-quality-remains-unhealthy-for-sensitive-groups-1603
2026-04-27 16:37:32 [INFO] data.news_scraper - [12/88] https://www.abs-cbn.com/news/business/2026/4/24/solar-panel-project-helps-communities-nationwide-1219
2026-04-27 16:37:34 [INFO] data.news_scraper - [13/88] https://www.abs-cbn.com/entertainment/showbiz/celebrities/2026/4/26/seth-fedelin-says-there-is-no-competition-with-jmfyang-donbelle-movie-projects-we-support-them-0950
2026-04-27 16:37:37 [INFO] data.news_scraper - [14/88] https://www.abs-cbn.com/news/nation/2026/4/27/rider-patay-isa-pa-sugatan-sa-banggaan-sa-caloocan-0730
2026-04-27 16:37:39 [INFO] data.news_scraper - [15/88] https://www.abs-cbn.com/entertainment/showbiz/celebrities/2026/4/25/kimpau-charms-global-fans-during-redwood-city-stop-of-world-tour-1712
2026-04-27 16:37:42 [INFO] data.news_scraper - [16/88] https://www.abs-cbn.com/lifestyle/2026/4/26/furniture-brand-employs-charred-wood-to-elevate-local-luxury-design-1000
2026-04-27 16:37:44 [INFO] data.news_scraper - [17/88] https://www.abs-cbn.com/sports/basketball/2026/4/27/nba-spurs-win-in-wembanyama-return-to-take-3-1-lead-over-trail-blazers-1219
2026-04-27 16:37:47 [INFO] data.news_scraper - [18/88] https://www.abs-cbn.com/sports/basketball/2026/4/27/nba-minnesota-s-edwards-to-miss-several-weeks-report-1219
2026-04-27 16:37:49 [INFO] data.news_scraper - [19/88] https://www.abs-cbn.com/news/regions/2026/4/27/palace-denies-leviste-s-claim-says-batangas-aid-was-not-politicized-1522
2026-04-27 16:37:52 [INFO] data.news_scraper - [20/88] https://www.abs-cbn.com/news/nation/2026/4/27/-madasaling-holdaper-timbog-inamin-na-natakot-bago-mang-holdap-0801
2026-04-27 16:37:54 [INFO] data.news_scraper - [21/88] https://www.abs-cbn.com/news/world/2026/4/27/suspect-in-us-press-gala-shooting-what-we-know-0747
2026-04-27 16:37:56 [INFO] data.news_scraper - [22/88] https://www.abs-cbn.com/news/regions/2026/4/24/protesters-seek-truly-independent-probe-into-negros-occidental-clash-that-killed-19-1552
2026-04-27 16:37:58 [INFO] data.news_scraper - [23/88] https://www.abs-cbn.com/news/regions/2026/4/23/3-patay-sa-operasyon-ng-pulisya-sa-zamboanga-1222
2026-04-27 16:38:00 [INFO] data.news_scraper - [24/88] https://www.abs-cbn.com/news/nation/2026/4/27/palace-chr-probe-into-toboso-military-operation-won-t-be-blocked-1632
2026-04-27 16:38:02 [INFO] data.news_scraper - [25/88] https://www.abs-cbn.com/entertainment/studios/tv/2026/4/27/vice-nagpakatotoo-tungkol-sa-mga-frustrations-at-takot-sa-pagtanda-it-s-showtime-1421
2026-04-27 16:38:04 [INFO] data.news_scraper - [26/88] https://www.abs-cbn.com/news/business/2026/4/22/guarding-tubbataha-protecting-a-world-heritage-reef-1009
2026-04-27 16:38:07 [INFO] data.news_scraper - [27/88] https://www.abs-cbn.com/news/regions/2026/4/23/-huwag-kainin-tagum-city-agri-nagbabala-sa-ninakaw-na-nakalalasong-kamoteng-kahoy-1353
2026-04-27 16:38:09 [INFO] data.news_scraper - [28/88] https://www.abs-cbn.com/sports/basketball/2026/4/27/despite-loss-to-iran-gilas-men-reach-3x3-q-finals-in-sanya-1356
2026-04-27 16:38:11 [INFO] data.news_scraper - [29/88] https://www.abs-cbn.com/news/nation/2026/4/27/dy-calls-for-inclusive-asean-pushes-for-women-s-decision-making-power-1523
2026-04-27 16:38:13 [INFO] data.news_scraper - [30/88] https://www.abs-cbn.com/news/regions/2026/4/25/2-patay-matapos-ma-trap-sa-treasure-hunting-tunnel-sa-panabo-city-1700
2026-04-27 16:38:15 [INFO] data.news_scraper - [31/88] https://www.abs-cbn.com/news/regions/2026/4/24/mainit-na-kape-ipinanlaban-ng-lalaki-sa-holdaper-1120
2026-04-27 16:38:19 [INFO] data.news_scraper - [32/88] https://www.abs-cbn.com/sports/basketball/2026/4/27/gilas-women-sweep-pool-c-reach-3x3-q-finals-in-asian-beach-games-1344
2026-04-27 16:38:21 [INFO] data.news_scraper - [33/88] https://www.abs-cbn.com/lifestyle/people-culture-events/2026/4/27/kuya-kurt-shuts-down-cia-agent-rumors-hindi-totoo-yan-1448
2026-04-27 16:38:23 [INFO] data.news_scraper - [34/88] https://www.abs-cbn.com/news/nation/2026/4/27/edsa-ortigas-interchange-reopens-to-light-vehicles-after-bus-fire-incident-0735
2026-04-27 16:38:26 [INFO] data.news_scraper - [35/88] https://www.abs-cbn.com/news/regions/2026/4/26/afp-handang-humarap-sa-anumang-imbestigasyon-kaugnay-ng-engkuwentro-sa-toboso-1923
2026-04-27 16:38:28 [INFO] data.news_scraper - [36/88] https://www.abs-cbn.com/entertainment/showbiz/celebrities/2026/4/25/dan-villegas-all-praises-for-jm-ibarra-and-fyang-smith-they-exceeded-my-expectations-2144
2026-04-27 16:38:31 [INFO] data.news_scraper - [37/88] https://www.abs-cbn.com/entertainment/showbiz/movies-series/2026/4/27/donny-pangilinan-belle-mariano-reveal-tayo-sa-wakas-is-their-last-for-now-film-together-1441
2026-04-27 16:38:33 [INFO] data.news_scraper - [38/88] https://www.abs-cbn.com/sports/basketball/2026/4/26/uaap-3x3-opens-as-dela-rosa-apag-bring-fiba-experience-back-to-college-halfcourt-1708
2026-04-27 16:38:35 [INFO] data.news_scraper - [39/88] https://www.abs-cbn.com/sports/othersports/2026/4/27/asian-games-years-could-be-moved-in-shake-up-reports-1531
2026-04-27 16:38:38 [INFO] data.news_scraper - [40/88] https://www.abs-cbn.com/news/regions/2026/4/23/20-chinese-nationals-arrested-suspected-illegal-mining-discovered-in-davao-region-1714
2026-04-27 16:38:40 [INFO] data.news_scraper - [41/88] https://www.abs-cbn.com/entertainment/showbiz/events/2026/4/26/-cooler-more-confident-ive-reunites-with-precious-pinoy-fans-1554
2026-04-27 16:38:42 [INFO] data.news_scraper - [42/88] https://www.abs-cbn.com/news/nation/2026/4/27/palace-too-early-to-talk-about-2028-elections-1556
2026-04-27 16:38:44 [INFO] data.news_scraper - [43/88] https://www.abs-cbn.com/entertainment/studios/tv/2026/4/25/in-photos-jessy-vilma-join-luis-birthday-bash-on-kapamilya-deal-or-no-deal-pilot-episode-2133
2026-04-27 16:38:47 [INFO] data.news_scraper - [44/88] https://www.abs-cbn.com/lifestyle/people-culture-events/2026/4/25/gandingan-awards-2026-michael-delizo-abs-cbn-programs-recognized-2211
2026-04-27 16:38:49 [INFO] data.news_scraper - [45/88] https://www.abs-cbn.com/news/business/2026/4/22/look-jollibee-is-now-leed-certified-1554
2026-04-27 16:38:51 [INFO] data.news_scraper - [46/88] https://www.abs-cbn.com/news/technology/2026/4/22/meaningful-homecoming-a-gift-for-ofws-0811
2026-04-27 16:38:53 [INFO] data.news_scraper - [47/88] https://www.abs-cbn.com/news/business/2026/4/27/cebu-pacific-opens-training-academy-for-cabin-crew-1619
2026-04-27 16:38:55 [INFO] data.news_scraper - [48/88] https://www.abs-cbn.com/news/regions/2026/4/27/cebu-about-80-percent-ready-for-asean-2026-1101
2026-04-27 16:38:57 [INFO] data.news_scraper - [49/88] https://www.abs-cbn.com/entertainment/showbiz/celebrities/2026/4/27/vice-ganda-shares-makeup-transformation-as-she-reimagined-iconic-girlie-look-1414
2026-04-27 16:39:00 [INFO] data.news_scraper - [50/88] https://www.abs-cbn.com/lifestyle/health-beauty-fashion/2026/4/25/filipina-designer-turns-birthday-collection-into-celebrity-worn-jewelry-line-1400
2026-04-27 16:39:02 [INFO] data.news_scraper - [51/88] https://www.abs-cbn.com/entertainment/showbiz/celebrities/2026/4/26/ok-taec-yeon-of-2pm-ties-the-knot-with-longtime-partner-1355
2026-04-27 16:39:26 [INFO] data.news_scraper - [52/88] https://www.abs-cbn.com/lifestyle/people-culture-events/2026/4/24/international-dance-day-fest-opens-with-standout-abt-performance-1609
2026-04-27 16:39:29 [INFO] data.news_scraper - [53/88] https://www.abs-cbn.com/entertainment/showbiz/events/2026/4/27/jason-mraz-is-coming-back-to-ph-for-one-night-concert-in-october-1124
2026-04-27 16:39:31 [INFO] data.news_scraper - [54/88] https://www.abs-cbn.com/news/nation/2026/4/27/mmda-deploys-more-enforcers-at-edsa-ortigas-interchange-after-bus-fire-1519
2026-04-27 16:39:33 [INFO] data.news_scraper - [55/88] https://www.abs-cbn.com/sports/basketball/2026/4/27/nba-jokic-randle-fined-after-nuggets-timberwolves-shoving-match-1246
2026-04-27 16:39:36 [INFO] data.news_scraper - [56/88] https://www.abs-cbn.com/news/business/2026/4/27/dole-says-165-000-jobs-up-for-grabs-in-upcoming-labor-day-job-fairs-1340
2026-04-27 16:39:38 [INFO] data.news_scraper - [57/88] https://www.abs-cbn.com/entertainment/showbiz/movies-series/2026/4/26/matty-juniosa-reacts-to-second-golden-buzzer-on-britain-s-got-talent-1231
2026-04-27 16:39:41 [INFO] data.news_scraper - [58/88] https://www.abs-cbn.com/news/regions/2026/4/26/sawa-na-lumamon-ng-buong-baboy-nahuli-sa-marinduque-0830
2026-04-27 16:39:43 [INFO] data.news_scraper - [59/88] https://www.abs-cbn.com/lifestyle/food-travel/2026/4/25/beng-hiang-returns-to-manila-with-hokkien-pop-up-at-edsa-shangri-la-1040
2026-04-27 16:39:46 [INFO] data.news_scraper - [60/88] https://www.abs-cbn.com/news/nation/2026/4/27/driver-in-fatal-police-vehicle-crash-charged-1444
2026-04-27 16:39:48 [INFO] data.news_scraper - [61/88] https://www.abs-cbn.com/news/nation/2026/4/27/dilg-eyes-raps-vs-two-sangguniang-kabataan-chairmen-tagged-in-corruption-1323
2026-04-27 16:39:50 [INFO] data.news_scraper - [62/88] https://www.abs-cbn.com/news/regions/2026/4/27/paresan-3-pang-establisimyento-inararo-ng-pickup-sa-quezon-1021
2026-04-27 16:39:52 [INFO] data.news_scraper - [63/88] https://www.abs-cbn.com/news/business/2026/4/27/big-diesel-kerosene-rollbacks-set-on-tuesday-but-gasoline-to-rise-1330
2026-04-27 16:39:53 [INFO] data.news_scraper - [64/88] https://www.abs-cbn.com/entertainment/showbiz/movies-series/2026/4/27/netflix-unveils-trailer-for-time-travel-series-my-royal-nemesis-1633
2026-04-27 16:39:56 [INFO] data.news_scraper - [65/88] https://www.abs-cbn.com/news/nation/2026/4/27/sara-duterte-s-husband-files-complaint-disclosure-of-bank-records-1039
2026-04-27 16:39:58 [INFO] data.news_scraper - [66/88] https://www.abs-cbn.com/news/nation/2026/4/27/lto-launches-online-reporting-system-for-road-violations-1556
2026-04-27 16:40:01 [INFO] data.news_scraper - [67/88] https://www.abs-cbn.com/lifestyle/2026/4/27/vr-escape-room-immerses-players-in-martial-law-era-1536
2026-04-27 16:40:03 [INFO] data.news_scraper - [68/88] https://www.abs-cbn.com/news/nation/2026/4/27/palace-wants-probe-on-alleged-power-grab-plot-1503
2026-04-27 16:40:05 [INFO] data.news_scraper - [69/88] https://www.abs-cbn.com/news/nation/2026/4/27/marcoleta-wants-romualdez-to-face-senate-probe-over-flood-control-issue-1450
2026-04-27 16:40:07 [INFO] data.news_scraper - [70/88] https://www.abs-cbn.com/news/business/2026/4/27/agri-chief-says-world-food-supply-in-wild-wild-west-era-1455
2026-04-27 16:40:10 [INFO] data.news_scraper -   ✓ RELEVANT: Agri chief says world food supply in "Wild, Wild West" era... sentiment=-0.80 type=supply_shock products=['Rice', 'Chicken', 'Pork', 'Egg', 'Vegetables']
2026-04-27 16:40:11 [INFO] data.news_scraper - [71/88] https://www.abs-cbn.com/lifestyle/food-travel/2026/4/27/chicharon-camiling-adventure-sa-nature-ibinida-sa-philippine-hometown-stories-1232
2026-04-27 16:40:13 [INFO] data.news_scraper - [72/88] https://www.abs-cbn.com/sports/basketball/2026/4/27/pba-rosario-stepping-up-as-aguilar-remains-doubtful-for-ginebra-1430
2026-04-27 16:40:15 [INFO] data.news_scraper - [73/88] https://www.abs-cbn.com/news/2026/4/27/palace-defends-marcos-remarks-on-zaldy-co-says-nahuli-not-the-same-as-arrested-1434
2026-04-27 16:40:17 [INFO] data.news_scraper - [74/88] https://www.abs-cbn.com/lifestyle/people-culture-events/2026/4/24/menchu-lauchengco-yulo-embraces-challenge-of-playing-maria-callas-in-master-class-1400
2026-04-27 16:40:19 [INFO] data.news_scraper - [75/88] https://www.abs-cbn.com/news/nation/2026/4/27/usok-mula-sa-nasusunog-na-navotas-landfill-umabot-na-sa-pasay-0106
2026-04-27 16:40:22 [INFO] data.news_scraper - [76/88] https://www.abs-cbn.com/news/nation/2026/4/27/pnp-probes-leak-of-ombudsman-investigators-personal-data-1507
2026-04-27 16:40:24 [INFO] data.news_scraper - [77/88] https://www.abs-cbn.com/entertainment/showbiz/movies-series/2026/4/26/matty-juniosa-heads-to-britain-s-got-talent-finals-after-fresh-golden-buzzer-win-1051
2026-04-27 16:40:26 [INFO] data.news_scraper - [78/88] https://www.abs-cbn.com/news/regions/2026/4/26/company-consultant-patay-sa-pananambang-sa-calamba-laguna-1827
2026-04-27 16:40:28 [INFO] data.news_scraper - [79/88] https://www.abs-cbn.com/news/technology/2026/4/27/social-media-apps-must-have-stronger-obligations-to-prevent-exploitation-of-children-official-1607
2026-04-27 16:40:31 [INFO] data.news_scraper - [80/88] https://www.abs-cbn.com/news/regions/2026/4/24/-tao-po-mga-taga-obando-bulacan-apektado-ng-sunog-sa-navotas-landfill-2112
2026-04-27 16:40:33 [INFO] data.news_scraper - [81/88] https://www.abs-cbn.com/lifestyle/people-culture-events/2026/4/26/anne-curtis-shares-endo-takeaways-expresses-pride-in-sister-jasmine-1059
2026-04-27 16:40:36 [INFO] data.news_scraper - [82/88] https://www.abs-cbn.com/news/technology/2026/4/24/look-zero-fees-for-middle-east-digital-transactions-1214
2026-04-27 16:40:39 [INFO] data.news_scraper - [83/88] https://www.abs-cbn.com/sports/othersports/2026/4/27/mission-accomplished-for-ph-athletics-team-in-asian-beach-games-1420
2026-04-27 16:40:41 [INFO] data.news_scraper - [84/88] https://www.abs-cbn.com/sports/basketball/2026/4/27/pba-cone-puts-a-premium-on-strong-finish-as-ginebra-eyes-quarterfinals-edge-1426
2026-04-27 16:40:43 [INFO] data.news_scraper - [85/88] https://www.abs-cbn.com/entertainment/studios/tv/2026/4/27/anne-dismayado-sa-pangit-na-public-transportation-sa-bansa-it-s-showtime-1326
2026-04-27 16:40:46 [INFO] data.news_scraper - [86/88] https://www.abs-cbn.com/lifestyle/people-culture-events/2026/4/27/from-booktoker-to-author-bea-bustamante-releases-debut-novel-she-who-devours-1447
2026-04-27 16:40:48 [INFO] data.news_scraper - [87/88] https://www.abs-cbn.com/sports/basketball/2026/4/26/pba-ginebra-fends-off-titan-ultra-to-punch-quarterfinal-ticket-2222
2026-04-27 16:40:50 [INFO] data.news_scraper - [88/88] https://www.abs-cbn.com/news/business/2026/4/27/philippines-boosts-fuel-buffer-with-178-million-liters-of-diesel-1526
2026-04-27 16:40:53 [INFO] data.news_scraper -   ✓ RELEVANT: Philippines boosts fuel buffer with 178 million liters of di... sentiment=0.50 type=fuel_energy products=['Rice', 'Chicken', 'Pork', 'Beef', 'Egg', 'Bangus', 'Tilapia', 'Galunggong', 'Red Onion', 'White Onion', 'Garlic', 'Tomato', 'Cabbage', 'Eggplant', 'Squash', 'String Beans', 'Kangkong', 'Pechay Tagalog', 'Ampalaya', 'Siling Labuyo', 'Ginger', 'Potato', 'Carrot', 'Banana', 'Calamansi', 'Sugar', 'Cooking Oil', 'Corn']
2026-04-27 16:40:54 [INFO] data.news_scraper - === SCRAPE COMPLETE === discovered=88 new=88 relevant=2 stored=2
2026-04-27 16:40:54 [INFO] main - Scraping complete. Stats: {'discovered': 88, 'new': 88, 'relevant': 2, 'stored': 2}
2026-04-27 16:57:38 [INFO] main - Running news scraping pipeline ...
2026-04-27 16:57:39 [INFO] data.news_scraper - === NEWS SCRAPING PIPELINE (ABS-CBN) === LLM: Groq (llama-3.3-70b)
2026-04-27 16:58:04 [INFO] data.news_scraper - Discovered 94 article URLs.
2026-04-27 16:58:26 [INFO] data.news_scraper - 94 new URLs to process.
2026-04-27 16:58:28 [INFO] data.news_scraper - [1/94] https://www.abs-cbn.com/news/nation/2026/4/27/pnp-probes-leak-of-ombudsman-investigators-personal-data-1507
2026-04-27 16:58:31 [INFO] data.news_scraper - [2/94] https://www.abs-cbn.com/news/technology/2026/4/24/look-zero-fees-for-middle-east-digital-transactions-1214
2026-04-27 16:58:33 [INFO] data.news_scraper - [3/94] https://www.abs-cbn.com/entertainment/showbiz/celebrities/2026/4/25/dan-villegas-all-praises-for-jm-ibarra-and-fyang-smith-they-exceeded-my-expectations-2144
2026-04-27 16:58:36 [INFO] data.news_scraper - [4/94] https://www.abs-cbn.com/sports/basketball/2026/4/27/nba-minnesota-s-edwards-to-miss-several-weeks-report-1219
2026-04-27 16:58:38 [INFO] data.news_scraper - [5/94] https://www.abs-cbn.com/lifestyle/people-culture-events/2026/4/27/kuya-kurt-shuts-down-cia-agent-rumors-hindi-totoo-yan-1448
2026-04-27 16:58:41 [INFO] data.news_scraper - [6/94] https://www.abs-cbn.com/news/nation/2026/4/27/-madasaling-holdaper-timbog-inamin-na-natakot-bago-mang-holdap-0801
2026-04-27 16:58:43 [INFO] data.news_scraper - [7/94] https://www.abs-cbn.com/news/nation/2026/4/27/palace-wants-probe-on-alleged-power-grab-plot-1503
2026-04-27 16:58:46 [INFO] data.news_scraper - [8/94] https://www.abs-cbn.com/entertainment/showbiz/movies-series/2026/4/26/matty-juniosa-heads-to-britain-s-got-talent-finals-after-fresh-golden-buzzer-win-1051
2026-04-27 16:58:48 [INFO] data.news_scraper - [9/94] https://www.abs-cbn.com/entertainment/showbiz/celebrities/2026/4/26/ok-taec-yeon-of-2pm-ties-the-knot-with-longtime-partner-1355
2026-04-27 16:58:51 [INFO] data.news_scraper - [10/94] https://www.abs-cbn.com/news/nation/2026/4/27/usok-mula-sa-nasusunog-na-navotas-landfill-umabot-na-sa-pasay-0106
2026-04-27 16:58:53 [INFO] data.news_scraper - [11/94] https://www.abs-cbn.com/news/nation/2026/4/27/rider-patay-isa-pa-sugatan-sa-banggaan-sa-caloocan-0730
2026-04-27 16:58:56 [INFO] data.news_scraper - [12/94] https://www.abs-cbn.com/lifestyle/food-travel/2026/4/25/beng-hiang-returns-to-manila-with-hokkien-pop-up-at-edsa-shangri-la-1040
2026-04-27 16:58:58 [INFO] data.news_scraper - [13/94] https://www.abs-cbn.com/entertainment/showbiz/celebrities/2026/4/26/seth-fedelin-says-there-is-no-competition-with-jmfyang-donbelle-movie-projects-we-support-them-0950
2026-04-27 16:59:00 [INFO] data.news_scraper - [14/94] https://www.abs-cbn.com/entertainment/showbiz/celebrities/2026/4/27/vice-ganda-shares-makeup-transformation-as-she-reimagined-iconic-girlie-look-1414
2026-04-27 16:59:03 [INFO] data.news_scraper - [15/94] https://www.abs-cbn.com/entertainment/showbiz/celebrities/2026/4/25/kimpau-charms-global-fans-during-redwood-city-stop-of-world-tour-1712
2026-04-27 16:59:05 [INFO] data.news_scraper - [16/94] https://www.abs-cbn.com/news/regions/2026/4/25/de-lima-seeks-urgent-probe-on-negros-military-operation-that-left-19-dead-1643
2026-04-27 16:59:08 [INFO] data.news_scraper - [17/94] https://www.abs-cbn.com/news/nation/2026/4/27/palace-too-early-to-talk-about-2028-elections-1556
2026-04-27 16:59:10 [INFO] data.news_scraper - [18/94] https://www.abs-cbn.com/news/business/2026/4/22/look-jollibee-is-now-leed-certified-1554
2026-04-27 16:59:12 [INFO] data.news_scraper - [19/94] https://www.abs-cbn.com/news/regions/2026/4/26/sawa-na-lumamon-ng-buong-baboy-nahuli-sa-marinduque-0830
2026-04-27 16:59:14 [INFO] data.news_scraper - [20/94] https://www.abs-cbn.com/entertainment/showbiz/events/2026/4/26/-cooler-more-confident-ive-reunites-with-precious-pinoy-fans-1554
2026-04-27 16:59:16 [INFO] data.news_scraper - [21/94] https://www.abs-cbn.com/news/regions/2026/4/26/consultant-ng-pribadong-kompanya-sa-calamba-patay-sa-ambush-1949
2026-04-27 16:59:18 [INFO] data.news_scraper - [22/94] https://www.abs-cbn.com/news/nation/2026/4/27/driver-in-fatal-police-vehicle-crash-charged-1444
2026-04-27 16:59:21 [INFO] data.news_scraper - [23/94] https://www.abs-cbn.com/entertainment/showbiz/movies-series/2026/4/27/donny-pangilinan-belle-mariano-reveal-tayo-sa-wakas-is-their-last-for-now-film-together-1441
2026-04-27 16:59:23 [INFO] data.news_scraper - [24/94] https://www.abs-cbn.com/lifestyle/people-culture-events/2026/4/26/anne-curtis-shares-endo-takeaways-expresses-pride-in-sister-jasmine-1059
2026-04-27 16:59:25 [INFO] data.news_scraper - [25/94] https://www.abs-cbn.com/entertainment/showbiz/celebrities/2026/4/27/robi-domingo-celebrates-maiqui-pineda-s-birthday-our-little-one-is-so-lucky-to-call-you-mommy-1637
2026-04-27 16:59:27 [INFO] data.news_scraper - [26/94] https://www.abs-cbn.com/lifestyle/2026/4/26/furniture-brand-employs-charred-wood-to-elevate-local-luxury-design-1000
2026-04-27 16:59:29 [INFO] data.news_scraper - [27/94] https://www.abs-cbn.com/entertainment/studios/tv/2026/4/27/anne-dismayado-sa-pangit-na-public-transportation-sa-bansa-it-s-showtime-1326
2026-04-27 16:59:31 [INFO] data.news_scraper - [28/94] https://www.abs-cbn.com/entertainment/showbiz/celebrities/2026/4/26/piolo-pascual-on-still-being-a-heartthrob-at-49-it-s-not-going-to-be-like-that-forever-1240
2026-04-27 16:59:33 [INFO] data.news_scraper - [29/94] https://www.abs-cbn.com/news/regions/2026/4/27/palace-denies-leviste-s-claim-says-batangas-aid-was-not-politicized-1522
2026-04-27 16:59:36 [INFO] data.news_scraper - [30/94] https://www.abs-cbn.com/news/nation/2026/4/27/sandiganbayan-hears-preliminary-hold-departure-order-request-vs-escudero-1107
2026-04-27 16:59:41 [INFO] data.news_scraper - [31/94] https://www.abs-cbn.com/entertainment/showbiz/events/2026/4/27/jason-mraz-is-coming-back-to-ph-for-one-night-concert-in-october-1124
2026-04-27 16:59:43 [INFO] data.news_scraper - [32/94] https://www.abs-cbn.com/lifestyle/people-culture-events/2026/4/24/international-dance-day-fest-opens-with-standout-abt-performance-1609
2026-04-27 16:59:45 [INFO] data.news_scraper - [33/94] https://www.abs-cbn.com/news/world/2026/4/27/suspect-in-us-press-gala-shooting-what-we-know-0747
2026-04-27 16:59:47 [INFO] data.news_scraper - [34/94] https://www.abs-cbn.com/sports/basketball/2026/4/26/uaap-3x3-opens-as-dela-rosa-apag-bring-fiba-experience-back-to-college-halfcourt-1708
2026-04-27 16:59:49 [INFO] data.news_scraper - [35/94] https://www.abs-cbn.com/lifestyle/food-travel/2026/4/27/chicharon-camiling-adventure-sa-nature-ibinida-sa-philippine-hometown-stories-1232
2026-04-27 16:59:51 [INFO] data.news_scraper - [36/94] https://www.abs-cbn.com/news/nation/2026/4/27/3-vloggers-spreading-false-information-on-marcos-health-summoned-by-nbi-palace-says-1649
2026-04-27 16:59:53 [INFO] data.news_scraper - [37/94] https://www.abs-cbn.com/news/health-science/2026/4/13/four-gifted-kids-create-one-animated-film-1617
2026-04-27 16:59:55 [INFO] data.news_scraper - [38/94] https://www.abs-cbn.com/news/nation/2026/4/27/dilg-eyes-raps-vs-two-sangguniang-kabataan-chairmen-tagged-in-corruption-1323
2026-04-27 16:59:57 [INFO] data.news_scraper - [39/94] https://www.abs-cbn.com/lifestyle/2026/4/27/vr-escape-room-immerses-players-in-martial-law-era-1536
2026-04-27 16:59:59 [INFO] data.news_scraper - [40/94] https://www.abs-cbn.com/news/regions/2026/4/26/tv-patrol-regional-april-26-2026-1730
2026-04-27 17:00:01 [INFO] data.news_scraper - [41/94] https://www.abs-cbn.com/entertainment/studios/tv/2026/4/25/in-photos-jessy-vilma-join-luis-birthday-bash-on-kapamilya-deal-or-no-deal-pilot-episode-2133
2026-04-27 17:00:05 [INFO] data.news_scraper - [42/94] https://www.abs-cbn.com/news/regions/2026/4/24/-tao-po-mga-taga-obando-bulacan-apektado-ng-sunog-sa-navotas-landfill-2112
2026-04-27 17:00:07 [INFO] data.news_scraper - [43/94] https://www.abs-cbn.com/news/nation/2026/4/27/edsa-ortigas-interchange-reopens-to-light-vehicles-after-bus-fire-incident-0735
2026-04-27 17:00:10 [INFO] data.news_scraper - [44/94] https://www.abs-cbn.com/sports/basketball/2026/4/27/nba-jokic-randle-fined-after-nuggets-timberwolves-shoving-match-1246
2026-04-27 17:00:12 [INFO] data.news_scraper - [45/94] https://www.abs-cbn.com/news/business/2026/4/27/big-diesel-kerosene-rollbacks-set-on-tuesday-but-gasoline-to-rise-1330
2026-04-27 17:00:13 [INFO] data.news_scraper - [46/94] https://www.abs-cbn.com/sports/othersports/2026/4/27/asian-games-years-could-be-moved-in-shake-up-reports-1531
2026-04-27 17:00:15 [INFO] data.news_scraper - [47/94] https://www.abs-cbn.com/news/business/2026/4/27/agri-chief-says-world-food-supply-in-wild-wild-west-era-1455
2026-04-27 17:00:17 [INFO] data.news_scraper - [48/94] https://www.abs-cbn.com/news/nation/2026/4/27/no-reshuffle-in-cabinet-so-far-palace-says-1642
2026-04-27 17:00:19 [INFO] data.news_scraper - [49/94] https://www.abs-cbn.com/sports/basketball/2026/4/26/pba-ginebra-fends-off-titan-ultra-to-punch-quarterfinal-ticket-2222
2026-04-27 17:00:21 [INFO] data.news_scraper - [50/94] https://www.abs-cbn.com/entertainment/showbiz/celebrities/2026/4/27/xyriel-manabat-on-taking-mental-health-break-it-helped-me-breathe-again-1643
2026-04-27 17:00:23 [INFO] data.news_scraper - [51/94] https://www.abs-cbn.com/sports/othersports/2026/4/27/aj-lim-sweeps-ph-open-eyes-growth-for-ph-men-s-tennis-0043
2026-04-27 17:00:25 [INFO] data.news_scraper - [52/94] https://www.abs-cbn.com/news/nation/2026/4/27/palace-chr-probe-into-toboso-military-operation-won-t-be-blocked-1632
2026-04-27 17:00:27 [INFO] data.news_scraper - [53/94] https://www.abs-cbn.com/news/regions/2026/4/26/afp-handang-humarap-sa-anumang-imbestigasyon-kaugnay-ng-engkuwentro-sa-toboso-1923
2026-04-27 17:00:29 [INFO] data.news_scraper - [54/94] https://www.abs-cbn.com/news/regions/2026/4/27/cebu-about-80-percent-ready-for-asean-2026-1101
2026-04-27 17:00:31 [INFO] data.news_scraper - [55/94] https://www.abs-cbn.com/news/regions/2026/4/27/philippines-says-two-us-citizens-among-19-killed-in-raid-0831
2026-04-27 17:00:33 [INFO] data.news_scraper - [56/94] https://www.abs-cbn.com/news/technology/2026/4/22/meaningful-homecoming-a-gift-for-ofws-0811
2026-04-27 17:00:35 [INFO] data.news_scraper - [57/94] https://www.abs-cbn.com/news/business/2026/4/22/guarding-tubbataha-protecting-a-world-heritage-reef-1009
2026-04-27 17:00:37 [INFO] data.news_scraper - [58/94] https://www.abs-cbn.com/news/business/2026/4/27/dole-says-165-000-jobs-up-for-grabs-in-upcoming-labor-day-job-fairs-1340
2026-04-27 17:00:39 [INFO] data.news_scraper - [59/94] https://www.abs-cbn.com/lifestyle/pageants-beauty-queens/2026/4/27/paraguay-candidate-in-manila-to-train-for-miss-universe-2026-1228
2026-04-27 17:00:41 [INFO] data.news_scraper - [60/94] https://www.abs-cbn.com/news/nation/2026/4/27/dy-calls-for-inclusive-asean-pushes-for-women-s-decision-making-power-1523
2026-04-27 17:00:43 [INFO] data.news_scraper - [61/94] https://www.abs-cbn.com/lifestyle/health-beauty-fashion/2026/4/25/filipina-designer-turns-birthday-collection-into-celebrity-worn-jewelry-line-1400
2026-04-27 17:00:45 [INFO] data.news_scraper - [62/94] https://www.abs-cbn.com/news/business/2026/4/27/philippines-boosts-fuel-buffer-with-178-million-liters-of-diesel-1526
2026-04-27 17:00:47 [INFO] data.news_scraper - [63/94] https://www.abs-cbn.com/news/regions/2026/4/27/paresan-3-pang-establisimyento-inararo-ng-pickup-sa-quezon-1021
2026-04-27 17:00:49 [INFO] data.news_scraper - [64/94] https://www.abs-cbn.com/news/technology/2026/4/27/social-media-apps-must-have-stronger-obligations-to-prevent-exploitation-of-children-official-1607
2026-04-27 17:00:51 [INFO] data.news_scraper - [65/94] https://www.abs-cbn.com/news/regions/2026/4/23/3-patay-sa-operasyon-ng-pulisya-sa-zamboanga-1222
2026-04-27 17:00:53 [INFO] data.news_scraper - [66/94] https://www.abs-cbn.com/news/regions/2026/4/26/company-consultant-patay-sa-pananambang-sa-calamba-laguna-1827
2026-04-27 17:00:55 [INFO] data.news_scraper - [67/94] https://www.abs-cbn.com/news/business/2026/4/27/lopez-majority-a-matter-of-trust-and-governance-0931
2026-04-27 17:00:56 [INFO] data.news_scraper - [68/94] https://www.abs-cbn.com/news/business/2026/4/24/solar-panel-project-helps-communities-nationwide-1219
2026-04-27 17:00:59 [INFO] data.news_scraper - [69/94] https://www.abs-cbn.com/news/nation/2026/4/27/marcoleta-wants-romualdez-to-face-senate-probe-over-flood-control-issue-1450
2026-04-27 17:01:01 [INFO] data.news_scraper - [70/94] https://www.abs-cbn.com/news/regions/2026/4/24/mainit-na-kape-ipinanlaban-ng-lalaki-sa-holdaper-1120
2026-04-27 17:01:04 [INFO] data.news_scraper - [71/94] https://www.abs-cbn.com/news/regions/2026/4/24/protesters-seek-truly-independent-probe-into-negros-occidental-clash-that-killed-19-1552
2026-04-27 17:01:06 [INFO] data.news_scraper - [72/94] https://www.abs-cbn.com/sports/basketball/2026/4/27/pba-cone-puts-a-premium-on-strong-finish-as-ginebra-eyes-quarterfinals-edge-1426
2026-04-27 17:01:08 [INFO] data.news_scraper - [73/94] https://www.abs-cbn.com/sports/basketball/2026/4/27/pba-rosario-stepping-up-as-aguilar-remains-doubtful-for-ginebra-1430
2026-04-27 17:01:11 [INFO] data.news_scraper - [74/94] https://www.abs-cbn.com/lifestyle/people-culture-events/2026/4/27/from-booktoker-to-author-bea-bustamante-releases-debut-novel-she-who-devours-1447
2026-04-27 17:01:13 [INFO] data.news_scraper - [75/94] https://www.abs-cbn.com/news/health-science/2026/4/27/valenzuela-air-quality-remains-unhealthy-for-sensitive-groups-1603
2026-04-27 17:01:15 [INFO] data.news_scraper - [76/94] https://www.abs-cbn.com/sports/basketball/2026/4/27/gilas-women-sweep-pool-c-reach-3x3-q-finals-in-asian-beach-games-1344
2026-04-27 17:01:17 [INFO] data.news_scraper - [77/94] https://www.abs-cbn.com/news/regions/2026/4/23/20-chinese-nationals-arrested-suspected-illegal-mining-discovered-in-davao-region-1714
2026-04-27 17:01:19 [INFO] data.news_scraper - [78/94] https://www.abs-cbn.com/lifestyle/people-culture-events/2026/4/25/gandingan-awards-2026-michael-delizo-abs-cbn-programs-recognized-2211
2026-04-27 17:01:20 [INFO] data.news_scraper - [79/94] https://www.abs-cbn.com/entertainment/studios/tv/2026/4/27/vice-nagpakatotoo-tungkol-sa-mga-frustrations-at-takot-sa-pagtanda-it-s-showtime-1421
2026-04-27 17:01:22 [INFO] data.news_scraper - [80/94] https://www.abs-cbn.com/news/nation/2026/4/27/taguig-barangay-rolls-out-fuel-assistance-for-resident-drivers-0842
2026-04-27 17:01:25 [INFO] data.news_scraper - [81/94] https://www.abs-cbn.com/entertainment/showbiz/celebrities/2026/4/26/exclusive-david-licauco-reveals-plans-for-his-own-resort-in-siargao-dream-big-start-small-0847
2026-04-27 17:01:27 [INFO] data.news_scraper - [82/94] https://www.abs-cbn.com/entertainment/showbiz/movies-series/2026/4/26/matty-juniosa-reacts-to-second-golden-buzzer-on-britain-s-got-talent-1231
2026-04-27 17:01:30 [INFO] data.news_scraper - [83/94] https://www.abs-cbn.com/news/nation/2026/4/27/navotas-landfill-fire-enters-third-week-as-responders-race-against-toxic-threats-1654
2026-04-27 17:01:32 [INFO] data.news_scraper - [84/94] https://www.abs-cbn.com/news/regions/2026/4/23/-huwag-kainin-tagum-city-agri-nagbabala-sa-ninakaw-na-nakalalasong-kamoteng-kahoy-1353
2026-04-27 17:01:34 [INFO] data.news_scraper - [85/94] https://www.abs-cbn.com/sports/basketball/2026/4/27/despite-loss-to-iran-gilas-men-reach-3x3-q-finals-in-sanya-1356
2026-04-27 17:01:36 [INFO] data.news_scraper - [86/94] https://www.abs-cbn.com/entertainment/showbiz/movies-series/2026/4/27/netflix-unveils-trailer-for-time-travel-series-my-royal-nemesis-1633
2026-04-27 17:01:39 [INFO] data.news_scraper - [87/94] https://www.abs-cbn.com/sports/basketball/2026/4/27/nba-spurs-win-in-wembanyama-return-to-take-3-1-lead-over-trail-blazers-1219
2026-04-27 17:01:41 [INFO] data.news_scraper - [88/94] https://www.abs-cbn.com/news/nation/2026/4/27/lto-launches-online-reporting-system-for-road-violations-1556
2026-04-27 17:01:44 [INFO] data.news_scraper - [89/94] https://www.abs-cbn.com/news/nation/2026/4/27/mmda-deploys-more-enforcers-at-edsa-ortigas-interchange-after-bus-fire-1519
2026-04-27 17:01:46 [INFO] data.news_scraper - [90/94] https://www.abs-cbn.com/news/2026/4/27/palace-defends-marcos-remarks-on-zaldy-co-says-nahuli-not-the-same-as-arrested-1434
2026-04-27 17:01:49 [INFO] data.news_scraper - [91/94] https://www.abs-cbn.com/news/nation/2026/4/27/sara-duterte-s-husband-files-complaint-disclosure-of-bank-records-1039
2026-04-27 17:01:51 [INFO] data.news_scraper - [92/94] https://www.abs-cbn.com/sports/othersports/2026/4/27/mission-accomplished-for-ph-athletics-team-in-asian-beach-games-1420
2026-04-27 17:01:53 [INFO] data.news_scraper - [93/94] https://www.abs-cbn.com/news/regions/2026/4/25/2-patay-matapos-ma-trap-sa-treasure-hunting-tunnel-sa-panabo-city-1700
2026-04-27 17:01:55 [INFO] data.news_scraper - [94/94] https://www.abs-cbn.com/lifestyle/people-culture-events/2026/4/24/menchu-lauchengco-yulo-embraces-challenge-of-playing-maria-callas-in-master-class-1400
2026-04-27 17:01:57 [INFO] data.news_scraper - === SCRAPE COMPLETE === discovered=94 new=94 relevant=0 stored=0
2026-04-27 17:01:57 [INFO] main - Scraping complete. Stats: {'discovered': 94, 'new': 94, 'relevant': 0, 'stored': 0}
2026-04-27 17:19:50 [INFO] main - Running news scraping pipeline ...
2026-04-27 17:19:51 [INFO] data.news_scraper - === NEWS SCRAPING PIPELINE (ABS-CBN) === LLM: Groq (llama-3.3-70b)
2026-04-27 17:20:18 [INFO] data.news_scraper - Discovered 96 article URLs.
2026-04-27 17:20:43 [INFO] data.news_scraper - 96 new URLs to process.
2026-04-27 17:20:44 [INFO] data.news_scraper - [1/96] https://www.abs-cbn.com/entertainment/studios/tv/2026/4/25/in-photos-jessy-vilma-join-luis-birthday-bash-on-kapamilya-deal-or-no-deal-pilot-episode-2133
2026-04-27 17:20:49 [WARNING] data.news_scraper -   LLM rate limited (429), retrying in 10s...
2026-04-27 17:20:59 [WARNING] data.news_scraper -   LLM rate limited (429), retrying in 10s...
2026-04-27 17:21:10 [WARNING] data.news_scraper -   LLM API error (429): {"error":{"message":"Rate limit reached for model `llama-3.3-70b-versatile` in organization `org_01kn1k0dbxf0jab20gcy96b9yn` service tier `on_demand` on tokens per day (TPD): Limit 100000, Used 98504,
2026-04-27 17:21:10 [WARNING] data.news_scraper -   ✗ SKIP (LLM call failed): IN PHOTOS: Jessy, Vilma join Luis’ birthday bash on “Kapamil
2026-04-27 17:21:10 [INFO] data.news_scraper - [2/96] https://www.abs-cbn.com/entertainment/studios/tv/2026/4/27/vice-nagpakatotoo-tungkol-sa-mga-frustrations-at-takot-sa-pagtanda-it-s-showtime-1421
2026-04-27 17:21:15 [WARNING] data.news_scraper -   LLM rate limited (429), retrying in 10s...
2026-04-27 17:21:26 [WARNING] data.news_scraper -   LLM rate limited (429), retrying in 10s...
2026-04-27 17:45:41 [INFO] main - Running news scraping pipeline ...
2026-04-27 17:45:42 [INFO] data.news_scraper - === NEWS SCRAPING PIPELINE (ABS-CBN) === LLM: Groq (llama-3.3-70b)
2026-04-27 17:46:08 [INFO] data.news_scraper - Discovered 47 article URLs.
2026-04-27 17:46:21 [INFO] data.news_scraper - 47 new URLs to process.
2026-04-27 17:46:22 [INFO] data.news_scraper - [1/47] https://www.abs-cbn.com/news/regions/2026/4/27/san-pablo-laguna-vice-mayor-faces-malversation-graft-raps-over-ghost-employees-1729
2026-04-27 17:46:26 [INFO] data.news_scraper -   ✗ SKIP (LLM: not relevant): San Pablo, Laguna vice mayor faces malversation, graft raps 
2026-04-27 17:46:26 [INFO] data.news_scraper - [2/47] https://www.abs-cbn.com/news/regions/2026/4/27/paresan-3-pang-establisimyento-inararo-ng-pickup-sa-quezon-1021
2026-04-27 17:46:31 [INFO] data.news_scraper -   ✗ SKIP (LLM: not relevant): Paresan, 3 pang establisimyento inararo ng pickup sa Quezon
2026-04-27 17:46:31 [INFO] data.news_scraper - [3/47] https://www.abs-cbn.com/news/regions/2026/4/25/2-patay-matapos-ma-trap-sa-treasure-hunting-tunnel-sa-panabo-city-1700
2026-04-27 17:46:35 [WARNING] data.news_scraper -   LLM daily token limit exhausted. Stopping.
2026-04-27 17:46:35 [WARNING] data.news_scraper -   ✗ SKIP (LLM call failed): 2 patay matapos ma-trap sa 'treasure hunting' tunnel sa Pana
2026-04-27 17:46:35 [WARNING] data.news_scraper - LLM daily limit exhausted — skipping remaining 44 articles.
2026-04-27 17:46:35 [INFO] data.news_scraper - === SCRAPE COMPLETE === discovered=47 new=47 relevant=0 stored=0
2026-04-27 17:46:35 [INFO] main - Scraping complete. Stats: {'discovered': 47, 'new': 47, 'relevant': 0, 'stored': 0}
2026-04-27 17:52:38 [INFO] main - Running news scraping pipeline ...
2026-04-27 17:52:39 [INFO] data.news_scraper - === NEWS SCRAPING PIPELINE (ABS-CBN) === LLM: Groq (llama-3.3-70b)
2026-04-27 17:53:05 [INFO] data.news_scraper - Discovered 47 article URLs.
2026-04-27 17:53:16 [INFO] data.news_scraper - 47 new URLs to process.
2026-04-27 17:53:17 [INFO] data.news_scraper - [1/47] https://www.abs-cbn.com/news/regions/2026/4/24/protesters-seek-truly-independent-probe-into-negros-occidental-clash-that-killed-19-1552
2026-04-27 17:53:22 [INFO] data.news_scraper -   ✗ SKIP (LLM: not relevant): Protesters seek ‘truly independent’ probe into Negros Occide
2026-04-27 17:53:22 [INFO] data.news_scraper - [2/47] https://www.abs-cbn.com/news/business/2026/4/27/agri-chief-says-world-food-supply-in-wild-wild-west-era-1455
2026-04-27 17:53:27 [INFO] data.news_scraper -   ✓ RELEVANT: Agri chief says world food supply in "Wild, Wild West" era... sentiment=-0.80 type=supply_shock products=['Rice', 'Chicken', 'Pork', 'Egg', 'Bangus', 'Tilapia', 'Galunggong', 'Vegetables']
2026-04-27 17:53:27 [INFO] data.news_scraper - [3/47] https://www.abs-cbn.com/news/nation/2026/4/27/palace-wants-probe-on-alleged-power-grab-plot-1503
2026-04-27 17:53:32 [INFO] data.news_scraper -   ✗ SKIP (LLM: not relevant): Palace wants probe on alleged ‘power grab’ plot
2026-04-27 17:53:32 [INFO] data.news_scraper - [4/47] https://www.abs-cbn.com/news/nation/2026/4/27/driver-in-fatal-police-vehicle-crash-charged-1444
2026-04-27 17:53:36 [INFO] data.news_scraper -   ✗ SKIP (LLM: not relevant): Driver in fatal police vehicle crash charged
2026-04-27 17:53:36 [INFO] data.news_scraper - [5/47] https://www.abs-cbn.com/news/nation/2026/4/27/mmda-deploys-more-enforcers-at-edsa-ortigas-interchange-after-bus-fire-1519
2026-04-27 17:53:40 [INFO] data.news_scraper -   ✗ SKIP (LLM: not relevant): MMDA deploys more enforcers at EDSA-Ortigas Interchange afte
2026-04-27 17:53:40 [INFO] data.news_scraper - [6/47] https://www.abs-cbn.com/news/business/2026/4/22/look-jollibee-is-now-leed-certified-1554
2026-04-27 17:53:44 [INFO] data.news_scraper -   ✗ SKIP (LLM: not relevant): LOOK: Jollibee is now LEED-certified
2026-04-27 17:53:44 [INFO] data.news_scraper - [7/47] https://www.abs-cbn.com/news/regions/2026/4/24/mainit-na-kape-ipinanlaban-ng-lalaki-sa-holdaper-1120
2026-04-27 17:53:49 [INFO] data.news_scraper -   ✗ SKIP (LLM: not relevant): Mainit na kape, ipinanlaban ng lalaki sa holdaper
2026-04-27 17:53:49 [INFO] data.news_scraper - [8/47] https://www.abs-cbn.com/news/nation/2026/4/27/dilg-eyes-raps-vs-two-sangguniang-kabataan-chairmen-tagged-in-corruption-1323
2026-04-27 17:53:54 [INFO] data.news_scraper -   ✗ SKIP (LLM: not relevant): DILG to file bribery, falsification charges vs 2 Makati SK c
2026-04-27 17:53:54 [INFO] data.news_scraper - [9/47] https://www.abs-cbn.com/news/nation/2026/4/27/marcos-almost-80-000-teachers-school-heads-promoted-under-expanded-career-progression-system-1716
2026-04-27 17:53:58 [INFO] data.news_scraper -   ✗ SKIP (LLM: not relevant): Marcos: Almost 80,000 teachers, school heads promoted under 
2026-04-27 17:53:58 [INFO] data.news_scraper - [10/47] https://www.abs-cbn.com/news/regions/2026/4/26/company-consultant-patay-sa-pananambang-sa-calamba-laguna-1827
2026-04-27 17:54:03 [INFO] data.news_scraper -   ✗ SKIP (LLM: not relevant): Company consultant patay sa pananambang sa Calamba, Laguna
2026-04-27 17:54:03 [INFO] data.news_scraper - [11/47] https://www.abs-cbn.com/news/nation/2026/4/27/edsa-ortigas-interchange-reopens-to-light-vehicles-after-bus-fire-incident-0735
2026-04-27 17:54:07 [INFO] data.news_scraper -   ✗ SKIP (LLM: not relevant): EDSA-Ortigas Interchange reopens to light vehicles after bus
2026-04-27 17:54:07 [INFO] data.news_scraper - [12/47] https://www.abs-cbn.com/news/business/2026/4/27/philippines-boosts-fuel-buffer-with-178-million-liters-of-diesel-1526
2026-04-27 17:54:11 [INFO] data.news_scraper -   ✓ RELEVANT: Philippines boosts fuel buffer with 178 million liters of di... sentiment=0.50 type=fuel_energy products=['Rice', 'Chicken', 'Pork', 'Beef', 'Egg', 'Bangus', 'Tilapia', 'Galunggong', 'Red Onion', 'White Onion', 'Garlic', 'Tomato', 'Cabbage', 'Eggplant', 'Squash', 'String Beans', 'Kangkong', 'Pechay Tagalog', 'Ampalaya', 'Siling Labuyo', 'Ginger', 'Potato', 'Carrot', 'Banana', 'Calamansi', 'Sugar', 'Cooking Oil', 'Corn']
2026-04-27 17:54:12 [INFO] data.news_scraper - [13/47] https://www.abs-cbn.com/news/nation/2026/4/27/patidongan-lawyer-mum-on-visit-to-doj-1724
2026-04-27 17:54:16 [INFO] data.news_scraper -   ✗ SKIP (LLM: not relevant): Patidongan lawyer mum on visit to DOJ
2026-04-27 17:54:16 [INFO] data.news_scraper - [14/47] https://www.abs-cbn.com/news/nation/2026/4/27/marcoleta-wants-romualdez-to-face-senate-probe-over-flood-control-issue-1450
2026-04-27 17:54:21 [INFO] data.news_scraper -   ✗ SKIP (LLM: not relevant): Marcoleta wants Romualdez to face Senate probe over flood co
2026-04-27 17:54:21 [INFO] data.news_scraper - [15/47] https://www.abs-cbn.com/news/business/2026/4/24/solar-panel-project-helps-communities-nationwide-1219
2026-04-27 17:54:25 [INFO] data.news_scraper -   ✗ SKIP (LLM: not relevant): Solar panel project helps communities nationwide
2026-04-27 17:54:25 [INFO] data.news_scraper - [16/47] https://www.abs-cbn.com/news/nation/2026/4/27/navotas-landfill-fire-enters-third-week-as-responders-race-against-toxic-threats-1654
2026-04-27 17:54:30 [INFO] data.news_scraper -   ✗ SKIP (LLM: not relevant): Navotas landfill fire enters third week as responders race a
2026-04-27 17:54:30 [INFO] data.news_scraper - [17/47] https://www.abs-cbn.com/news/nation/2026/4/27/sandiganbayan-hears-preliminary-hold-departure-order-request-vs-escudero-1107
2026-04-27 17:54:35 [INFO] data.news_scraper -   ✗ SKIP (LLM: not relevant): Sandiganbayan holds closed-door hearing on preliminary hold 
2026-04-27 17:54:35 [INFO] data.news_scraper - [18/47] https://www.abs-cbn.com/news/regions/2026/4/26/sawa-na-lumamon-ng-buong-baboy-nahuli-sa-marinduque-0830
2026-04-27 17:54:39 [INFO] data.news_scraper -   ✗ SKIP (LLM: not relevant): Sawa na lumamon ng buong baboy, nahuli sa Marinduque
2026-04-27 17:54:39 [INFO] data.news_scraper - [19/47] https://www.abs-cbn.com/news/regions/2026/4/26/afp-handang-humarap-sa-anumang-imbestigasyon-kaugnay-ng-engkuwentro-sa-toboso-1923
2026-04-27 17:54:44 [INFO] data.news_scraper -   ✗ SKIP (LLM: not relevant): AFP handang humarap sa anumang imbestigasyon kaugnay ng engk
2026-04-27 17:54:44 [INFO] data.news_scraper - [20/47] https://www.abs-cbn.com/news/regions/2026/4/23/20-chinese-nationals-arrested-suspected-illegal-mining-discovered-in-davao-region-1714
2026-04-27 17:54:48 [INFO] data.news_scraper -   ✗ SKIP (LLM: not relevant): 20 Chinese arrested; suspected illegal mining discovered in 
2026-04-27 17:54:48 [INFO] data.news_scraper - [21/47] https://www.abs-cbn.com/news/nation/2026/4/27/-madasaling-holdaper-timbog-inamin-na-natakot-bago-mang-holdap-0801
2026-04-27 17:54:53 [INFO] data.news_scraper -   ✗ SKIP (LLM: not relevant): 'Madasaling' holdaper timbog, inamin na natakot bago mang-ho
2026-04-27 17:54:53 [INFO] data.news_scraper - [22/47] https://www.abs-cbn.com/news/regions/2026/4/25/de-lima-seeks-urgent-probe-on-negros-military-operation-that-left-19-dead-1643
2026-04-27 17:54:57 [INFO] data.news_scraper -   ✗ SKIP (LLM: not relevant): De Lima seeks urgent probe on Negros military operation that
2026-04-27 17:54:57 [INFO] data.news_scraper - [23/47] https://www.abs-cbn.com/news/business/2026/4/22/guarding-tubbataha-protecting-a-world-heritage-reef-1009
2026-04-27 17:55:01 [INFO] data.news_scraper -   ✗ SKIP (LLM: not relevant): Guarding Tubbataha: Protecting a World Heritage reef
2026-04-27 17:55:01 [INFO] data.news_scraper - [24/47] https://www.abs-cbn.com/news/regions/2026/4/24/-tao-po-mga-taga-obando-bulacan-apektado-ng-sunog-sa-navotas-landfill-2112
2026-04-27 17:55:06 [INFO] data.news_scraper -   ✗ SKIP (LLM: not relevant): ‘Tao Po’: Mga taga-Obando, Bulacan apektado ng sunog sa Navo
2026-04-27 17:55:06 [INFO] data.news_scraper - [25/47] https://www.abs-cbn.com/news/business/2026/4/27/big-diesel-kerosene-rollbacks-set-on-tuesday-but-gasoline-to-rise-1330
2026-04-27 17:55:11 [INFO] data.news_scraper -   ✓ RELEVANT: Big diesel, kerosene rollbacks set on Tuesday but gasoline t... sentiment=0.20 type=fuel_energy products=['Diesel', 'Kerosene', 'Gasoline']
2026-04-27 17:55:11 [INFO] data.news_scraper - [26/47] https://www.abs-cbn.com/news/business/2026/4/27/unionbank-net-income-surges-167-percent-to-p3-8-billion-in-q1-1711
2026-04-27 17:55:15 [INFO] data.news_scraper -   ✗ SKIP (LLM: not relevant): UnionBank net income surges 167 percent to P3.8 billion in Q
2026-04-27 17:55:15 [INFO] data.news_scraper - [27/47] https://www.abs-cbn.com/news/nation/2026/4/27/rider-patay-isa-pa-sugatan-sa-banggaan-sa-caloocan-0730
2026-04-27 17:55:21 [INFO] data.news_scraper -   ✗ SKIP (LLM: not relevant): Rider patay; isa pa sugatan sa banggaan sa Caloocan
2026-04-27 17:55:21 [INFO] data.news_scraper - [28/47] https://www.abs-cbn.com/news/regions/2026/4/26/consultant-ng-pribadong-kompanya-sa-calamba-patay-sa-ambush-1949
2026-04-27 17:55:26 [INFO] data.news_scraper -   ✗ SKIP (LLM: not relevant): Consultant ng pribadong kompanya sa Calamba, patay sa ambush
2026-04-27 17:55:26 [INFO] data.news_scraper - [29/47] https://www.abs-cbn.com/news/regions/2026/4/27/palace-denies-leviste-s-claim-says-batangas-aid-was-not-politicized-1522
2026-04-27 17:55:30 [INFO] data.news_scraper -   ✗ SKIP (LLM: not relevant): Palace denies Leviste's claim, says Batangas aid was not pol
2026-04-27 17:55:30 [INFO] data.news_scraper - [30/47] https://www.abs-cbn.com/news/nation/2026/4/27/3-vloggers-spreading-false-information-on-marcos-health-summoned-by-nbi-palace-says-1649
2026-04-27 17:55:35 [INFO] data.news_scraper -   ✗ SKIP (LLM: not relevant): NBI summons 3 vloggers spreading false information on Marcos
2026-04-27 17:55:35 [INFO] data.news_scraper - [31/47] https://www.abs-cbn.com/news/business/2026/4/27/lopez-majority-a-matter-of-trust-and-governance-0931
2026-04-27 17:55:39 [INFO] data.news_scraper -   ✗ SKIP (LLM: not relevant): Lopez majority: A matter of trust and governance
2026-04-27 17:55:39 [INFO] data.news_scraper - [32/47] https://www.abs-cbn.com/news/nation/2026/4/27/pnp-probes-leak-of-ombudsman-investigators-personal-data-1507
2026-04-27 17:55:44 [INFO] data.news_scraper -   ✗ SKIP (LLM: not relevant): PNP probes leak of Ombudsman investigators' personal data
2026-04-27 17:55:44 [INFO] data.news_scraper - [33/47] https://www.abs-cbn.com/news/regions/2026/4/27/philippines-says-two-us-citizens-among-19-killed-in-raid-0831
2026-04-27 17:55:48 [INFO] data.news_scraper -   ✗ SKIP (LLM: not relevant): Philippines says two US citizens among 19 killed in Negros r
2026-04-27 17:55:48 [INFO] data.news_scraper - [34/47] https://www.abs-cbn.com/news/regions/2026/4/27/san-pablo-laguna-vice-mayor-faces-malversation-graft-raps-over-ghost-employees-1729
2026-04-27 17:55:53 [INFO] data.news_scraper -   ✗ SKIP (LLM: not relevant): San Pablo, Laguna vice mayor faces malversation, graft raps 
2026-04-27 17:55:53 [INFO] data.news_scraper - [35/47] https://www.abs-cbn.com/news/regions/2026/4/25/2-patay-matapos-ma-trap-sa-treasure-hunting-tunnel-sa-panabo-city-1700
2026-04-27 17:55:57 [WARNING] data.news_scraper -   LLM rate limited (429), retrying in 10s...
2026-04-27 17:56:08 [INFO] data.news_scraper -   ✗ SKIP (LLM: not relevant): 2 patay matapos ma-trap sa 'treasure hunting' tunnel sa Pana
2026-04-27 17:56:08 [INFO] data.news_scraper - [36/47] https://www.abs-cbn.com/news/nation/2026/4/27/dy-calls-for-inclusive-asean-pushes-for-women-s-decision-making-power-1523
2026-04-27 17:56:12 [INFO] data.news_scraper -   ✗ SKIP (LLM: not relevant): Dy calls for ‘inclusive ASEAN,’ pushes for women’s decision-
2026-04-27 17:56:12 [INFO] data.news_scraper - [37/47] https://www.abs-cbn.com/news/regions/2026/4/27/paresan-3-pang-establisimyento-inararo-ng-pickup-sa-quezon-1021
2026-04-27 17:56:14 [INFO] data.news_scraper -   ✗ SKIP (no food/price keywords): Paresan, 3 pang establisimyento inararo ng pickup sa Quezon
2026-04-27 17:56:14 [INFO] data.news_scraper - [38/47] https://www.abs-cbn.com/news/nation/2026/4/27/no-reshuffle-in-cabinet-so-far-palace-says-1642
2026-04-27 17:56:15 [INFO] data.news_scraper -   ✗ SKIP (no food/price keywords): No reshuffle in Cabinet so far, Palace says
2026-04-27 17:56:15 [INFO] data.news_scraper - [39/47] https://www.abs-cbn.com/news/business/2026/4/27/dole-says-165-000-jobs-up-for-grabs-in-upcoming-labor-day-job-fairs-1340
2026-04-27 17:56:20 [INFO] data.news_scraper -   ✗ SKIP (LLM: not relevant): DOLE says 165,000 jobs up for grabs in upcoming Labor Day jo
2026-04-27 17:56:20 [INFO] data.news_scraper - [40/47] https://www.abs-cbn.com/news/regions/2026/4/26/tv-patrol-regional-april-26-2026-1730
2026-04-27 17:56:24 [INFO] data.news_scraper -   ✗ SKIP (LLM: not relevant): TV Patrol Regional - April 26, 2026
2026-04-27 17:56:24 [INFO] data.news_scraper - [41/47] https://www.abs-cbn.com/news/nation/2026/4/27/usok-mula-sa-nasusunog-na-navotas-landfill-umabot-na-sa-pasay-0106
2026-04-27 17:56:30 [INFO] data.news_scraper -   ✗ SKIP (LLM: not relevant): Usok mula sa nasusunog na Navotas landfill umabot na sa Pasa
2026-04-27 17:56:30 [INFO] data.news_scraper - [42/47] https://www.abs-cbn.com/news/nation/2026/4/27/sara-duterte-s-husband-files-complaint-disclosure-of-bank-records-1039
2026-04-27 17:56:35 [INFO] data.news_scraper -   ✗ SKIP (LLM: not relevant): Sara Duterte's husband files complaint vs gov't officials ov
2026-04-27 17:56:35 [INFO] data.news_scraper - [43/47] https://www.abs-cbn.com/news/nation/2026/4/27/lto-launches-online-reporting-system-for-road-violations-1556
2026-04-27 17:56:40 [INFO] data.news_scraper -   ✗ SKIP (LLM: not relevant): LTO launches online reporting system for road violations
2026-04-27 17:56:40 [INFO] data.news_scraper - [44/47] https://www.abs-cbn.com/news/regions/2026/4/27/cebu-about-80-percent-ready-for-asean-2026-1101
2026-04-27 17:56:45 [INFO] data.news_scraper -   ✗ SKIP (LLM: not relevant): Cebu about 80 percent ready for ASEAN 2026
2026-04-27 17:56:45 [INFO] data.news_scraper - [45/47] https://www.abs-cbn.com/news/nation/2026/4/27/palace-chr-probe-into-toboso-military-operation-won-t-be-blocked-1632
2026-04-27 17:56:49 [INFO] data.news_scraper -   ✗ SKIP (LLM: not relevant): Palace: CHR probe into Toboso military operation won’t be bl
2026-04-27 17:56:49 [INFO] data.news_scraper - [46/47] https://www.abs-cbn.com/news/regions/2026/4/27/marcos-leads-rice-distribution-in-capiz-1744
2026-04-27 17:56:54 [INFO] data.news_scraper -   ✓ RELEVANT: Marcos leads rice distribution in Capiz... sentiment=0.50 type=policy_change products=['Rice']
2026-04-27 17:56:54 [INFO] data.news_scraper - [47/47] https://www.abs-cbn.com/news/nation/2026/4/27/palace-too-early-to-talk-about-2028-elections-1556
2026-04-27 17:56:59 [INFO] data.news_scraper -   ✗ SKIP (LLM: not relevant): Palace: Too early to talk about 2028 elections
2026-04-27 17:56:59 [INFO] data.news_scraper - === SCRAPE COMPLETE === discovered=47 new=47 relevant=4 stored=4
2026-04-27 17:56:59 [INFO] main - Scraping complete. Stats: {'discovered': 47, 'new': 47, 'relevant': 4, 'stored': 4}
2026-04-27 23:40:32 [INFO] main - Starting API server on 0.0.0.0:8000
2026-04-27 23:40:53 [INFO] api.main - FOODCAST API starting up ...
2026-04-27 23:41:19 [INFO] models.registry - Loading models into registry ...
2026-04-27 23:41:19 [INFO] models.lightgbm_model - Loaded LightGBM model <- D:\THESIS\model_trainer\artifacts\lightgbm_model.txt
2026-04-27 23:41:19 [INFO] models.lightgbm_model - Loaded LightGBM residual model <- D:\THESIS\model_trainer\artifacts\lightgbm_residual_model.txt
2026-04-27 23:41:19 [INFO] models.lstm_model - Loaded LSTM model ← D:\THESIS\model_trainer\artifacts\lstm_model.pt (9 features)
2026-04-27 23:41:19 [INFO] models.ensemble - Loaded residual stats <- D:\THESIS\model_trainer\artifacts\ensemble_residual_stats.pkl
2026-04-27 23:41:19 [INFO] models.registry - Model registry loaded successfully.
2026-04-27 23:41:21 [INFO] data.preprocessor - Preprocessing 229 rows ...
2026-04-27 23:41:21 [INFO] data.preprocessor - Removed 1 outlier rows (>4.0σ).
2026-04-27 23:41:21 [INFO] data.preprocessor - Preprocessing complete -- 230 clean rows.
2026-04-27 23:41:21 [INFO] features.temporal - Added 15 temporal features.
2026-04-27 23:41:21 [INFO] features.lag_features - Added 30 lag / rolling features.
2026-04-27 23:41:21 [INFO] features.categorical - Loaded categorical mappings from D:\THESIS\model_trainer\artifacts\categorical_mappings.json
2026-04-27 23:41:24 [INFO] data.news_fetcher - Fetched 4 news articles from last 14 days.
2026-04-27 23:42:21 [INFO] data.preprocessor - Preprocessing 30 rows ...
2026-04-27 23:42:21 [INFO] data.preprocessor - Preprocessing complete -- 30 clean rows.
2026-04-27 23:43:15 [INFO] data.preprocessor - Preprocessing 30 rows ...
2026-04-27 23:43:15 [INFO] data.preprocessor - Preprocessing complete -- 30 clean rows.
2026-04-27 23:43:16 [INFO] data.preprocessor - Preprocessing 1,000 rows ...
2026-04-27 23:43:16 [INFO] data.preprocessor - Aggregated 200 rows with duplicate product+date combinations.
2026-04-27 23:43:16 [INFO] data.preprocessor - Preprocessing complete -- 800 clean rows.
2026-04-27 23:44:20 [INFO] data.fetcher - Fetching ALL food price records ...
2026-04-27 23:44:30 [INFO] data.fetcher - Fetched 19,829 rows total.
2026-04-27 23:46:13 [INFO] pipeline.trainer - === INCREMENTAL TRAINING PIPELINE ===
2026-04-27 23:46:13 [INFO] data.fetcher - Fetching ALL food price records ...
2026-04-27 23:46:22 [INFO] data.fetcher - Fetched 19,829 rows total.
2026-04-27 23:46:22 [INFO] pipeline.trainer - Step 1/8 -- Preprocessing ...
2026-04-27 23:46:22 [INFO] data.preprocessor - Preprocessing 19,829 rows ...
2026-04-27 23:46:22 [WARNING] data.preprocessor - Dropped 3 invalid rows (null/negative price).
2026-04-27 23:46:22 [INFO] data.preprocessor - Aggregated 8804 rows with duplicate product+date combinations.
2026-04-27 23:46:22 [INFO] data.preprocessor - Removed 35 outlier rows (>4.0σ).
2026-04-27 23:46:22 [INFO] data.preprocessor - Preprocessing complete -- 11,155 clean rows.
2026-04-27 23:46:22 [INFO] pipeline.trainer - Step 2/8 -- Feature engineering ...
2026-04-27 23:46:22 [INFO] features.temporal - Added 15 temporal features.
2026-04-27 23:46:23 [INFO] features.lag_features - Added 30 lag / rolling features.
2026-04-27 23:46:23 [INFO] features.categorical - Loaded categorical mappings from D:\THESIS\model_trainer\artifacts\categorical_mappings.json
2026-04-27 23:46:23 [INFO] pipeline.trainer - Step 3/8 -- Splitting data ...
2026-04-27 23:46:23 [INFO] pipeline.trainer - LightGBM using 54 historical data features. No reasoning features included.
2026-04-27 23:46:23 [INFO] pipeline.trainer - Step 4/8 -- Training LightGBM (absolute prices) ...
2026-04-27 23:46:23 [INFO] models.lightgbm_model - Incremental training -- loaded model from disk.
2026-04-27 23:46:25 [INFO] models.lightgbm_model - LightGBM validation -- RMSE: 3.6485  MAE: 2.0830  MAPE: 1.71%
2026-04-27 23:46:25 [INFO] models.lightgbm_model - Saved LightGBM model -> D:\THESIS\model_trainer\artifacts\lightgbm_model.txt
2026-04-27 23:46:42 [INFO] models.lightgbm_model - Trained quantile models for confidence intervals.
2026-04-27 23:46:42 [INFO] pipeline.trainer - Step 5/8 -- Training LSTM (Stage 1: base temporal model) ...
2026-04-27 23:46:42 [INFO] models.lstm_model - LSTM using 9 input features: ['price_lag_1d', 'price_lag_7d', 'price_rolling_mean_7d', 'price_rolling_mean_30d', 'price_pct_change_1d', 'month_sin', 'month_cos', 'dow_sin', 'dow_cos']
2026-04-27 23:46:42 [INFO] pipeline.trainer - LSTM sequences -- train: 5307, val: 48, features: 9
2026-04-27 23:46:42 [INFO] models.lstm_model - LSTM incremental fine-tuning (LR=0.0001, epochs=66)
2026-04-27 23:46:50 [INFO] models.lstm_model - Epoch   1/66  train=0.006345  val=0.003082  lr=1.00e-04
2026-04-27 23:47:16 [INFO] models.lstm_model - Epoch  10/66  train=0.005341  val=0.002800  lr=1.00e-04
2026-04-27 23:47:45 [INFO] models.lstm_model - Epoch  20/66  train=0.004409  val=0.003294  lr=5.00e-05
2026-04-27 23:48:15 [INFO] models.lstm_model - Epoch  30/66  train=0.003967  val=0.003385  lr=2.50e-05
2026-04-27 23:48:29 [INFO] models.lstm_model - Early stopping at epoch 35
2026-04-27 23:48:29 [INFO] models.lstm_model - LSTM validation — RMSE: 0.7070  MAE: 0.5424  MAPE: 0.40%
2026-04-27 23:48:29 [INFO] pipeline.trainer - Step 6/8 -- Training LightGBM residual correction (Stage 2) ...
2026-04-27 23:48:29 [INFO] pipeline.trainer - Residual stats (train) -- mean: 0.0826, std: 7.1336, median: 0.0571
2026-04-27 23:48:29 [INFO] pipeline.trainer - Residual stats (val) -- mean: 0.1203, std: 0.6967
2026-04-27 23:48:30 [INFO] models.lightgbm_model - LightGBM residual model -- RMSE: 0.6758  MAE: 0.5425
2026-04-27 23:48:30 [INFO] models.lightgbm_model - Saved LightGBM residual model -> D:\THESIS\model_trainer\artifacts\lightgbm_residual_model.txt
2026-04-27 23:48:35 [INFO] models.lightgbm_model - Trained residual quantile models for confidence intervals.
2026-04-27 23:48:35 [INFO] pipeline.trainer - Step 7/8 -- Evaluating hybrid ensemble ...
2026-04-27 23:48:35 [INFO] models.ensemble - Residual hybrid trained --
  LSTM-only:   RMSE=0.7070  MAE=0.5424  MAPE=0.40%
  Hybrid:      RMSE=0.6758  MAE=0.5425  MAPE=0.43%
  Improvement: 4.4%
2026-04-27 23:48:35 [INFO] models.ensemble - Saved residual stats -> D:\THESIS\model_trainer\artifacts\ensemble_residual_stats.pkl
2026-04-27 23:48:35 [INFO] pipeline.trainer - Step 8/8 -- Saving model version ...
2026-04-27 23:48:35 [INFO] models.model_store - Pruned old version: v011_2026-04-27T03-18-28
2026-04-27 23:48:35 [INFO] models.model_store - Created model version v011_2026-04-27T15-48-35 (5 files)
2026-04-27 23:48:35 [INFO] pipeline.drift_detector - Saved reference distribution (11155 samples).
2026-04-27 23:48:35 [INFO] pipeline.trainer - === TRAINING COMPLETE ===
2026-04-27 23:49:07 [INFO] data.preprocessor - Preprocessing 233 rows ...
2026-04-27 23:49:07 [INFO] data.preprocessor - Removed 1 outlier rows (>4.0σ).
2026-04-27 23:49:07 [INFO] data.preprocessor - Preprocessing complete -- 234 clean rows.
2026-04-27 23:49:07 [INFO] features.temporal - Added 15 temporal features.
2026-04-27 23:49:07 [INFO] features.lag_features - Added 30 lag / rolling features.
2026-04-27 23:49:07 [INFO] features.categorical - Loaded categorical mappings from D:\THESIS\model_trainer\artifacts\categorical_mappings.json
2026-04-27 23:50:05 [INFO] data.preprocessor - Preprocessing 233 rows ...
2026-04-27 23:50:05 [INFO] data.preprocessor - Removed 1 outlier rows (>4.0σ).
2026-04-27 23:50:05 [INFO] data.preprocessor - Preprocessing complete -- 234 clean rows.
2026-04-27 23:50:05 [INFO] features.temporal - Added 15 temporal features.
2026-04-27 23:50:05 [INFO] features.lag_features - Added 30 lag / rolling features.
2026-04-27 23:50:05 [INFO] features.categorical - Loaded categorical mappings from D:\THESIS\model_trainer\artifacts\categorical_mappings.json
2026-04-27 23:51:37 [INFO] pipeline.trainer - === FULL TRAINING PIPELINE ===
2026-04-27 23:51:37 [INFO] data.fetcher - Fetching ALL food price records ...
2026-04-27 23:51:44 [INFO] data.fetcher - Fetched 20,158 rows total.
2026-04-27 23:51:44 [INFO] pipeline.trainer - Step 1/8 -- Preprocessing ...
2026-04-27 23:51:44 [INFO] data.preprocessor - Preprocessing 20,158 rows ...
2026-04-27 23:51:44 [WARNING] data.preprocessor - Dropped 3 invalid rows (null/negative price).
2026-04-27 23:51:44 [INFO] data.preprocessor - Aggregated 8935 rows with duplicate product+date combinations.
2026-04-27 23:51:44 [INFO] data.preprocessor - Removed 29 outlier rows (>4.0σ).
2026-04-27 23:51:44 [INFO] data.preprocessor - Preprocessing complete -- 11,348 clean rows.
2026-04-27 23:51:44 [INFO] pipeline.trainer - Step 2/8 -- Feature engineering ...
2026-04-27 23:51:44 [INFO] features.temporal - Added 15 temporal features.
2026-04-27 23:51:45 [INFO] features.lag_features - Added 30 lag / rolling features.
2026-04-27 23:51:45 [INFO] features.categorical - Saved categorical mappings → D:\THESIS\model_trainer\artifacts\categorical_mappings.json
2026-04-27 23:51:45 [INFO] features.categorical - Encoded 4 categorical columns (120 unique values).
2026-04-27 23:51:45 [INFO] pipeline.trainer - Step 3/8 -- Splitting data ...
2026-04-27 23:51:45 [INFO] pipeline.trainer - LightGBM using 54 historical data features. No reasoning features included.
2026-04-27 23:51:45 [INFO] pipeline.trainer - Step 4/8 -- Training LightGBM (absolute prices) ...
2026-04-27 23:51:58 [INFO] models.lightgbm_model - LightGBM validation -- RMSE: 3.8777  MAE: 2.1596  MAPE: 1.66%
2026-04-27 23:51:58 [INFO] models.lightgbm_model - Saved LightGBM model -> D:\THESIS\model_trainer\artifacts\lightgbm_model.txt
2026-04-27 23:52:19 [INFO] models.lightgbm_model - Trained quantile models for confidence intervals.
2026-04-27 23:52:19 [INFO] pipeline.trainer - Step 5/8 -- Training LSTM (Stage 1: base temporal model) ...
2026-04-27 23:52:19 [INFO] models.lstm_model - LSTM using 9 input features: ['price_lag_1d', 'price_lag_7d', 'price_rolling_mean_7d', 'price_rolling_mean_30d', 'price_pct_change_1d', 'month_sin', 'month_cos', 'dow_sin', 'dow_cos']
2026-04-27 23:52:19 [INFO] pipeline.trainer - LSTM sequences -- train: 5496, val: 48, features: 9
2026-04-27 23:52:24 [INFO] models.lstm_model - Epoch   1/200  train=0.009650  val=0.003547  lr=1.00e-03
2026-04-27 23:52:47 [INFO] models.lstm_model - Epoch  10/200  train=0.006753  val=0.002851  lr=1.00e-03
2026-04-27 23:53:12 [INFO] models.lstm_model - Epoch  20/200  train=0.004795  val=0.003441  lr=1.00e-03
2026-04-27 23:53:40 [INFO] models.lstm_model - Epoch  30/200  train=0.003556  val=0.003934  lr=5.00e-04
2026-04-27 23:54:02 [INFO] models.lstm_model - Early stopping at epoch 38
2026-04-27 23:54:02 [INFO] models.lstm_model - LSTM validation — RMSE: 0.4256  MAE: 0.3336  MAPE: 0.22%
2026-04-27 23:54:02 [INFO] pipeline.trainer - Step 6/8 -- Training LightGBM residual correction (Stage 2) ...
2026-04-27 23:54:02 [INFO] pipeline.trainer - Residual stats (train) -- mean: -0.1726, std: 7.4793, median: 0.0205
2026-04-27 23:54:02 [INFO] pipeline.trainer - Residual stats (val) -- mean: 0.2814, std: 0.3194
2026-04-27 23:54:03 [INFO] models.lightgbm_model - LightGBM residual model -- RMSE: 0.5542  MAE: 0.4862
2026-04-27 23:54:03 [INFO] models.lightgbm_model - Saved LightGBM residual model -> D:\THESIS\model_trainer\artifacts\lightgbm_residual_model.txt
2026-04-27 23:54:14 [INFO] models.lightgbm_model - Trained residual quantile models for confidence intervals.
2026-04-27 23:54:14 [INFO] pipeline.trainer - Step 7/8 -- Evaluating hybrid ensemble ...
2026-04-27 23:54:14 [INFO] models.ensemble - Residual hybrid trained --
  LSTM-only:   RMSE=0.4256  MAE=0.3336  MAPE=0.22%
  Hybrid:      RMSE=0.5542  MAE=0.4862  MAPE=0.39%
  Improvement: -30.2%
2026-04-27 23:54:14 [INFO] models.ensemble - Saved residual stats -> D:\THESIS\model_trainer\artifacts\ensemble_residual_stats.pkl
2026-04-27 23:54:14 [INFO] pipeline.trainer - Step 8/8 -- Saving model version ...
2026-04-27 23:54:14 [INFO] models.model_store - Pruned old version: v011_2026-04-27T03-25-49
2026-04-27 23:54:14 [INFO] models.model_store - Created model version v011_2026-04-27T15-54-14 (5 files)
2026-04-27 23:54:14 [INFO] pipeline.drift_detector - Saved reference distribution (11348 samples).
2026-04-27 23:54:14 [INFO] pipeline.trainer - === TRAINING COMPLETE ===
2026-04-27 23:54:14 [INFO] main - Training complete. Metrics: {'lgbm': {'rmse': 3.877661234447943, 'mae': 2.1596017359998148, 'mape': 1.6597790033289122}, 'lstm': {'rmse': 0.4256248848065101, 'mae': 0.33361436081211043, 'mape': 0.22305573026339134}, 'lgbm_residual': {'rmse': 0.5542063672508885, 'mae': 0.48624686375487736}, 'ensemble': {'rmse': 0.5542063672508897, 'mae': 0.48624686375487886, 'mape': 0.39399256874133165}, 'timestamp': '2026-04-27T15:54:14.885335+00:00', 'data_rows': 11348, 'mode': 'full'}
2026-04-27 23:55:26 [INFO] main - Starting API server on 0.0.0.0:8000
2026-04-27 23:55:31 [INFO] api.main - FOODCAST API starting up ...
2026-04-27 23:56:45 [INFO] main - Starting API server on 0.0.0.0:8000
2026-04-27 23:56:50 [INFO] api.main - FOODCAST API starting up ...
2026-04-27 23:56:53 [INFO] data.preprocessor - Preprocessing 60 rows ...
2026-04-27 23:56:53 [INFO] data.preprocessor - Removed 1 outlier rows (>4.0σ).
2026-04-27 23:56:53 [INFO] data.preprocessor - Preprocessing complete -- 59 clean rows.
2026-04-27 23:56:53 [INFO] models.registry - Loading models into registry ...
2026-04-27 23:56:53 [INFO] models.lightgbm_model - Loaded LightGBM model <- D:\THESIS\model_trainer\artifacts\lightgbm_model.txt
2026-04-27 23:56:53 [INFO] models.lightgbm_model - Loaded LightGBM residual model <- D:\THESIS\model_trainer\artifacts\lightgbm_residual_model.txt
2026-04-27 23:56:53 [INFO] models.lstm_model - Loaded LSTM model ← D:\THESIS\model_trainer\artifacts\lstm_model.pt (9 features)
2026-04-27 23:56:53 [INFO] models.ensemble - Loaded residual stats <- D:\THESIS\model_trainer\artifacts\ensemble_residual_stats.pkl
2026-04-27 23:56:53 [INFO] models.registry - Model registry loaded successfully.
2026-04-27 23:56:55 [INFO] data.preprocessor - Preprocessing 233 rows ...
2026-04-27 23:56:55 [INFO] data.preprocessor - Removed 1 outlier rows (>4.0σ).
2026-04-27 23:56:55 [INFO] data.preprocessor - Preprocessing complete -- 234 clean rows.
2026-04-27 23:56:55 [INFO] features.temporal - Added 15 temporal features.
2026-04-27 23:56:55 [INFO] features.lag_features - Added 30 lag / rolling features.
2026-04-27 23:56:55 [INFO] features.categorical - Loaded categorical mappings from D:\THESIS\model_trainer\artifacts\categorical_mappings.json
2026-04-27 23:56:56 [INFO] data.news_fetcher - Fetched 4 news articles from last 14 days.
2026-04-27 23:57:50 [INFO] data.preprocessor - Preprocessing 30 rows ...
2026-04-27 23:57:50 [INFO] data.preprocessor - Removed 1 outlier rows (>4.0σ).
2026-04-27 23:57:50 [INFO] data.preprocessor - Preprocessing complete -- 29 clean rows.
2026-04-27 23:57:51 [INFO] data.preprocessor - Preprocessing 1,000 rows ...
2026-04-27 23:57:51 [INFO] data.preprocessor - Aggregated 666 rows with duplicate product+date combinations.
2026-04-27 23:57:51 [INFO] data.preprocessor - Preprocessing complete -- 334 clean rows.
2026-04-27 23:57:51 [INFO] api.routes.recommendations - No cheaper alternatives found for Pork (₱254.41) in category
2026-04-27 23:58:18 [INFO] data.preprocessor - Preprocessing 30 rows ...
2026-04-27 23:58:18 [INFO] data.preprocessor - Preprocessing complete -- 30 clean rows.
2026-04-27 23:58:19 [INFO] data.preprocessor - Preprocessing 1,000 rows ...
2026-04-27 23:58:19 [INFO] data.preprocessor - Aggregated 200 rows with duplicate product+date combinations.
2026-04-27 23:58:19 [INFO] data.preprocessor - Preprocessing complete -- 800 clean rows.
2026-04-27 23:58:19 [INFO] api.routes.recommendations - No cheaper alternatives found for Banana (₱59.60) in category
2026-04-27 23:58:44 [INFO] data.preprocessor - Preprocessing 30 rows ...
2026-04-27 23:58:44 [INFO] data.preprocessor - Preprocessing complete -- 30 clean rows.
2026-04-27 23:58:45 [INFO] data.preprocessor - Preprocessing 1,000 rows ...
2026-04-27 23:58:45 [INFO] data.preprocessor - Aggregated 282 rows with duplicate product+date combinations.
2026-04-27 23:58:45 [INFO] data.preprocessor - Removed 1 outlier rows (>4.0σ).
2026-04-27 23:58:45 [INFO] data.preprocessor - Preprocessing complete -- 718 clean rows.
2026-04-27 23:59:17 [INFO] data.preprocessor - Preprocessing 60 rows ...
2026-04-27 23:59:17 [INFO] data.preprocessor - Preprocessing complete -- 60 clean rows.
2026-04-27 23:59:18 [INFO] data.preprocessor - Preprocessing 233 rows ...
2026-04-27 23:59:18 [INFO] data.preprocessor - Preprocessing complete -- 235 clean rows.
2026-04-27 23:59:18 [INFO] features.temporal - Added 15 temporal features.
2026-04-27 23:59:18 [INFO] features.lag_features - Added 30 lag / rolling features.
2026-04-27 23:59:18 [INFO] features.categorical - Loaded categorical mappings from D:\THESIS\model_trainer\artifacts\categorical_mappings.json
2026-04-27 23:59:19 [INFO] data.news_fetcher - Fetched 4 news articles from last 14 days.
2026-04-28 00:02:31 [INFO] data.preprocessor - Preprocessing 30 rows ...
2026-04-28 00:02:31 [INFO] data.preprocessor - Preprocessing complete -- 30 clean rows.
2026-04-28 00:02:32 [INFO] data.preprocessor - Preprocessing 1,000 rows ...
2026-04-28 00:02:32 [INFO] data.preprocessor - Aggregated 282 rows with duplicate product+date combinations.
2026-04-28 00:02:32 [INFO] data.preprocessor - Removed 1 outlier rows (>4.0σ).
2026-04-28 00:02:32 [INFO] data.preprocessor - Preprocessing complete -- 718 clean rows.
2026-04-28 00:03:46 [INFO] data.preprocessor - Preprocessing 30 rows ...
2026-04-28 00:03:46 [INFO] data.preprocessor - Preprocessing complete -- 30 clean rows.
2026-04-28 00:03:46 [INFO] data.preprocessor - Preprocessing 1,000 rows ...
2026-04-28 00:03:46 [INFO] data.preprocessor - Aggregated 282 rows with duplicate product+date combinations.
2026-04-28 00:03:46 [INFO] data.preprocessor - Removed 1 outlier rows (>4.0σ).
2026-04-28 00:03:46 [INFO] data.preprocessor - Preprocessing complete -- 718 clean rows.
2026-04-28 00:03:48 [INFO] data.preprocessor - Preprocessing 30 rows ...
2026-04-28 00:03:48 [INFO] data.preprocessor - Preprocessing complete -- 30 clean rows.
2026-04-28 00:03:48 [INFO] data.preprocessor - Preprocessing 1,000 rows ...
2026-04-28 00:03:48 [INFO] data.preprocessor - Aggregated 282 rows with duplicate product+date combinations.
2026-04-28 00:03:48 [INFO] data.preprocessor - Removed 1 outlier rows (>4.0σ).
2026-04-28 00:03:48 [INFO] data.preprocessor - Preprocessing complete -- 718 clean rows.
2026-04-28 00:03:51 [INFO] data.preprocessor - Preprocessing 60 rows ...
2026-04-28 00:03:51 [INFO] data.preprocessor - Preprocessing complete -- 60 clean rows.
2026-04-28 00:03:53 [INFO] data.preprocessor - Preprocessing 233 rows ...
2026-04-28 00:03:53 [INFO] data.preprocessor - Preprocessing complete -- 235 clean rows.
2026-04-28 00:03:53 [INFO] features.temporal - Added 15 temporal features.
2026-04-28 00:03:53 [INFO] features.lag_features - Added 30 lag / rolling features.
2026-04-28 00:03:53 [INFO] features.categorical - Loaded categorical mappings from D:\THESIS\model_trainer\artifacts\categorical_mappings.json
2026-04-28 00:03:55 [INFO] data.news_fetcher - Fetched 4 news articles from last 14 days.
2026-04-28 00:21:53 [INFO] main - Starting API server on 0.0.0.0:8000
2026-04-28 00:22:01 [INFO] api.main - FOODCAST API starting up ...
2026-04-28 00:22:46 [INFO] pipeline.trainer - === FULL TRAINING PIPELINE ===
2026-04-28 00:22:46 [INFO] data.fetcher - Fetching ALL food price records ...
2026-04-28 00:22:56 [INFO] data.fetcher - Fetched 20,653 rows total.
2026-04-28 00:22:56 [INFO] pipeline.trainer - Step 1/8 -- Preprocessing ...
2026-04-28 00:22:56 [INFO] data.preprocessor - Preprocessing 20,653 rows ...
2026-04-28 00:22:56 [WARNING] data.preprocessor - Dropped 3 invalid rows (null/negative price).
2026-04-28 00:22:56 [INFO] data.preprocessor - Aggregated 1526 rows with duplicate product+variant+date combinations.
2026-04-28 00:22:56 [INFO] data.preprocessor - Removed 51 outlier rows (>4.0σ).
2026-04-28 00:22:56 [INFO] data.preprocessor - Preprocessing complete -- 19,530 clean rows.
2026-04-28 00:22:56 [INFO] pipeline.trainer - Step 2/8 -- Feature engineering ...
2026-04-28 00:22:56 [INFO] features.temporal - Added 15 temporal features.
2026-04-28 00:22:57 [INFO] features.lag_features - Added 30 lag / rolling features.
2026-04-28 00:22:57 [INFO] features.categorical - Saved categorical mappings → D:\THESIS\model_trainer\artifacts\categorical_mappings.json
2026-04-28 00:22:57 [INFO] features.categorical - Encoded 4 categorical columns (120 unique values).
2026-04-28 00:22:57 [INFO] pipeline.trainer - Step 3/8 -- Splitting data ...
2026-04-28 00:22:57 [INFO] pipeline.trainer - LightGBM using 54 historical data features. No reasoning features included.
2026-04-28 00:22:57 [INFO] pipeline.trainer - Step 4/8 -- Training LightGBM (absolute prices) ...
2026-04-28 00:23:05 [INFO] models.lightgbm_model - LightGBM validation -- RMSE: 3.2611  MAE: 1.8192  MAPE: 1.71%
2026-04-28 00:23:05 [INFO] models.lightgbm_model - Saved LightGBM model -> D:\THESIS\model_trainer\artifacts\lightgbm_model.txt
2026-04-28 00:23:16 [INFO] models.lightgbm_model - Trained quantile models for confidence intervals.
2026-04-28 00:23:16 [INFO] pipeline.trainer - Step 5/8 -- Training LSTM (Stage 1: base temporal model) ...
2026-04-28 00:23:16 [INFO] models.lstm_model - LSTM using 9 input features: ['price_lag_1d', 'price_lag_7d', 'price_rolling_mean_7d', 'price_rolling_mean_30d', 'price_pct_change_1d', 'month_sin', 'month_cos', 'dow_sin', 'dow_cos']
2026-04-28 00:23:17 [INFO] pipeline.trainer - LSTM sequences -- train: 9005, val: 81, features: 9
2026-04-28 00:23:22 [INFO] models.lstm_model - Epoch   1/200  train=0.007478  val=0.003900  lr=1.00e-03
2026-04-28 00:23:55 [INFO] models.lstm_model - Epoch  10/200  train=0.005183  val=0.003258  lr=1.00e-03
2026-04-28 00:24:36 [INFO] models.lstm_model - Epoch  20/200  train=0.003358  val=0.004039  lr=5.00e-04
2026-04-28 00:25:14 [INFO] models.lstm_model - Early stopping at epoch 29
2026-04-28 00:25:14 [INFO] models.lstm_model - LSTM validation — RMSE: 0.7628  MAE: 0.5279  MAPE: 0.41%
2026-04-28 00:25:14 [INFO] pipeline.trainer - Step 6/8 -- Training LightGBM residual correction (Stage 2) ...
2026-04-28 00:25:14 [INFO] pipeline.trainer - Residual stats (train) -- mean: 0.6509, std: 6.0917, median: 0.1505
2026-04-28 00:25:14 [INFO] pipeline.trainer - Residual stats (val) -- mean: 0.4726, std: 0.5988
2026-04-28 00:25:15 [INFO] models.lightgbm_model - LightGBM residual model -- RMSE: 0.5479  MAE: 0.3596
2026-04-28 00:25:15 [INFO] models.lightgbm_model - Saved LightGBM residual model -> D:\THESIS\model_trainer\artifacts\lightgbm_residual_model.txt
2026-04-28 00:25:21 [INFO] models.lightgbm_model - Trained residual quantile models for confidence intervals.
2026-04-28 00:25:22 [INFO] pipeline.trainer - Step 7/8 -- Evaluating hybrid ensemble ...
2026-04-28 00:25:22 [INFO] models.ensemble - Residual hybrid trained --
  LSTM-only:   RMSE=0.7628  MAE=0.5279  MAPE=0.41%
  Hybrid:      RMSE=0.5479  MAE=0.3596  MAPE=0.66%
  Improvement: 28.2%
2026-04-28 00:25:22 [INFO] models.ensemble - Saved residual stats -> D:\THESIS\model_trainer\artifacts\ensemble_residual_stats.pkl
2026-04-28 00:25:22 [INFO] pipeline.trainer - Step 8/8 -- Saving model version ...
2026-04-28 00:25:22 [INFO] models.model_store - Pruned old version: v011_2026-04-27T03-35-03
2026-04-28 00:25:22 [INFO] models.model_store - Created model version v011_2026-04-27T16-25-22 (5 files)
2026-04-28 00:25:22 [INFO] pipeline.drift_detector - Saved reference distribution (19530 samples).
2026-04-28 00:25:22 [INFO] pipeline.trainer - === TRAINING COMPLETE ===
2026-04-28 00:25:22 [INFO] main - Training complete. Metrics: {'lgbm': {'rmse': 3.261107480145445, 'mae': 1.8191709715965265, 'mape': 1.7094133579811484}, 'lstm': {'rmse': 0.7628146650369607, 'mae': 0.5278809467951447, 'mape': 0.41201055785755997}, 'lgbm_residual': {'rmse': 0.5479347413356792, 'mae': 0.3595754223210459}, 'ensemble': {'rmse': 0.547934741335679, 'mae': 0.35957542232104533, 'mape': 0.6553695764324239}, 'timestamp': '2026-04-27T16:25:22.088027+00:00', 'data_rows': 19530, 'mode': 'full'}
2026-04-28 00:33:06 [INFO] pipeline.trainer - === FULL TRAINING PIPELINE ===
2026-04-28 00:33:06 [INFO] data.fetcher - Fetching ALL food price records ...
2026-04-28 00:33:14 [INFO] data.fetcher - Fetched 20,903 rows total.
2026-04-28 00:33:14 [INFO] pipeline.trainer - Step 1/8 -- Preprocessing ...
2026-04-28 00:33:14 [INFO] data.preprocessor - Preprocessing 20,903 rows ...
2026-04-28 00:33:14 [WARNING] data.preprocessor - Dropped 3 invalid rows (null/negative price).
2026-04-28 00:33:14 [INFO] data.preprocessor -   After drop_invalid: 20,900 rows (3 removed)
2026-04-28 00:33:14 [INFO] data.preprocessor - Aggregated 1531 rows with duplicate product+variant+date combinations.
2026-04-28 00:33:14 [INFO] data.preprocessor -   After dedup:        19,369 rows (1,531 merged)
2026-04-28 00:33:14 [INFO] data.preprocessor -   After fill_missing: 19,816 rows (+447 interpolated)
2026-04-28 00:33:14 [INFO] data.preprocessor - Removed 55 outlier rows (>4.0σ).
2026-04-28 00:33:14 [INFO] data.preprocessor -   After outliers:     19,761 rows (55 removed)
2026-04-28 00:33:14 [INFO] data.preprocessor - Preprocessing complete -- 19,761 clean rows (from 20,903 raw).
2026-04-28 00:33:14 [INFO] pipeline.trainer - Step 2/8 -- Feature engineering ...
2026-04-28 00:33:14 [INFO] features.temporal - Added 15 temporal features.
2026-04-28 00:33:15 [INFO] features.lag_features - Added 30 lag / rolling features.
2026-04-28 00:33:15 [INFO] features.categorical - Saved categorical mappings → D:\THESIS\model_trainer\artifacts\categorical_mappings.json
2026-04-28 00:33:15 [INFO] features.categorical - Encoded 4 categorical columns (120 unique values).
2026-04-28 00:33:15 [INFO] pipeline.trainer - Step 3/8 -- Splitting data ...
2026-04-28 00:33:15 [INFO] pipeline.trainer - LightGBM using 54 historical data features. No reasoning features included.
2026-04-28 00:33:15 [INFO] pipeline.trainer - Step 4/8 -- Training LightGBM (absolute prices) ...
2026-04-28 00:33:24 [INFO] models.lightgbm_model - LightGBM validation -- RMSE: 3.1984  MAE: 1.7700  MAPE: 1.68%
2026-04-28 00:33:24 [INFO] models.lightgbm_model - Saved LightGBM model -> D:\THESIS\model_trainer\artifacts\lightgbm_model.txt
2026-04-28 00:33:40 [INFO] models.lightgbm_model - Trained quantile models for confidence intervals.
2026-04-28 00:33:40 [INFO] pipeline.trainer - Step 5/8 -- Training LSTM (Stage 1: base temporal model) ...
2026-04-28 00:33:40 [INFO] models.lstm_model - LSTM using 9 input features: ['price_lag_1d', 'price_lag_7d', 'price_rolling_mean_7d', 'price_rolling_mean_30d', 'price_pct_change_1d', 'month_sin', 'month_cos', 'dow_sin', 'dow_cos']
2026-04-28 00:33:40 [INFO] pipeline.trainer - LSTM sequences -- train: 9218, val: 81, features: 9
2026-04-28 00:33:45 [INFO] models.lstm_model - Epoch   1/200  train=0.007763  val=0.002816  lr=1.00e-03
2026-04-28 00:34:24 [INFO] models.lstm_model - Epoch  10/200  train=0.004955  val=0.002676  lr=1.00e-03
2026-04-28 00:35:04 [INFO] models.lstm_model - Epoch  20/200  train=0.003205  val=0.002992  lr=5.00e-04
2026-04-28 00:35:46 [INFO] models.lstm_model - Epoch  30/200  train=0.002221  val=0.003084  lr=2.50e-04
2026-04-28 00:35:50 [INFO] models.lstm_model - Early stopping at epoch 31
2026-04-28 00:35:50 [INFO] models.lstm_model - LSTM validation — RMSE: 0.1129  MAE: 0.0647  MAPE: 0.05%
2026-04-28 00:35:50 [INFO] pipeline.trainer - Step 6/8 -- Training LightGBM residual correction (Stage 2) ...
2026-04-28 00:35:51 [INFO] pipeline.trainer - Residual stats (train) -- mean: -0.3420, std: 6.0906, median: -0.0337
2026-04-28 00:35:51 [INFO] pipeline.trainer - Residual stats (val) -- mean: -0.0647, std: 0.0926
2026-04-28 00:35:51 [INFO] models.lightgbm_model - LightGBM residual model -- RMSE: 0.2932  MAE: 0.2891
2026-04-28 00:35:51 [INFO] models.lightgbm_model - Saved LightGBM residual model -> D:\THESIS\model_trainer\artifacts\lightgbm_residual_model.txt
2026-04-28 00:36:02 [INFO] models.lightgbm_model - Trained residual quantile models for confidence intervals.
2026-04-28 00:36:02 [INFO] pipeline.trainer - Step 7/8 -- Evaluating hybrid ensemble ...
2026-04-28 00:36:02 [INFO] models.ensemble - Residual hybrid trained --
  LSTM-only:   RMSE=0.1129  MAE=0.0647  MAPE=0.05%
  Hybrid:      RMSE=0.2932  MAE=0.2891  MAPE=0.71%
  Improvement: -159.6%
2026-04-28 00:36:02 [INFO] models.ensemble - Saved residual stats -> D:\THESIS\model_trainer\artifacts\ensemble_residual_stats.pkl
2026-04-28 00:36:02 [INFO] pipeline.trainer - Step 8/8 -- Saving model version ...
2026-04-28 00:36:02 [INFO] models.model_store - Pruned old version: v011_2026-04-27T03-48-29
2026-04-28 00:36:02 [INFO] models.model_store - Created model version v011_2026-04-27T16-36-02 (5 files)
2026-04-28 00:36:03 [INFO] pipeline.drift_detector - Saved reference distribution (19761 samples).
2026-04-28 00:36:03 [INFO] pipeline.trainer - === TRAINING COMPLETE ===
2026-04-28 00:36:03 [INFO] main - Training complete. Metrics: {'lgbm': {'rmse': 3.1983552469022, 'mae': 1.7700336722974055, 'mape': 1.6780227938557313}, 'lstm': {'rmse': 0.11294332828165755, 'mae': 0.06466193398575594, 'mape': 0.05078227431685756}, 'lgbm_residual': {'rmse': 0.2932351338643164, 'mae': 0.2891182807013334}, 'ensemble': {'rmse': 0.2932351338643168, 'mae': 0.2891182807013339, 'mape': 0.7083284542652777}, 'timestamp': '2026-04-27T16:36:02.913239+00:00', 'data_rows': 19761, 'mode': 'full'}
2026-04-28 00:41:54 [INFO] data.fetcher - Fetching ALL food price records ...
2026-04-28 00:42:08 [INFO] data.fetcher - Fetched 20,903 rows total.
2026-04-28 00:42:08 [WARNING] data.preprocessor - Dropped 3 invalid rows (null/negative price).
2026-04-28 00:42:08 [INFO] data.preprocessor - Aggregated 1531 rows with duplicate product+variant+date combinations.
2026-04-28 00:42:08 [INFO] data.preprocessor - Preprocessing 20,903 rows ...
2026-04-28 00:42:08 [WARNING] data.preprocessor - Dropped 3 invalid rows (null/negative price).
2026-04-28 00:42:08 [INFO] data.preprocessor -   After drop_invalid: 20,900 rows (3 removed)
2026-04-28 00:42:08 [INFO] data.preprocessor - Aggregated 1531 rows with duplicate product+variant+date combinations.
2026-04-28 00:42:08 [INFO] data.preprocessor -   After dedup:        19,369 rows (1,531 merged)
2026-04-28 00:42:09 [INFO] data.preprocessor -   After fill_missing: 19,816 rows (+447 interpolated)
2026-04-28 00:42:09 [INFO] data.preprocessor - Removed 55 outlier rows (>4.0σ).
2026-04-28 00:42:09 [INFO] data.preprocessor -   After outliers:     19,761 rows (55 removed)
2026-04-28 00:42:09 [INFO] data.preprocessor - Preprocessing complete -- 19,761 clean rows (from 20,903 raw).
2026-04-28 00:44:01 [INFO] pipeline.trainer - === FULL TRAINING PIPELINE ===
2026-04-28 00:44:01 [INFO] data.fetcher - Fetching ALL food price records ...
2026-04-28 00:44:09 [INFO] data.fetcher - Fetched 20,903 rows total.
2026-04-28 00:44:09 [INFO] pipeline.trainer - Step 1/8 -- Preprocessing ...
2026-04-28 00:44:09 [INFO] data.preprocessor - Preprocessing 20,903 rows ...
2026-04-28 00:44:09 [WARNING] data.preprocessor - Dropped 3 invalid rows (null/negative price).
2026-04-28 00:44:09 [INFO] data.preprocessor -   After drop_invalid: 20,900 rows (3 removed)
2026-04-28 00:44:09 [INFO] data.preprocessor - Aggregated 1531 rows with duplicate product+variant+date combinations.
2026-04-28 00:44:09 [INFO] data.preprocessor -   After dedup:        19,369 rows (1,531 merged)
2026-04-28 00:44:09 [INFO] data.preprocessor -   After fill_missing: 19,816 rows (+447 interpolated)
2026-04-28 00:44:09 [INFO] data.preprocessor - Removed 55 outlier rows (>4.0σ).
2026-04-28 00:44:09 [INFO] data.preprocessor -   After outliers:     19,761 rows (55 removed)
2026-04-28 00:44:09 [INFO] data.preprocessor - Preprocessing complete -- 19,761 clean rows (from 20,903 raw).
2026-04-28 00:44:09 [INFO] pipeline.trainer - Step 2/8 -- Feature engineering ...
2026-04-28 00:44:09 [INFO] features.temporal - Added 15 temporal features.
2026-04-28 00:44:10 [INFO] features.lag_features - Added 30 lag / rolling features.
2026-04-28 00:44:10 [INFO] features.categorical - Saved categorical mappings → D:\THESIS\model_trainer\artifacts\categorical_mappings.json
2026-04-28 00:44:10 [INFO] features.categorical - Encoded 4 categorical columns (120 unique values).
2026-04-28 00:44:10 [INFO] pipeline.trainer - Step 3/8 -- Splitting data ...
2026-04-28 00:44:10 [INFO] pipeline.trainer - LightGBM using 54 historical data features. No reasoning features included.
2026-04-28 00:44:10 [INFO] pipeline.trainer - Step 4/8 -- Training LightGBM (absolute prices) ...
2026-04-28 00:44:10 [INFO] models.registry - Loading models into registry ...
2026-04-28 00:44:11 [INFO] models.lightgbm_model - Loaded LightGBM model <- D:\THESIS\model_trainer\artifacts\lightgbm_model.txt
2026-04-28 00:44:11 [INFO] models.lightgbm_model - Loaded LightGBM residual model <- D:\THESIS\model_trainer\artifacts\lightgbm_residual_model.txt
2026-04-28 00:44:11 [INFO] models.lstm_model - Loaded LSTM model ← D:\THESIS\model_trainer\artifacts\lstm_model.pt (9 features)
2026-04-28 00:44:11 [INFO] models.ensemble - Loaded residual stats <- D:\THESIS\model_trainer\artifacts\ensemble_residual_stats.pkl
2026-04-28 00:44:11 [INFO] models.registry - Model registry loaded successfully.
2026-04-28 00:44:12 [INFO] data.preprocessor - Preprocessing 365 rows ...
2026-04-28 00:44:12 [INFO] data.preprocessor - Aggregated 182 rows with duplicate product+variant+date combinations.
2026-04-28 00:44:13 [INFO] data.preprocessor - Removed 1 outlier rows (>4.0σ).
2026-04-28 00:44:13 [INFO] data.preprocessor - Preprocessing complete -- 182 clean rows.
2026-04-28 00:44:13 [INFO] features.temporal - Added 15 temporal features.
2026-04-28 00:44:13 [INFO] features.lag_features - Added 30 lag / rolling features.
2026-04-28 00:44:13 [INFO] features.categorical - Loaded categorical mappings from D:\THESIS\model_trainer\artifacts\categorical_mappings.json
2026-04-28 00:44:17 [INFO] models.lightgbm_model - LightGBM validation -- RMSE: 3.7426  MAE: 2.0634  MAPE: 1.92%
2026-04-28 00:44:17 [INFO] models.lightgbm_model - Saved LightGBM model -> D:\THESIS\model_trainer\artifacts\lightgbm_model.txt
2026-04-28 00:44:31 [INFO] models.lightgbm_model - Trained quantile models for confidence intervals.
2026-04-28 00:44:31 [INFO] pipeline.trainer - Step 5/8 -- Training LSTM (Stage 1: base temporal model) ...
2026-04-28 00:44:31 [INFO] models.lstm_model - LSTM using 9 input features: ['price_lag_1d', 'price_lag_7d', 'price_rolling_mean_7d', 'price_rolling_mean_30d', 'price_pct_change_1d', 'month_sin', 'month_cos', 'dow_sin', 'dow_cos']
2026-04-28 00:44:32 [INFO] pipeline.trainer - LSTM sequences -- train: 6822, val: 2518, features: 9
2026-04-28 00:44:36 [INFO] models.lstm_model - Epoch   1/200  train=0.010253  val=0.004093  lr=5.00e-04  patience=0/30
2026-04-28 00:44:40 [INFO] data.preprocessor - Preprocessing 365 rows ...
2026-04-28 00:44:40 [INFO] data.preprocessor - Aggregated 182 rows with duplicate product+variant+date combinations.
2026-04-28 00:44:40 [INFO] data.preprocessor - Removed 1 outlier rows (>4.0σ).
2026-04-28 00:44:40 [INFO] data.preprocessor - Preprocessing complete -- 182 clean rows.
2026-04-28 00:44:40 [INFO] features.temporal - Added 15 temporal features.
2026-04-28 00:44:40 [INFO] features.lag_features - Added 30 lag / rolling features.
2026-04-28 00:44:40 [INFO] features.categorical - Loaded categorical mappings from D:\THESIS\model_trainer\artifacts\categorical_mappings.json
2026-04-28 00:44:48 [INFO] models.lstm_model - Epoch   5/200  train=0.006350  val=0.002430  lr=5.00e-04  patience=0/30
2026-04-28 00:45:01 [INFO] models.lstm_model - Epoch  10/200  train=0.005553  val=0.002846  lr=5.00e-04  patience=5/30
2026-04-28 00:45:14 [INFO] models.lstm_model - Epoch  15/200  train=0.004320  val=0.003302  lr=2.50e-04  patience=10/30
2026-04-28 00:45:26 [INFO] models.lstm_model - Epoch  20/200  train=0.003850  val=0.002838  lr=2.50e-04  patience=15/30
2026-04-28 00:45:37 [INFO] models.lstm_model - Epoch  25/200  train=0.003373  val=0.002707  lr=1.25e-04  patience=20/30
2026-04-28 00:45:50 [INFO] models.lstm_model - Epoch  30/200  train=0.003154  val=0.002678  lr=1.25e-04  patience=25/30
2026-04-28 00:46:04 [INFO] models.lstm_model - Epoch  35/200  train=0.003012  val=0.002743  lr=6.25e-05  patience=30/30
2026-04-28 00:46:04 [INFO] models.lstm_model - Early stopping at epoch 35 (best epoch: 5, best val_loss: 0.002430)
2026-04-28 00:46:04 [INFO] models.lstm_model - LSTM validation — RMSE: 3.2742  MAE: 1.9721  MAPE: 1.47%
2026-04-28 00:46:04 [INFO] pipeline.trainer - Step 6/8 -- Training LightGBM residual correction (Stage 2) ...
2026-04-28 00:46:05 [INFO] pipeline.trainer - Residual stats (train) -- mean: 0.8075, std: 6.8698, median: 0.3213
2026-04-28 00:46:05 [INFO] pipeline.trainer - Residual stats (val) -- mean: 1.4560, std: 2.9327
2026-04-28 00:46:06 [INFO] models.lightgbm_model - LightGBM residual model -- RMSE: 2.9214  MAE: 1.5770
2026-04-28 00:46:06 [INFO] models.lightgbm_model - Saved LightGBM residual model -> D:\THESIS\model_trainer\artifacts\lightgbm_residual_model.txt
2026-04-28 00:46:17 [INFO] models.lightgbm_model - Trained residual quantile models for confidence intervals.
2026-04-28 00:46:17 [INFO] pipeline.trainer - Step 7/8 -- Evaluating hybrid ensemble ...
2026-04-28 00:46:17 [INFO] models.ensemble - Residual hybrid trained --
  LSTM-only:   RMSE=3.2742  MAE=1.9721  MAPE=1.47%
  Hybrid:      RMSE=2.9214  MAE=1.5770  MAPE=1.39%
  Improvement: 10.8%
2026-04-28 00:46:17 [INFO] models.ensemble - Saved residual stats -> D:\THESIS\model_trainer\artifacts\ensemble_residual_stats.pkl
2026-04-28 00:46:17 [INFO] pipeline.trainer - Step 8/8 -- Saving model version ...
2026-04-28 00:46:17 [INFO] models.model_store - Pruned old version: v011_2026-04-27T03-51-55
2026-04-28 00:46:17 [INFO] models.model_store - Created model version v011_2026-04-27T16-46-17 (5 files)
2026-04-28 00:46:17 [INFO] pipeline.drift_detector - Saved reference distribution (19761 samples).
2026-04-28 00:46:17 [INFO] pipeline.trainer - === TRAINING COMPLETE ===
2026-04-28 00:46:17 [INFO] main - Training complete. Metrics: {'lgbm': {'rmse': 3.742646351992929, 'mae': 2.063392374638217, 'mape': 1.9217549641438476}, 'lstm': {'rmse': 3.2742249731672683, 'mae': 1.9720890156353053, 'mape': 1.4711991159019246}, 'lgbm_residual': {'rmse': 2.92138056717154, 'mae': 1.5770087359092537}, 'ensemble': {'rmse': 2.92138056717154, 'mae': 1.5770087359092537, 'mape': 1.3866782972981222}, 'timestamp': '2026-04-27T16:46:17.451120+00:00', 'data_rows': 19761, 'mode': 'full'}
2026-04-28 00:50:00 [INFO] pipeline.trainer - === FULL TRAINING PIPELINE ===
2026-04-28 00:50:00 [INFO] data.fetcher - Fetching ALL food price records ...
2026-04-28 00:50:10 [INFO] data.fetcher - Fetched 20,903 rows total.
2026-04-28 00:50:10 [INFO] pipeline.trainer - Step 1/8 -- Preprocessing ...
2026-04-28 00:50:10 [INFO] data.preprocessor - Preprocessing 20,903 rows ...
2026-04-28 00:50:10 [WARNING] data.preprocessor - Dropped 3 invalid rows (null/negative price).
2026-04-28 00:50:10 [INFO] data.preprocessor -   After drop_invalid: 20,900 rows (3 removed)
2026-04-28 00:50:10 [INFO] data.preprocessor - Aggregated 13 rows with duplicate product+variant+date combinations.
2026-04-28 00:50:10 [INFO] data.preprocessor -   After dedup:        20,887 rows (13 merged)
2026-04-28 00:50:10 [INFO] data.preprocessor -   After fill_missing: 21,929 rows (+1,042 interpolated)
2026-04-28 00:50:10 [INFO] data.preprocessor - Removed 56 outlier rows (>4.0σ).
2026-04-28 00:50:10 [INFO] data.preprocessor -   After outliers:     21,873 rows (56 removed)
2026-04-28 00:50:10 [INFO] data.preprocessor - Preprocessing complete -- 21,873 clean rows (from 20,903 raw).
2026-04-28 00:50:10 [INFO] pipeline.trainer - Step 2/8 -- Feature engineering ...
2026-04-28 00:50:10 [INFO] features.temporal - Added 15 temporal features.
2026-04-28 00:50:12 [INFO] features.lag_features - Added 30 lag / rolling features.
2026-04-28 00:50:12 [INFO] features.categorical - Saved categorical mappings → D:\THESIS\model_trainer\artifacts\categorical_mappings.json
2026-04-28 00:50:12 [INFO] features.categorical - Encoded 4 categorical columns (118 unique values).
2026-04-28 00:50:12 [INFO] pipeline.trainer - Step 3/8 -- Splitting data ...
2026-04-28 00:50:12 [INFO] pipeline.trainer - LightGBM using 54 historical data features. No reasoning features included.
2026-04-28 00:50:12 [INFO] pipeline.trainer - Step 4/8 -- Training LightGBM (absolute prices) ...
2026-04-28 00:50:18 [INFO] models.lightgbm_model - LightGBM validation -- RMSE: 3.7816  MAE: 2.0861  MAPE: 1.88%
2026-04-28 00:50:18 [INFO] models.lightgbm_model - Saved LightGBM model -> D:\THESIS\model_trainer\artifacts\lightgbm_model.txt
2026-04-28 00:50:33 [INFO] models.lightgbm_model - Trained quantile models for confidence intervals.
2026-04-28 00:50:33 [INFO] pipeline.trainer - Step 5/8 -- Training LSTM (Stage 1: base temporal model) ...
2026-04-28 00:50:33 [INFO] models.lstm_model - LSTM using 9 input features: ['price_lag_1d', 'price_lag_7d', 'price_rolling_mean_7d', 'price_rolling_mean_30d', 'price_pct_change_1d', 'month_sin', 'month_cos', 'dow_sin', 'dow_cos']
2026-04-28 00:50:34 [INFO] pipeline.trainer - LSTM sequences -- train: 7232, val: 2666, features: 9
2026-04-28 00:50:38 [INFO] models.lstm_model - Epoch   1/200  train=0.009885  val=0.003447  lr=5.00e-04  patience=0/30
2026-04-28 00:50:47 [INFO] models.lstm_model - Epoch   5/200  train=0.005996  val=0.003374  lr=5.00e-04  patience=2/30
2026-04-28 00:50:59 [INFO] models.lstm_model - Epoch  10/200  train=0.005175  val=0.002843  lr=5.00e-04  patience=3/30
2026-04-28 00:51:11 [INFO] models.lstm_model - Epoch  15/200  train=0.004543  val=0.002274  lr=5.00e-04  patience=0/30
2026-04-28 00:51:24 [INFO] models.lstm_model - Epoch  20/200  train=0.004073  val=0.002352  lr=5.00e-04  patience=1/30
2026-04-28 00:51:39 [INFO] models.lstm_model - Epoch  25/200  train=0.003520  val=0.003244  lr=5.00e-04  patience=6/30
2026-04-28 00:51:53 [INFO] models.lstm_model - Epoch  30/200  train=0.003043  val=0.003374  lr=2.50e-04  patience=11/30
2026-04-28 00:52:06 [INFO] models.lstm_model - Epoch  35/200  train=0.002759  val=0.002894  lr=2.50e-04  patience=16/30
2026-04-28 00:52:20 [INFO] models.lstm_model - Epoch  40/200  train=0.002414  val=0.002704  lr=1.25e-04  patience=21/30
2026-04-28 00:52:33 [INFO] models.lstm_model - Epoch  45/200  train=0.002231  val=0.002560  lr=1.25e-04  patience=26/30
2026-04-28 00:52:42 [INFO] models.lstm_model - Early stopping at epoch 49 (best epoch: 19, best val_loss: 0.002245)
2026-04-28 00:52:43 [INFO] models.lstm_model - LSTM validation — RMSE: 2.7485  MAE: 1.2130  MAPE: 0.87%
2026-04-28 00:52:43 [INFO] pipeline.trainer - Step 6/8 -- Training LightGBM residual correction (Stage 2) ...
2026-04-28 00:52:43 [INFO] pipeline.trainer - Residual stats (train) -- mean: 0.4817, std: 6.6533, median: 0.0230
2026-04-28 00:52:43 [INFO] pipeline.trainer - Residual stats (val) -- mean: -0.2715, std: 2.7351
2026-04-28 00:52:45 [INFO] models.lightgbm_model - LightGBM residual model -- RMSE: 2.7054  MAE: 1.2118
2026-04-28 00:52:45 [INFO] models.lightgbm_model - Saved LightGBM residual model -> D:\THESIS\model_trainer\artifacts\lightgbm_residual_model.txt
2026-04-28 00:52:50 [INFO] models.lightgbm_model - Trained residual quantile models for confidence intervals.
2026-04-28 00:52:50 [INFO] pipeline.trainer - Step 7/8 -- Evaluating hybrid ensemble ...
2026-04-28 00:52:50 [INFO] models.ensemble - Residual hybrid trained --
  LSTM-only:   RMSE=2.7485  MAE=1.2130  MAPE=0.87%
  Hybrid:      RMSE=2.7054  MAE=1.2118  MAPE=0.97%
  Improvement: 1.6%
2026-04-28 00:52:50 [INFO] models.ensemble - Saved residual stats -> D:\THESIS\model_trainer\artifacts\ensemble_residual_stats.pkl
2026-04-28 00:52:50 [INFO] pipeline.trainer - Step 8/8 -- Saving model version ...
2026-04-28 00:52:50 [INFO] models.model_store - Pruned old version: v011_2026-04-27T05-49-30
2026-04-28 00:52:50 [INFO] models.model_store - Created model version v011_2026-04-27T16-52-50 (5 files)
2026-04-28 00:52:50 [INFO] pipeline.drift_detector - Saved reference distribution (21873 samples).
2026-04-28 00:52:50 [INFO] pipeline.trainer - === TRAINING COMPLETE ===
2026-04-28 00:52:50 [INFO] main - Training complete. Metrics: {'lgbm': {'rmse': 3.7815545855808708, 'mae': 2.086113349932132, 'mape': 1.8777891320160616}, 'lstm': {'rmse': 2.7484952493508055, 'mae': 1.2129891185043273, 'mape': 0.8677192737808587}, 'lgbm_residual': {'rmse': 2.7054399747577054, 'mae': 1.2118108670130656}, 'ensemble': {'rmse': 2.7054399747577054, 'mae': 1.2118108670130652, 'mape': 0.9686153076417469}, 'timestamp': '2026-04-27T16:52:50.852814+00:00', 'data_rows': 21873, 'mode': 'full'}
2026-04-28 00:55:10 [INFO] main - Starting API server on 0.0.0.0:8000
2026-04-28 00:55:14 [INFO] api.main - FOODCAST API starting up ...
2026-04-28 00:55:20 [INFO] main - Starting API server on 0.0.0.0:8000
2026-04-28 00:55:24 [INFO] api.main - FOODCAST API starting up ...
2026-04-28 01:43:40 [INFO] main - Starting API server on 0.0.0.0:8000
2026-04-28 01:43:58 [INFO] api.main - FOODCAST API starting up ...
2026-04-28 01:45:11 [INFO] models.registry - Loading models into registry ...
2026-04-28 01:45:11 [INFO] models.lightgbm_model - Loaded LightGBM model <- D:\THESIS\model_trainer\artifacts\lightgbm_model.txt
2026-04-28 01:45:11 [INFO] models.lightgbm_model - Loaded LightGBM residual model <- D:\THESIS\model_trainer\artifacts\lightgbm_residual_model.txt
2026-04-28 01:45:11 [INFO] models.lstm_model - Loaded LSTM model ← D:\THESIS\model_trainer\artifacts\lstm_model.pt (9 features)
2026-04-28 01:45:11 [INFO] models.ensemble - Loaded residual stats <- D:\THESIS\model_trainer\artifacts\ensemble_residual_stats.pkl
2026-04-28 01:45:11 [INFO] models.registry - Model registry loaded successfully.
2026-04-28 01:45:49 [INFO] data.preprocessor - Preprocessing 237 rows ...
2026-04-28 01:45:49 [INFO] data.preprocessor -   After drop_invalid: 237 rows (0 removed)
2026-04-28 01:45:49 [INFO] data.preprocessor -   After dedup:        237 rows (0 merged)
2026-04-28 01:45:49 [INFO] data.preprocessor -   After fill_missing: 242 rows (+5 interpolated)
2026-04-28 01:45:49 [INFO] data.preprocessor -   After outliers:     242 rows (0 removed)
2026-04-28 01:45:49 [INFO] data.preprocessor - Preprocessing complete -- 242 clean rows (from 237 raw).
2026-04-28 01:45:49 [INFO] features.temporal - Added 15 temporal features.
2026-04-28 01:45:49 [INFO] features.lag_features - Added 30 lag / rolling features.
2026-04-28 01:45:49 [INFO] features.categorical - Loaded categorical mappings from D:\THESIS\model_trainer\artifacts\categorical_mappings.json
2026-04-28 01:46:05 [INFO] data.fetcher - Fetching ALL food price records ...
2026-04-28 01:46:13 [INFO] data.fetcher - Fetched 20,739 rows total.
2026-04-28 01:47:09 [INFO] data.preprocessor - Preprocessing 240 rows ...
2026-04-28 01:47:09 [INFO] data.preprocessor -   After drop_invalid: 240 rows (0 removed)
2026-04-28 01:47:09 [INFO] data.preprocessor -   After dedup:        240 rows (0 merged)
2026-04-28 01:47:09 [INFO] data.preprocessor -   After fill_missing: 243 rows (+3 interpolated)
2026-04-28 01:47:09 [INFO] data.preprocessor -   After outliers:     243 rows (0 removed)
2026-04-28 01:47:09 [INFO] data.preprocessor - Preprocessing complete -- 243 clean rows (from 240 raw).
2026-04-28 01:47:09 [INFO] features.temporal - Added 15 temporal features.
2026-04-28 01:47:09 [INFO] features.lag_features - Added 30 lag / rolling features.
2026-04-28 01:47:09 [INFO] features.categorical - Loaded categorical mappings from D:\THESIS\model_trainer\artifacts\categorical_mappings.json
2026-04-28 01:47:44 [INFO] data.preprocessor - Preprocessing 149 rows ...
2026-04-28 01:47:44 [INFO] data.preprocessor -   After drop_invalid: 149 rows (0 removed)
2026-04-28 01:47:44 [INFO] data.preprocessor -   After dedup:        149 rows (0 merged)
2026-04-28 01:47:44 [INFO] data.preprocessor -   After fill_missing: 204 rows (+55 interpolated)
2026-04-28 01:47:44 [INFO] data.preprocessor -   After outliers:     204 rows (0 removed)
2026-04-28 01:47:44 [INFO] data.preprocessor - Preprocessing complete -- 204 clean rows (from 149 raw).
2026-04-28 01:47:44 [INFO] features.temporal - Added 15 temporal features.
2026-04-28 01:47:44 [INFO] features.lag_features - Added 30 lag / rolling features.
2026-04-28 01:47:44 [INFO] features.categorical - Loaded categorical mappings from D:\THESIS\model_trainer\artifacts\categorical_mappings.json
2026-04-28 01:48:15 [INFO] pipeline.trainer - === FULL TRAINING PIPELINE ===
2026-04-28 01:48:15 [INFO] data.fetcher - Fetching ALL food price records ...
2026-04-28 01:48:22 [INFO] data.fetcher - Fetched 20,739 rows total.
2026-04-28 01:48:22 [INFO] pipeline.trainer - Step 1/8 -- Preprocessing ...
2026-04-28 01:48:22 [INFO] data.preprocessor - Preprocessing 20,739 rows ...
2026-04-28 01:48:22 [WARNING] data.preprocessor - Dropped 3 invalid rows (null/negative price).
2026-04-28 01:48:22 [INFO] data.preprocessor -   After drop_invalid: 20,736 rows (3 removed)
2026-04-28 01:48:22 [INFO] data.preprocessor - Aggregated 44 rows with duplicate product+variant+date combinations.
2026-04-28 01:48:22 [INFO] data.preprocessor -   After dedup:        20,692 rows (44 merged)
2026-04-28 01:48:22 [INFO] data.preprocessor -   After fill_missing: 22,192 rows (+1,500 interpolated)
2026-04-28 01:48:22 [INFO] data.preprocessor - Removed 59 outlier rows (>4.0σ).
2026-04-28 01:48:22 [INFO] data.preprocessor -   After outliers:     22,133 rows (59 removed)
2026-04-28 01:48:22 [INFO] data.preprocessor - Preprocessing complete -- 22,133 clean rows (from 20,739 raw).
2026-04-28 01:48:22 [INFO] pipeline.trainer - Step 2/8 -- Feature engineering ...
2026-04-28 01:48:22 [INFO] features.temporal - Added 15 temporal features.
2026-04-28 01:48:25 [INFO] data.preprocessor - Preprocessing 60 rows ...
2026-04-28 01:48:25 [INFO] data.preprocessor -   After drop_invalid: 60 rows (0 removed)
2026-04-28 01:48:25 [INFO] data.preprocessor -   After dedup:        60 rows (0 merged)
2026-04-28 01:48:25 [INFO] data.preprocessor -   After fill_missing: 60 rows (+0 interpolated)
2026-04-28 01:48:25 [INFO] data.preprocessor -   After outliers:     60 rows (0 removed)
2026-04-28 01:48:25 [INFO] data.preprocessor - Preprocessing complete -- 60 clean rows (from 60 raw).
2026-04-28 01:48:26 [INFO] features.lag_features - Added 30 lag / rolling features.
2026-04-28 01:48:26 [INFO] features.categorical - Saved categorical mappings → D:\THESIS\model_trainer\artifacts\categorical_mappings.json
2026-04-28 01:48:26 [INFO] features.categorical - Encoded 4 categorical columns (119 unique values).
2026-04-28 01:48:26 [INFO] pipeline.trainer - Step 3/8 -- Splitting data ...
2026-04-28 01:48:26 [INFO] pipeline.trainer - LightGBM using 54 historical data features. No reasoning features included.
2026-04-28 01:48:26 [INFO] pipeline.trainer - Step 4/8 -- Training LightGBM (absolute prices) ...
2026-04-28 01:48:26 [INFO] data.preprocessor - Preprocessing 240 rows ...
2026-04-28 01:48:26 [INFO] data.preprocessor -   After drop_invalid: 240 rows (0 removed)
2026-04-28 01:48:26 [INFO] data.preprocessor -   After dedup:        240 rows (0 merged)
2026-04-28 01:48:26 [INFO] data.preprocessor -   After fill_missing: 243 rows (+3 interpolated)
2026-04-28 01:48:26 [INFO] data.preprocessor - Removed 1 outlier rows (>4.0σ).
2026-04-28 01:48:26 [INFO] data.preprocessor -   After outliers:     242 rows (1 removed)
2026-04-28 01:48:26 [INFO] data.preprocessor - Preprocessing complete -- 242 clean rows (from 240 raw).
2026-04-28 01:48:26 [INFO] features.temporal - Added 15 temporal features.
2026-04-28 01:48:26 [INFO] features.lag_features - Added 30 lag / rolling features.
2026-04-28 01:48:26 [INFO] features.categorical - Loaded categorical mappings from D:\THESIS\model_trainer\artifacts\categorical_mappings.json
2026-04-28 01:48:27 [INFO] data.news_fetcher - Fetched 4 news articles from last 14 days.
2026-04-28 01:48:32 [INFO] models.lightgbm_model - LightGBM validation -- RMSE: 3.9261  MAE: 2.1074  MAPE: 1.81%
2026-04-28 01:48:32 [INFO] models.lightgbm_model - Saved LightGBM model -> D:\THESIS\model_trainer\artifacts\lightgbm_model.txt
2026-04-28 01:48:45 [INFO] models.lightgbm_model - Trained quantile models for confidence intervals.
2026-04-28 01:48:45 [INFO] pipeline.trainer - Step 5/8 -- Training LSTM (Stage 1: base temporal model) ...
2026-04-28 01:48:45 [INFO] models.lstm_model - LSTM using 9 input features: ['price_lag_1d', 'price_lag_7d', 'price_rolling_mean_7d', 'price_rolling_mean_30d', 'price_pct_change_1d', 'month_sin', 'month_cos', 'dow_sin', 'dow_cos']
2026-04-28 01:48:46 [INFO] pipeline.trainer - LSTM sequences -- train: 7099, val: 2666, features: 9
2026-04-28 01:48:53 [INFO] models.lstm_model - Epoch   1/200  train=0.009704  val=0.003797  lr=5.00e-04  patience=0/30
2026-04-28 01:49:03 [INFO] models.lstm_model - Epoch   5/200  train=0.005959  val=0.005588  lr=5.00e-04  patience=1/30
2026-04-28 01:49:17 [INFO] models.lstm_model - Epoch  10/200  train=0.005100  val=0.003306  lr=5.00e-04  patience=6/30
2026-04-28 01:49:29 [INFO] models.lstm_model - Epoch  15/200  train=0.003956  val=0.003184  lr=2.50e-04  patience=11/30
2026-04-28 01:49:43 [INFO] models.lstm_model - Epoch  20/200  train=0.003709  val=0.002820  lr=2.50e-04  patience=3/30
2026-04-28 01:49:54 [INFO] models.lstm_model - Epoch  25/200  train=0.003291  val=0.002598  lr=2.50e-04  patience=0/30
2026-04-28 01:50:07 [INFO] models.lstm_model - Epoch  30/200  train=0.003119  val=0.002543  lr=2.50e-04  patience=3/30
2026-04-28 01:50:18 [INFO] models.lstm_model - Epoch  35/200  train=0.003093  val=0.002644  lr=2.50e-04  patience=4/30
2026-04-28 01:50:30 [INFO] models.lstm_model - Epoch  40/200  train=0.002654  val=0.002494  lr=1.25e-04  patience=9/30
2026-04-28 01:50:43 [INFO] models.lstm_model - Epoch  45/200  train=0.002390  val=0.002625  lr=1.25e-04  patience=1/30
2026-04-28 01:50:55 [INFO] models.lstm_model - Epoch  50/200  train=0.002286  val=0.002464  lr=1.25e-04  patience=6/30
2026-04-28 01:51:07 [INFO] models.lstm_model - Epoch  55/200  train=0.002074  val=0.002433  lr=6.25e-05  patience=11/30
2026-04-28 01:51:18 [INFO] models.lstm_model - Epoch  60/200  train=0.002025  val=0.002610  lr=6.25e-05  patience=1/30
2026-04-28 01:51:31 [INFO] models.lstm_model - Epoch  65/200  train=0.001978  val=0.002556  lr=6.25e-05  patience=6/30
2026-04-28 01:51:43 [INFO] models.lstm_model - Epoch  70/200  train=0.001906  val=0.002583  lr=3.13e-05  patience=11/30
2026-04-28 01:51:55 [INFO] models.lstm_model - Epoch  75/200  train=0.001879  val=0.002618  lr=3.13e-05  patience=16/30
2026-04-28 01:52:06 [INFO] models.lstm_model - Epoch  80/200  train=0.001843  val=0.002778  lr=1.56e-05  patience=21/30
2026-04-28 01:52:18 [INFO] models.lstm_model - Epoch  85/200  train=0.001830  val=0.002753  lr=1.56e-05  patience=26/30
2026-04-28 01:52:27 [INFO] models.lstm_model - Early stopping at epoch 89 (best epoch: 59, best val_loss: 0.002394)
2026-04-28 01:52:28 [INFO] models.lstm_model - LSTM validation — RMSE: 2.7244  MAE: 1.1316  MAPE: 0.81%
2026-04-28 01:52:28 [INFO] pipeline.trainer - Step 6/8 -- Training LightGBM residual correction (Stage 2) ...
2026-04-28 01:52:28 [INFO] pipeline.trainer - Residual stats (train) -- mean: 0.0329, std: 6.3225, median: -0.0050
2026-04-28 01:52:29 [INFO] pipeline.trainer - Residual stats (val) -- mean: 0.0384, std: 2.7241
2026-04-28 01:52:31 [INFO] models.lightgbm_model - LightGBM residual model -- RMSE: 2.7212  MAE: 1.1295
2026-04-28 01:52:31 [INFO] models.lightgbm_model - Saved LightGBM residual model -> D:\THESIS\model_trainer\artifacts\lightgbm_residual_model.txt
2026-04-28 01:52:42 [INFO] models.lightgbm_model - Trained residual quantile models for confidence intervals.
2026-04-28 01:52:42 [INFO] pipeline.trainer - Step 7/8 -- Evaluating hybrid ensemble ...
2026-04-28 01:52:42 [INFO] models.ensemble - Residual hybrid trained --
  LSTM-only:   RMSE=2.7244  MAE=1.1316  MAPE=0.81%
  Hybrid:      RMSE=2.7212  MAE=1.1295  MAPE=0.81%
  Improvement: 0.1%
2026-04-28 01:52:42 [INFO] models.ensemble - Saved residual stats -> D:\THESIS\model_trainer\artifacts\ensemble_residual_stats.pkl
2026-04-28 01:52:42 [INFO] pipeline.trainer - Step 8/8 -- Saving model version ...
2026-04-28 01:52:43 [INFO] models.model_store - Pruned old version: v011_2026-04-27T05-50-55
2026-04-28 01:52:43 [INFO] models.model_store - Created model version v011_2026-04-27T17-52-42 (5 files)
2026-04-28 01:52:43 [INFO] pipeline.drift_detector - Saved reference distribution (22133 samples).
2026-04-28 01:52:43 [INFO] pipeline.trainer - === TRAINING COMPLETE ===
2026-04-28 01:52:43 [INFO] main - Training complete. Metrics: {'lgbm': {'rmse': 3.9261025039414763, 'mae': 2.107381244637387, 'mape': 1.8084411390442403}, 'lstm': {'rmse': 2.724399042189359, 'mae': 1.1316090681010944, 'mape': 0.8081700316581866}, 'lgbm_residual': {'rmse': 2.7211880731934386, 'mae': 1.129513439840582}, 'ensemble': {'rmse': 2.7211880731934386, 'mae': 1.1295134398405822, 'mape': 0.8136867755607516}, 'timestamp': '2026-04-27T17:52:42.490739+00:00', 'data_rows': 22133, 'mode': 'full'}
2026-04-28 01:52:46 [INFO] main - Starting API server on 0.0.0.0:8000
2026-04-28 01:52:53 [INFO] api.main - FOODCAST API starting up ...
2026-04-28 01:53:19 [INFO] main - Starting API server on 0.0.0.0:8000
2026-04-28 01:53:23 [INFO] api.main - FOODCAST API starting up ...
2026-04-28 01:53:53 [INFO] models.registry - Loading models into registry ...
2026-04-28 01:53:53 [INFO] models.lightgbm_model - Loaded LightGBM model <- D:\THESIS\model_trainer\artifacts\lightgbm_model.txt
2026-04-28 01:53:53 [INFO] models.lightgbm_model - Loaded LightGBM residual model <- D:\THESIS\model_trainer\artifacts\lightgbm_residual_model.txt
2026-04-28 01:53:53 [INFO] models.lstm_model - Loaded LSTM model ← D:\THESIS\model_trainer\artifacts\lstm_model.pt (9 features)
2026-04-28 01:53:53 [INFO] models.ensemble - Loaded residual stats <- D:\THESIS\model_trainer\artifacts\ensemble_residual_stats.pkl
2026-04-28 01:53:53 [INFO] models.registry - Model registry loaded successfully.
2026-04-28 01:53:55 [INFO] data.preprocessor - Preprocessing 240 rows ...
2026-04-28 01:53:55 [INFO] data.preprocessor -   After drop_invalid: 240 rows (0 removed)
2026-04-28 01:53:55 [INFO] data.preprocessor -   After dedup:        240 rows (0 merged)
2026-04-28 01:53:55 [INFO] data.preprocessor -   After fill_missing: 243 rows (+3 interpolated)
2026-04-28 01:53:55 [INFO] data.preprocessor -   After outliers:     243 rows (0 removed)
2026-04-28 01:53:55 [INFO] data.preprocessor - Preprocessing complete -- 243 clean rows (from 240 raw).
2026-04-28 01:53:55 [INFO] features.temporal - Added 15 temporal features.
2026-04-28 01:53:55 [INFO] features.lag_features - Added 30 lag / rolling features.
2026-04-28 01:53:55 [INFO] features.categorical - Loaded categorical mappings from D:\THESIS\model_trainer\artifacts\categorical_mappings.json
2026-04-28 01:54:26 [INFO] data.fetcher - Fetching ALL food price records ...
2026-04-28 01:54:33 [INFO] data.fetcher - Fetched 20,739 rows total.
2026-04-28 02:00:44 [INFO] pipeline.trainer - === FULL TRAINING PIPELINE ===
2026-04-28 02:00:44 [INFO] data.fetcher - Fetching ALL food price records ...
2026-04-28 02:00:52 [INFO] data.fetcher - Fetched 20,739 rows total.
2026-04-28 02:00:52 [INFO] pipeline.trainer - Step 1/8 -- Preprocessing ...
2026-04-28 02:00:52 [INFO] data.preprocessor - Preprocessing 20,739 rows ...
2026-04-28 02:00:52 [WARNING] data.preprocessor - Dropped 3 invalid rows (null/negative price).
2026-04-28 02:00:52 [INFO] data.preprocessor -   After drop_invalid: 20,736 rows (3 removed)
2026-04-28 02:00:52 [INFO] data.preprocessor - Aggregated 44 rows with duplicate product+variant+date combinations.
2026-04-28 02:00:52 [INFO] data.preprocessor -   After dedup:        20,692 rows (44 merged)
2026-04-28 02:00:52 [INFO] data.preprocessor -   After fill_missing: 22,192 rows (+1,500 interpolated)
2026-04-28 02:00:52 [INFO] data.preprocessor - Removed 59 outlier rows (>4.0σ).
2026-04-28 02:00:52 [INFO] data.preprocessor -   After outliers:     22,133 rows (59 removed)
2026-04-28 02:00:52 [INFO] data.preprocessor - Preprocessing complete -- 22,133 clean rows (from 20,739 raw).
2026-04-28 02:00:52 [INFO] pipeline.trainer - Step 2/8 -- Feature engineering ...
2026-04-28 02:00:52 [INFO] features.temporal - Added 15 temporal features.
2026-04-28 02:00:55 [INFO] features.lag_features - Added 30 lag / rolling features.
2026-04-28 02:00:55 [INFO] features.categorical - Saved categorical mappings → D:\THESIS\model_trainer\artifacts\categorical_mappings.json
2026-04-28 02:00:55 [INFO] features.categorical - Encoded 4 categorical columns (119 unique values).
2026-04-28 02:00:55 [INFO] pipeline.trainer - Step 3/8 -- Splitting data ...
2026-04-28 02:00:55 [INFO] pipeline.trainer - LightGBM using 54 historical data features. No reasoning features included.
2026-04-28 02:00:55 [INFO] pipeline.trainer - Step 4/8 -- Training LightGBM (absolute prices) ...
2026-04-28 02:00:57 [INFO] models.lightgbm_model - LightGBM validation -- RMSE: 3.4414  MAE: 1.9387  MAPE: 1.69%
2026-04-28 02:00:57 [INFO] models.lightgbm_model - Saved LightGBM model -> D:\THESIS\model_trainer\artifacts\lightgbm_model.txt
2026-04-28 02:01:03 [INFO] models.lightgbm_model - Trained quantile models for confidence intervals.
2026-04-28 02:01:03 [INFO] pipeline.trainer - Step 5/8 -- Training LSTM (Stage 1: base temporal model) ...
2026-04-28 02:01:03 [INFO] models.lstm_model - LSTM using 9 input features: ['price_lag_1d', 'price_lag_7d', 'price_rolling_mean_7d', 'price_rolling_mean_30d', 'price_pct_change_1d', 'month_sin', 'month_cos', 'dow_sin', 'dow_cos']
2026-04-28 02:01:05 [INFO] pipeline.trainer - LSTM sequences -- train: 7099, val: 2666, features: 9
2026-04-28 02:01:08 [INFO] models.lstm_model - Epoch   1/150  train=0.009798  val=0.003514  lr=1.00e-03  patience=0/25
2026-04-28 02:01:14 [INFO] models.lstm_model - Epoch   5/150  train=0.006034  val=0.002892  lr=1.00e-03  patience=3/25
2026-04-28 02:01:22 [INFO] models.lstm_model - Epoch  10/150  train=0.005692  val=0.002874  lr=1.00e-03  patience=1/25
2026-04-28 02:01:30 [INFO] models.lstm_model - Epoch  15/150  train=0.004339  val=0.002391  lr=1.00e-03  patience=6/25
2026-04-28 02:01:39 [INFO] models.lstm_model - Epoch  20/150  train=0.003579  val=0.002901  lr=5.00e-04  patience=11/25
2026-04-28 02:01:47 [INFO] models.lstm_model - Epoch  25/150  train=0.003460  val=0.002414  lr=5.00e-04  patience=16/25
2026-04-28 02:01:56 [INFO] models.lstm_model - Epoch  30/150  train=0.003139  val=0.002316  lr=2.50e-04  patience=21/25
2026-04-28 02:02:02 [INFO] models.lstm_model - Early stopping at epoch 34 (best epoch: 9, best val_loss: 0.002225)
2026-04-28 02:02:02 [INFO] models.lstm_model - LSTM validation — RMSE: 2.8272  MAE: 1.3476  MAPE: 0.98%
2026-04-28 02:02:02 [INFO] pipeline.trainer - Step 6/8 -- Training LightGBM residual correction (Stage 2) ...
2026-04-28 02:02:03 [INFO] pipeline.trainer - Residual stats (train) -- mean: -0.8585, std: 6.7656, median: -0.5651
2026-04-28 02:02:03 [INFO] pipeline.trainer - Residual stats (val) -- mean: -0.5564, std: 2.7719
2026-04-28 02:02:03 [INFO] models.lightgbm_model - LightGBM residual model -- RMSE: 2.7190  MAE: 1.3371
2026-04-28 02:02:03 [INFO] models.lightgbm_model - Saved LightGBM residual model -> D:\THESIS\model_trainer\artifacts\lightgbm_residual_model.txt
2026-04-28 02:02:08 [INFO] models.lightgbm_model - Trained residual quantile models for confidence intervals.
2026-04-28 02:02:08 [INFO] pipeline.trainer - Step 7/8 -- Evaluating hybrid ensemble ...
2026-04-28 02:02:08 [INFO] models.ensemble - Residual hybrid trained --
  LSTM-only:   RMSE=2.8272  MAE=1.3476  MAPE=0.98%
  Hybrid:      RMSE=2.7190  MAE=1.3371  MAPE=1.54%
  Improvement: 3.8%
2026-04-28 02:02:08 [INFO] models.ensemble - Saved residual stats -> D:\THESIS\model_trainer\artifacts\ensemble_residual_stats.pkl
2026-04-28 02:02:08 [INFO] pipeline.trainer - Step 8/8 -- Saving model version ...
2026-04-28 02:02:08 [INFO] models.model_store - Pruned old version: v011_2026-04-27T06-21-26
2026-04-28 02:02:08 [INFO] models.model_store - Created model version v011_2026-04-27T18-02-08 (5 files)
2026-04-28 02:02:08 [INFO] pipeline.drift_detector - Saved reference distribution (22133 samples).
2026-04-28 02:02:08 [INFO] pipeline.trainer - === TRAINING COMPLETE ===
2026-04-28 02:02:08 [INFO] main - Training complete. Metrics: {'lgbm': {'rmse': 3.4413613906053855, 'mae': 1.9387195620996402, 'mape': 1.6947006230059383}, 'lstm': {'rmse': 2.827201190832805, 'mae': 1.3475555376427923, 'mape': 0.9780314047087142}, 'lgbm_residual': {'rmse': 2.719005685193017, 'mae': 1.3371059351492918}, 'ensemble': {'rmse': 2.7190056851930176, 'mae': 1.3371059351492918, 'mape': 1.53715709207916}, 'timestamp': '2026-04-27T18:02:08.650946+00:00', 'data_rows': 22133, 'mode': 'full'}
2026-04-28 02:02:27 [INFO] pipeline.trainer - === FULL TRAINING PIPELINE ===
2026-04-28 02:02:27 [INFO] data.fetcher - Fetching ALL food price records ...
2026-04-28 02:02:34 [INFO] data.fetcher - Fetched 20,739 rows total.
2026-04-28 02:02:34 [INFO] pipeline.trainer - Step 1/8 -- Preprocessing ...
2026-04-28 02:02:34 [INFO] data.preprocessor - Preprocessing 20,739 rows ...
2026-04-28 02:02:34 [WARNING] data.preprocessor - Dropped 3 invalid rows (null/negative price).
2026-04-28 02:02:34 [INFO] data.preprocessor -   After drop_invalid: 20,736 rows (3 removed)
2026-04-28 02:02:34 [INFO] data.preprocessor - Aggregated 44 rows with duplicate product+variant+date combinations.
2026-04-28 02:02:34 [INFO] data.preprocessor -   After dedup:        20,692 rows (44 merged)
2026-04-28 02:02:34 [INFO] data.preprocessor -   After fill_missing: 22,192 rows (+1,500 interpolated)
2026-04-28 02:02:34 [INFO] data.preprocessor - Removed 59 outlier rows (>4.0σ).
2026-04-28 02:02:34 [INFO] data.preprocessor -   After outliers:     22,133 rows (59 removed)
2026-04-28 02:02:34 [INFO] data.preprocessor - Preprocessing complete -- 22,133 clean rows (from 20,739 raw).
2026-04-28 02:02:34 [INFO] pipeline.trainer - Step 2/8 -- Feature engineering ...
2026-04-28 02:02:35 [INFO] features.temporal - Added 15 temporal features.
2026-04-28 02:02:38 [INFO] features.lag_features - Added 30 lag / rolling features.
2026-04-28 02:02:38 [INFO] features.categorical - Saved categorical mappings → D:\THESIS\model_trainer\artifacts\categorical_mappings.json
2026-04-28 02:02:38 [INFO] features.categorical - Encoded 4 categorical columns (119 unique values).
2026-04-28 02:02:38 [INFO] pipeline.trainer - Step 3/8 -- Splitting data ...
2026-04-28 02:02:38 [INFO] pipeline.trainer - LightGBM using 54 historical data features. No reasoning features included.
2026-04-28 02:02:38 [INFO] pipeline.trainer - Step 4/8 -- Training LightGBM (absolute prices) ...
2026-04-28 02:02:40 [INFO] models.lightgbm_model - LightGBM validation -- RMSE: 3.4414  MAE: 1.9387  MAPE: 1.69%
2026-04-28 02:02:40 [INFO] models.lightgbm_model - Saved LightGBM model -> D:\THESIS\model_trainer\artifacts\lightgbm_model.txt
2026-04-28 02:02:46 [INFO] models.lightgbm_model - Trained quantile models for confidence intervals.
2026-04-28 02:02:46 [INFO] pipeline.trainer - Step 5/8 -- Training LSTM (Stage 1: base temporal model) ...
2026-04-28 02:02:46 [INFO] models.lstm_model - LSTM using 13 input features: ['price_lag_1d', 'price_lag_7d', 'price_rolling_mean_7d', 'price_rolling_mean_30d', 'price_pct_change_1d', 'price_pct_change_7d', 'price_rsi_14d', 'price_macd', 'price_macd_signal', 'month_sin', 'month_cos', 'dow_sin', 'dow_cos']
2026-04-28 02:02:47 [INFO] pipeline.trainer - LSTM sequences -- train: 7099, val: 2666, features: 13
2026-04-28 02:02:50 [INFO] models.lstm_model - Epoch   1/150  train=0.009384  val=0.003362  lr=1.00e-03  patience=0/25
2026-04-28 02:02:57 [INFO] models.lstm_model - Epoch   5/150  train=0.005366  val=0.004365  lr=1.00e-03  patience=3/25
2026-04-28 02:03:05 [INFO] models.lstm_model - Epoch  10/150  train=0.004484  val=0.002835  lr=1.00e-03  patience=8/25
2026-04-28 02:03:13 [INFO] models.lstm_model - Epoch  15/150  train=0.003682  val=0.002335  lr=5.00e-04  patience=1/25
2026-04-28 02:03:21 [INFO] models.lstm_model - Epoch  20/150  train=0.003456  val=0.002147  lr=5.00e-04  patience=2/25
2026-04-28 02:03:30 [INFO] models.lstm_model - Epoch  25/150  train=0.003252  val=0.002155  lr=5.00e-04  patience=7/25
2026-04-28 02:03:39 [INFO] models.lstm_model - Epoch  30/150  train=0.002675  val=0.002241  lr=2.50e-04  patience=12/25
2026-04-28 02:03:49 [INFO] models.lstm_model - Epoch  35/150  train=0.002618  val=0.002208  lr=2.50e-04  patience=17/25
2026-04-28 02:03:58 [INFO] models.lstm_model - Epoch  40/150  train=0.002414  val=0.002198  lr=1.25e-04  patience=22/25
2026-04-28 02:04:03 [INFO] models.lstm_model - Early stopping at epoch 43 (best epoch: 18, best val_loss: 0.002113)
2026-04-28 02:04:03 [INFO] models.lstm_model - LSTM validation — RMSE: 2.7226  MAE: 1.1652  MAPE: 0.83%
2026-04-28 02:04:03 [INFO] pipeline.trainer - Step 6/8 -- Training LightGBM residual correction (Stage 2) ...
2026-04-28 02:04:04 [INFO] pipeline.trainer - Residual stats (train) -- mean: -0.0907, std: 6.6007, median: -0.0224
2026-04-28 02:04:04 [INFO] pipeline.trainer - Residual stats (val) -- mean: 0.0692, std: 2.7218
2026-04-28 02:04:04 [INFO] models.lightgbm_model - LightGBM residual model -- RMSE: 2.7268  MAE: 1.1904
2026-04-28 02:04:04 [INFO] models.lightgbm_model - Saved LightGBM residual model -> D:\THESIS\model_trainer\artifacts\lightgbm_residual_model.txt
2026-04-28 02:04:08 [INFO] models.lightgbm_model - Trained residual quantile models for confidence intervals.
2026-04-28 02:04:08 [INFO] pipeline.trainer - Step 7/8 -- Evaluating hybrid ensemble ...
2026-04-28 02:04:09 [INFO] models.ensemble - Residual hybrid trained --
  LSTM-only:   RMSE=2.7226  MAE=1.1652  MAPE=0.83%
  Hybrid:      RMSE=2.7268  MAE=1.1904  MAPE=0.93%
  Improvement: -0.2%
2026-04-28 02:04:09 [INFO] models.ensemble - Saved residual stats -> D:\THESIS\model_trainer\artifacts\ensemble_residual_stats.pkl
2026-04-28 02:04:09 [INFO] pipeline.trainer - Step 8/8 -- Saving model version ...
2026-04-28 02:04:09 [INFO] models.model_store - Pruned old version: v011_2026-04-27T06-28-51
2026-04-28 02:04:09 [INFO] models.model_store - Created model version v011_2026-04-27T18-04-09 (5 files)
2026-04-28 02:04:09 [INFO] pipeline.drift_detector - Saved reference distribution (22133 samples).
2026-04-28 02:04:09 [INFO] pipeline.trainer - === TRAINING COMPLETE ===
2026-04-28 02:04:09 [INFO] main - Training complete. Metrics: {'lgbm': {'rmse': 3.4413613906053855, 'mae': 1.9387195620996402, 'mape': 1.6947006230059383}, 'lstm': {'rmse': 2.722648254249946, 'mae': 1.1652365539859577, 'mape': 0.8275782420836758}, 'lgbm_residual': {'rmse': 2.7267726483772154, 'mae': 1.190358418299613}, 'ensemble': {'rmse': 2.7267726483772154, 'mae': 1.190358418299613, 'mape': 0.9348130614341508}, 'timestamp': '2026-04-27T18:04:09.042259+00:00', 'data_rows': 22133, 'mode': 'full'}
2026-04-28 02:04:56 [INFO] pipeline.trainer - === FULL TRAINING PIPELINE ===
2026-04-28 02:04:56 [INFO] data.fetcher - Fetching ALL food price records ...
2026-04-28 02:05:03 [INFO] data.fetcher - Fetched 20,739 rows total.
2026-04-28 02:05:03 [INFO] pipeline.trainer - Step 1/8 -- Preprocessing ...
2026-04-28 02:05:03 [INFO] data.preprocessor - Preprocessing 20,739 rows ...
2026-04-28 02:05:03 [WARNING] data.preprocessor - Dropped 3 invalid rows (null/negative price).
2026-04-28 02:05:03 [INFO] data.preprocessor -   After drop_invalid: 20,736 rows (3 removed)
2026-04-28 02:05:03 [INFO] data.preprocessor - Aggregated 44 rows with duplicate product+variant+date combinations.
2026-04-28 02:05:03 [INFO] data.preprocessor -   After dedup:        20,692 rows (44 merged)
2026-04-28 02:05:03 [INFO] data.preprocessor -   After fill_missing: 22,192 rows (+1,500 interpolated)
2026-04-28 02:05:03 [INFO] data.preprocessor - Removed 59 outlier rows (>4.0σ).
2026-04-28 02:05:03 [INFO] data.preprocessor -   After outliers:     22,133 rows (59 removed)
2026-04-28 02:05:03 [INFO] data.preprocessor - Preprocessing complete -- 22,133 clean rows (from 20,739 raw).
2026-04-28 02:05:03 [INFO] pipeline.trainer - Step 2/8 -- Feature engineering ...
2026-04-28 02:05:03 [INFO] features.temporal - Added 15 temporal features.
2026-04-28 02:05:06 [INFO] features.lag_features - Added 30 lag / rolling features.
2026-04-28 02:05:06 [INFO] features.categorical - Saved categorical mappings → D:\THESIS\model_trainer\artifacts\categorical_mappings.json
2026-04-28 02:05:06 [INFO] features.categorical - Encoded 4 categorical columns (119 unique values).
2026-04-28 02:05:06 [INFO] pipeline.trainer - Step 3/8 -- Splitting data ...
2026-04-28 02:05:06 [INFO] pipeline.trainer - LightGBM using 54 historical data features. No reasoning features included.
2026-04-28 02:05:06 [INFO] pipeline.trainer - Step 4/8 -- Training LightGBM (absolute prices) ...
2026-04-28 02:05:08 [INFO] models.lightgbm_model - LightGBM validation -- RMSE: 3.4414  MAE: 1.9387  MAPE: 1.69%
2026-04-28 02:05:08 [INFO] models.lightgbm_model - Saved LightGBM model -> D:\THESIS\model_trainer\artifacts\lightgbm_model.txt
2026-04-28 02:05:13 [INFO] models.lightgbm_model - Trained quantile models for confidence intervals.
2026-04-28 02:05:13 [INFO] pipeline.trainer - Step 5/8 -- Training LSTM (Stage 1: base temporal model) ...
2026-04-28 02:05:13 [INFO] models.lstm_model - LSTM using 13 input features: ['price_lag_1d', 'price_lag_7d', 'price_rolling_mean_7d', 'price_rolling_mean_30d', 'price_pct_change_1d', 'price_pct_change_7d', 'price_rsi_14d', 'price_macd', 'price_macd_signal', 'month_sin', 'month_cos', 'dow_sin', 'dow_cos']
2026-04-28 02:05:14 [INFO] pipeline.trainer - LSTM sequences -- train: 7099, val: 2666, features: 13
2026-04-28 02:05:16 [INFO] models.lstm_model - Epoch   1/150  train=0.009678  val=0.002609  lr=1.00e-03  patience=0/25
2026-04-28 02:05:21 [INFO] models.lstm_model - Epoch   5/150  train=0.005499  val=0.002584  lr=1.00e-03  patience=0/25
2026-04-28 02:05:28 [INFO] models.lstm_model - Epoch  10/150  train=0.004252  val=0.002217  lr=1.00e-03  patience=0/25
2026-04-28 02:05:34 [INFO] models.lstm_model - Epoch  15/150  train=0.003621  val=0.002214  lr=1.00e-03  patience=0/25
2026-04-28 02:05:41 [INFO] models.lstm_model - Epoch  20/150  train=0.003084  val=0.002695  lr=1.00e-03  patience=1/25
2026-04-28 02:05:48 [INFO] models.lstm_model - Epoch  25/150  train=0.002571  val=0.002280  lr=1.00e-03  patience=6/25
2026-04-28 02:05:55 [INFO] models.lstm_model - Epoch  30/150  train=0.002034  val=0.003144  lr=5.00e-04  patience=11/25
2026-04-28 02:06:02 [INFO] models.lstm_model - Epoch  35/150  train=0.001998  val=0.003487  lr=5.00e-04  patience=16/25
2026-04-28 02:06:10 [INFO] models.lstm_model - Epoch  40/150  train=0.001739  val=0.003113  lr=2.50e-04  patience=21/25
2026-04-28 02:06:12 [INFO] data.preprocessor - Preprocessing 237 rows ...
2026-04-28 02:06:12 [INFO] data.preprocessor -   After drop_invalid: 237 rows (0 removed)
2026-04-28 02:06:12 [INFO] data.preprocessor -   After dedup:        237 rows (0 merged)
2026-04-28 02:06:12 [INFO] data.preprocessor -   After fill_missing: 242 rows (+5 interpolated)
2026-04-28 02:06:12 [INFO] data.preprocessor -   After outliers:     242 rows (0 removed)
2026-04-28 02:06:12 [INFO] data.preprocessor - Preprocessing complete -- 242 clean rows (from 237 raw).
2026-04-28 02:06:12 [INFO] features.temporal - Added 15 temporal features.
2026-04-28 02:06:12 [INFO] features.lag_features - Added 30 lag / rolling features.
2026-04-28 02:06:12 [INFO] features.categorical - Loaded categorical mappings from D:\THESIS\model_trainer\artifacts\categorical_mappings.json
2026-04-28 02:06:16 [INFO] models.lstm_model - Early stopping at epoch 44 (best epoch: 19, best val_loss: 0.002201)
2026-04-28 02:06:16 [INFO] models.lstm_model - LSTM validation — RMSE: 2.7421  MAE: 1.2182  MAPE: 0.87%
2026-04-28 02:06:16 [INFO] pipeline.trainer - Step 6/8 -- Training LightGBM residual correction (Stage 2) ...
2026-04-28 02:06:16 [INFO] pipeline.trainer - Residual stats (train) -- mean: -0.3117, std: 6.6139, median: -0.0658
2026-04-28 02:06:17 [INFO] pipeline.trainer - Residual stats (val) -- mean: -0.2602, std: 2.7298
2026-04-28 02:06:17 [INFO] models.lightgbm_model - LightGBM residual model -- RMSE: 2.7216  MAE: 1.2028
2026-04-28 02:06:17 [INFO] models.lightgbm_model - Saved LightGBM residual model -> D:\THESIS\model_trainer\artifacts\lightgbm_residual_model.txt
2026-04-28 02:06:19 [INFO] models.lightgbm_model - Trained residual quantile models for confidence intervals.
2026-04-28 02:06:19 [INFO] pipeline.trainer - Step 7/8 -- Evaluating hybrid ensemble ...
2026-04-28 02:06:19 [INFO] models.ensemble - Residual hybrid trained --
  LSTM-only:   RMSE=2.7421  MAE=1.2182  MAPE=0.87%
  Hybrid:      RMSE=2.7216  MAE=1.2028  MAPE=1.15%
  Improvement: 0.7%
2026-04-28 02:06:19 [INFO] models.ensemble - Saved residual stats -> D:\THESIS\model_trainer\artifacts\ensemble_residual_stats.pkl
2026-04-28 02:06:19 [INFO] pipeline.trainer - Step 8/8 -- Saving model version ...
2026-04-28 02:06:19 [INFO] models.model_store - Pruned old version: v011_2026-04-27T06-54-21
2026-04-28 02:06:19 [INFO] models.model_store - Created model version v011_2026-04-27T18-06-19 (5 files)
2026-04-28 02:06:19 [INFO] pipeline.drift_detector - Saved reference distribution (22133 samples).
2026-04-28 02:06:19 [INFO] pipeline.trainer - === TRAINING COMPLETE ===
2026-04-28 02:06:19 [INFO] main - Training complete. Metrics: {'lgbm': {'rmse': 3.4413613906053855, 'mae': 1.9387195620996402, 'mape': 1.6947006230059383}, 'lstm': {'rmse': 2.742141674664082, 'mae': 1.218152641651108, 'mape': 0.8744237455717085}, 'lgbm_residual': {'rmse': 2.7216334503166477, 'mae': 1.2027603606875952}, 'ensemble': {'rmse': 2.7216334503166473, 'mae': 1.202760360687595, 'mape': 1.1489531058263325}, 'timestamp': '2026-04-27T18:06:19.883422+00:00', 'data_rows': 22133, 'mode': 'full'}
2026-04-28 02:14:21 [INFO] pipeline.trainer - === FULL TRAINING PIPELINE ===
2026-04-28 02:14:21 [INFO] data.fetcher - Fetching ALL food price records ...
2026-04-28 02:14:27 [INFO] pipeline.trainer - === FULL TRAINING PIPELINE ===
2026-04-28 02:14:27 [INFO] data.fetcher - Fetching ALL food price records ...
2026-04-28 02:14:29 [INFO] data.fetcher - Fetched 20,739 rows total.
2026-04-28 02:14:29 [INFO] pipeline.trainer - Step 1/8 -- Preprocessing ...
2026-04-28 02:14:29 [INFO] data.preprocessor - Preprocessing 20,739 rows ...
2026-04-28 02:14:29 [WARNING] data.preprocessor - Dropped 3 invalid rows (null/negative price).
2026-04-28 02:14:29 [INFO] data.preprocessor -   After drop_invalid: 20,736 rows (3 removed)
2026-04-28 02:14:29 [INFO] data.preprocessor - Aggregated 44 rows with duplicate product+variant+date combinations.
2026-04-28 02:14:29 [INFO] data.preprocessor -   After dedup:        20,692 rows (44 merged)
2026-04-28 02:14:29 [INFO] data.preprocessor -   After fill_missing: 22,192 rows (+1,500 interpolated)
2026-04-28 02:14:29 [INFO] data.preprocessor - Removed 59 outlier rows (>4.0σ).
2026-04-28 02:14:29 [INFO] data.preprocessor -   After outliers:     22,133 rows (59 removed)
2026-04-28 02:14:29 [INFO] data.preprocessor - Preprocessing complete -- 22,133 clean rows (from 20,739 raw).
2026-04-28 02:14:29 [INFO] pipeline.trainer - Step 2/8 -- Feature engineering ...
2026-04-28 02:14:29 [INFO] features.temporal - Added 15 temporal features.
2026-04-28 02:14:31 [INFO] features.lag_features - Added 30 lag / rolling features.
2026-04-28 02:14:31 [INFO] features.categorical - Saved categorical mappings → D:\THESIS\model_trainer\artifacts\categorical_mappings.json
2026-04-28 02:14:31 [INFO] features.categorical - Encoded 4 categorical columns (119 unique values).
2026-04-28 02:14:31 [INFO] pipeline.trainer - Step 3/8 -- Splitting data ...
2026-04-28 02:14:32 [INFO] pipeline.trainer - LightGBM using 54 historical data features. No reasoning features included.
2026-04-28 02:14:32 [INFO] pipeline.trainer - Step 4/8 -- Training LightGBM (absolute prices) ...
2026-04-28 02:14:34 [INFO] data.fetcher - Fetched 20,739 rows total.
2026-04-28 02:14:34 [INFO] pipeline.trainer - Step 1/8 -- Preprocessing ...
2026-04-28 02:14:34 [INFO] data.preprocessor - Preprocessing 20,739 rows ...
2026-04-28 02:14:34 [WARNING] data.preprocessor - Dropped 3 invalid rows (null/negative price).
2026-04-28 02:14:34 [INFO] data.preprocessor -   After drop_invalid: 20,736 rows (3 removed)
2026-04-28 02:14:34 [INFO] data.preprocessor - Aggregated 44 rows with duplicate product+variant+date combinations.
2026-04-28 02:14:34 [INFO] data.preprocessor -   After dedup:        20,692 rows (44 merged)
2026-04-28 02:14:34 [INFO] data.preprocessor -   After fill_missing: 22,192 rows (+1,500 interpolated)
2026-04-28 02:14:34 [INFO] data.preprocessor - Removed 59 outlier rows (>4.0σ).
2026-04-28 02:14:34 [INFO] data.preprocessor -   After outliers:     22,133 rows (59 removed)
2026-04-28 02:14:34 [INFO] data.preprocessor - Preprocessing complete -- 22,133 clean rows (from 20,739 raw).
2026-04-28 02:14:34 [INFO] pipeline.trainer - Step 2/8 -- Feature engineering ...
2026-04-28 02:14:34 [INFO] features.temporal - Added 15 temporal features.
2026-04-28 02:14:34 [INFO] models.lightgbm_model - LightGBM validation -- RMSE: 3.4414  MAE: 1.9387  MAPE: 1.69%
2026-04-28 02:14:34 [INFO] models.lightgbm_model - Saved LightGBM model -> D:\THESIS\model_trainer\artifacts\lightgbm_model.txt
2026-04-28 02:14:38 [INFO] features.lag_features - Added 30 lag / rolling features.
2026-04-28 02:14:38 [INFO] features.categorical - Saved categorical mappings → D:\THESIS\model_trainer\artifacts\categorical_mappings.json
2026-04-28 02:14:38 [INFO] features.categorical - Encoded 4 categorical columns (119 unique values).
2026-04-28 02:14:38 [INFO] pipeline.trainer - Step 3/8 -- Splitting data ...
2026-04-28 02:14:38 [INFO] pipeline.trainer - LightGBM using 54 historical data features. No reasoning features included.
2026-04-28 02:14:38 [INFO] pipeline.trainer - Step 4/8 -- Training LightGBM (absolute prices) ...
2026-04-28 02:14:44 [INFO] models.lightgbm_model - LightGBM validation -- RMSE: 3.4414  MAE: 1.9387  MAPE: 1.69%
2026-04-28 02:14:44 [INFO] models.lightgbm_model - Saved LightGBM model -> D:\THESIS\model_trainer\artifacts\lightgbm_model.txt
2026-04-28 02:14:44 [INFO] models.lightgbm_model - Trained quantile models for confidence intervals.
2026-04-28 02:14:44 [INFO] pipeline.trainer - Step 5/8 -- Training LSTM (Stage 1: base temporal model) ...
2026-04-28 02:14:44 [INFO] models.lstm_model - LSTM using 13 input features: ['price_lag_1d', 'price_lag_7d', 'price_rolling_mean_7d', 'price_rolling_mean_30d', 'price_pct_change_1d', 'price_pct_change_7d', 'price_rsi_14d', 'price_macd', 'price_macd_signal', 'month_sin', 'month_cos', 'dow_sin', 'dow_cos']
2026-04-28 02:14:46 [INFO] pipeline.trainer - LSTM sequences -- train: 7099, val: 2666, features: 13
2026-04-28 02:14:50 [INFO] models.lstm_model - Epoch   1/150  train=0.009503  val=0.002911  lr=1.00e-03  patience=0/25
2026-04-28 02:14:53 [INFO] models.lightgbm_model - Trained quantile models for confidence intervals.
2026-04-28 02:14:53 [INFO] pipeline.trainer - Step 5/8 -- Training LSTM (Stage 1: base temporal model) ...
2026-04-28 02:14:53 [INFO] models.lstm_model - LSTM using 13 input features: ['price_lag_1d', 'price_lag_7d', 'price_rolling_mean_7d', 'price_rolling_mean_30d', 'price_pct_change_1d', 'price_pct_change_7d', 'price_rsi_14d', 'price_macd', 'price_macd_signal', 'month_sin', 'month_cos', 'dow_sin', 'dow_cos']
2026-04-28 02:14:55 [INFO] pipeline.trainer - LSTM sequences -- train: 7099, val: 2666, features: 13
2026-04-28 02:14:57 [INFO] models.lstm_model - Epoch   5/150  train=0.005539  val=0.002724  lr=1.00e-03  patience=0/25
2026-04-28 02:14:58 [INFO] models.lstm_model - Epoch   1/150  train=0.009201  val=0.004043  lr=1.00e-03  patience=0/25
2026-04-28 02:15:06 [INFO] models.lstm_model - Epoch   5/150  train=0.005194  val=0.003804  lr=1.00e-03  patience=0/25
2026-04-28 02:15:06 [INFO] models.lstm_model - Epoch  10/150  train=0.004270  val=0.002249  lr=1.00e-03  patience=2/25
2026-04-28 02:15:15 [INFO] models.lstm_model - Epoch  10/150  train=0.004221  val=0.003841  lr=1.00e-03  patience=1/25
2026-04-28 02:15:16 [INFO] models.lstm_model - Epoch  15/150  train=0.003624  val=0.002604  lr=1.00e-03  patience=7/25
2026-04-28 02:15:25 [INFO] models.lstm_model - Epoch  15/150  train=0.003670  val=0.002693  lr=1.00e-03  patience=2/25
2026-04-28 02:15:25 [INFO] models.lstm_model - Epoch  20/150  train=0.003295  val=0.002225  lr=1.00e-03  patience=3/25
2026-04-28 02:15:34 [INFO] models.lstm_model - Epoch  20/150  train=0.003031  val=0.002452  lr=1.00e-03  patience=7/25
2026-04-28 02:15:35 [INFO] models.lstm_model - Epoch  25/150  train=0.002853  val=0.002429  lr=1.00e-03  patience=8/25
2026-04-28 02:15:45 [INFO] models.lstm_model - Epoch  25/150  train=0.002590  val=0.002649  lr=5.00e-04  patience=12/25
2026-04-28 02:15:46 [INFO] models.lstm_model - Epoch  30/150  train=0.002225  val=0.002207  lr=5.00e-04  patience=0/25
2026-04-28 02:15:56 [INFO] models.lstm_model - Epoch  30/150  train=0.002299  val=0.002413  lr=5.00e-04  patience=17/25
2026-04-28 02:15:57 [INFO] models.lstm_model - Epoch  35/150  train=0.002080  val=0.002272  lr=5.00e-04  patience=5/25
2026-04-28 02:16:07 [INFO] models.lstm_model - Epoch  35/150  train=0.002075  val=0.002488  lr=2.50e-04  patience=22/25
2026-04-28 02:16:08 [INFO] models.lstm_model - Epoch  40/150  train=0.001899  val=0.002424  lr=2.50e-04  patience=10/25
2026-04-28 02:16:13 [INFO] models.lstm_model - Early stopping at epoch 38 (best epoch: 13, best val_loss: 0.002156)
2026-04-28 02:16:13 [INFO] models.lstm_model - LSTM validation — RMSE: 2.7253  MAE: 1.1342  MAPE: 0.81%
2026-04-28 02:16:13 [INFO] pipeline.trainer - Step 6/7 -- Training & Evaluating stacking ensemble ...
2026-04-28 02:16:13 [WARNING] models.ensemble - Stacking underperformed LSTM on MAPE. Falling back to pure LSTM weights.
2026-04-28 02:16:13 [INFO] models.ensemble - Stacking ensemble trained --
  LSTM:      RMSE=2.7253  MAPE=0.81%
  LightGBM:  RMSE=3.1549  MAPE=1.54%
  Ensemble:  RMSE=2.7253  MAPE=0.81%
  Weights:   LSTM=1.000, LGBM=0.000, Bias=0.000
2026-04-28 02:16:13 [INFO] models.ensemble - Saved stacking meta-model -> D:\THESIS\model_trainer\artifacts\ensemble_meta_model.pkl
2026-04-28 02:16:13 [INFO] pipeline.trainer - Step 7/7 -- Saving model version ...
2026-04-28 02:16:13 [INFO] models.model_store - Pruned old version: v011_2026-04-27T15-48-35
2026-04-28 02:16:13 [INFO] models.model_store - Created model version v011_2026-04-27T18-16-13 (5 files)
2026-04-28 02:16:13 [INFO] pipeline.drift_detector - Saved reference distribution (22133 samples).
2026-04-28 02:16:13 [INFO] pipeline.trainer - === TRAINING COMPLETE ===
2026-04-28 02:16:13 [INFO] main - Training complete. Metrics: {'lgbm': {'rmse': 3.4413613906053855, 'mae': 1.9387195620996402, 'mape': 1.6947006230059383}, 'lstm': {'rmse': 2.725289895678814, 'mae': 1.134249550811974, 'mape': 0.8078911079789199}, 'ensemble': {'rmse': 2.725289895678814, 'mae': 1.1342495508119743, 'mape': 0.8078911079789203}, 'timestamp': '2026-04-27T18:16:13.718384+00:00', 'data_rows': 22133, 'mode': 'full'}
2026-04-28 02:16:17 [INFO] models.lstm_model - Epoch  45/150  train=0.001793  val=0.002507  lr=2.50e-04  patience=15/25
2026-04-28 02:16:24 [INFO] models.lstm_model - Epoch  50/150  train=0.001725  val=0.002453  lr=1.25e-04  patience=20/25
2026-04-28 02:16:31 [INFO] models.lstm_model - Epoch  55/150  train=0.001676  val=0.002373  lr=1.25e-04  patience=25/25
2026-04-28 02:16:31 [INFO] models.lstm_model - Early stopping at epoch 55 (best epoch: 30, best val_loss: 0.002207)
2026-04-28 02:16:31 [INFO] models.lstm_model - LSTM validation — RMSE: 2.7253  MAE: 1.1342  MAPE: 0.81%
2026-04-28 02:16:31 [INFO] pipeline.trainer - Step 6/7 -- Training & Evaluating stacking ensemble ...
2026-04-28 02:16:32 [WARNING] models.ensemble - Stacking underperformed LSTM on MAPE. Falling back to pure LSTM weights.
2026-04-28 02:16:32 [INFO] models.ensemble - Stacking ensemble trained --
  LSTM:      RMSE=2.7253  MAPE=0.81%
  LightGBM:  RMSE=3.1549  MAPE=1.54%
  Ensemble:  RMSE=2.7253  MAPE=0.81%
  Weights:   LSTM=1.000, LGBM=0.000, Bias=0.000
2026-04-28 02:16:32 [INFO] models.ensemble - Saved stacking meta-model -> D:\THESIS\model_trainer\artifacts\ensemble_meta_model.pkl
2026-04-28 02:16:32 [INFO] pipeline.trainer - Step 7/7 -- Saving model version ...
2026-04-28 02:16:32 [INFO] models.model_store - Pruned old version: v011_2026-04-27T15-54-14
2026-04-28 02:16:32 [INFO] models.model_store - Created model version v011_2026-04-27T18-16-32 (5 files)
2026-04-28 02:16:32 [INFO] pipeline.drift_detector - Saved reference distribution (22133 samples).
2026-04-28 02:16:32 [INFO] pipeline.trainer - === TRAINING COMPLETE ===
2026-04-28 02:16:32 [INFO] main - Training complete. Metrics: {'lgbm': {'rmse': 3.4413613906053855, 'mae': 1.9387195620996402, 'mape': 1.6947006230059383}, 'lstm': {'rmse': 2.725289895678814, 'mae': 1.134249550811974, 'mape': 0.8078911079789199}, 'ensemble': {'rmse': 2.725289895678814, 'mae': 1.1342495508119743, 'mape': 0.8078911079789203}, 'timestamp': '2026-04-27T18:16:32.211492+00:00', 'data_rows': 22133, 'mode': 'full'}
2026-04-28 02:18:21 [INFO] data.preprocessor - Preprocessing 237 rows ...
2026-04-28 02:18:21 [INFO] data.preprocessor -   After drop_invalid: 237 rows (0 removed)
2026-04-28 02:18:21 [INFO] data.preprocessor -   After dedup:        237 rows (0 merged)
2026-04-28 02:18:21 [INFO] data.preprocessor -   After fill_missing: 242 rows (+5 interpolated)
2026-04-28 02:18:21 [INFO] data.preprocessor -   After outliers:     242 rows (0 removed)
2026-04-28 02:18:21 [INFO] data.preprocessor - Preprocessing complete -- 242 clean rows (from 237 raw).
2026-04-28 02:18:21 [INFO] features.temporal - Added 15 temporal features.
2026-04-28 02:18:21 [INFO] features.lag_features - Added 30 lag / rolling features.
2026-04-28 02:18:21 [INFO] features.categorical - Loaded categorical mappings from D:\THESIS\model_trainer\artifacts\categorical_mappings.json
2026-04-28 02:18:24 [INFO] data.preprocessor - Preprocessing 237 rows ...
2026-04-28 02:18:24 [INFO] data.preprocessor -   After drop_invalid: 237 rows (0 removed)
2026-04-28 02:18:24 [INFO] data.preprocessor -   After dedup:        237 rows (0 merged)
2026-04-28 02:18:24 [INFO] data.preprocessor -   After fill_missing: 242 rows (+5 interpolated)
2026-04-28 02:18:24 [INFO] data.preprocessor -   After outliers:     242 rows (0 removed)
2026-04-28 02:18:24 [INFO] data.preprocessor - Preprocessing complete -- 242 clean rows (from 237 raw).
2026-04-28 02:18:24 [INFO] features.temporal - Added 15 temporal features.
2026-04-28 02:18:24 [INFO] features.lag_features - Added 30 lag / rolling features.
2026-04-28 02:18:24 [INFO] features.categorical - Loaded categorical mappings from D:\THESIS\model_trainer\artifacts\categorical_mappings.json
2026-04-28 02:26:17 [INFO] pipeline.trainer - === FULL TRAINING PIPELINE ===
2026-04-28 02:26:17 [INFO] data.fetcher - Fetching ALL food price records ...
2026-04-28 02:26:28 [INFO] pipeline.trainer - === FULL TRAINING PIPELINE ===
2026-04-28 02:26:28 [INFO] data.fetcher - Fetching ALL food price records ...
2026-04-28 02:26:29 [INFO] data.fetcher - Fetched 20,739 rows total.
2026-04-28 02:26:29 [INFO] pipeline.trainer - Step 1/8 -- Preprocessing ...
2026-04-28 02:26:29 [INFO] data.preprocessor - Preprocessing 20,739 rows ...
2026-04-28 02:26:29 [WARNING] data.preprocessor - Dropped 3 invalid rows (null/negative price).
2026-04-28 02:26:29 [INFO] data.preprocessor -   After drop_invalid: 20,736 rows (3 removed)
2026-04-28 02:26:29 [INFO] data.preprocessor - Aggregated 44 rows with duplicate product+variant+date combinations.
2026-04-28 02:26:29 [INFO] data.preprocessor -   After dedup:        20,692 rows (44 merged)
2026-04-28 02:26:29 [INFO] data.preprocessor -   After fill_missing: 22,192 rows (+1,500 interpolated)
2026-04-28 02:26:29 [INFO] data.preprocessor - Removed 59 outlier rows (>4.0σ).
2026-04-28 02:26:29 [INFO] data.preprocessor -   After outliers:     22,133 rows (59 removed)
2026-04-28 02:26:29 [INFO] data.preprocessor - Preprocessing complete -- 22,133 clean rows (from 20,739 raw).
2026-04-28 02:26:29 [INFO] pipeline.trainer - Step 2/8 -- Feature engineering ...
2026-04-28 02:26:29 [INFO] features.temporal - Added 15 temporal features.
2026-04-28 02:26:32 [INFO] features.lag_features - Added 30 lag / rolling features.
2026-04-28 02:26:32 [INFO] features.categorical - Saved categorical mappings → D:\THESIS\model_trainer\artifacts\categorical_mappings.json
2026-04-28 02:26:32 [INFO] features.categorical - Encoded 4 categorical columns (119 unique values).
2026-04-28 02:26:32 [INFO] pipeline.trainer - Step 3/8 -- Splitting data ...
2026-04-28 02:26:32 [INFO] pipeline.trainer - LightGBM using 54 historical data features. No reasoning features included.
2026-04-28 02:26:32 [INFO] pipeline.trainer - Step 4/8 -- Training LightGBM (absolute prices) ...
2026-04-28 02:26:35 [INFO] models.lightgbm_model - LightGBM validation -- RMSE: 3.4414  MAE: 1.9387  MAPE: 1.69%
2026-04-28 02:26:35 [INFO] models.lightgbm_model - Saved LightGBM model -> D:\THESIS\model_trainer\artifacts\lightgbm_model.txt
2026-04-28 02:26:38 [INFO] data.fetcher - Fetched 20,739 rows total.
2026-04-28 02:26:38 [INFO] pipeline.trainer - Step 1/8 -- Preprocessing ...
2026-04-28 02:26:38 [INFO] data.preprocessor - Preprocessing 20,739 rows ...
2026-04-28 02:26:38 [WARNING] data.preprocessor - Dropped 3 invalid rows (null/negative price).
2026-04-28 02:26:38 [INFO] data.preprocessor -   After drop_invalid: 20,736 rows (3 removed)
2026-04-28 02:26:38 [INFO] data.preprocessor - Aggregated 44 rows with duplicate product+variant+date combinations.
2026-04-28 02:26:38 [INFO] data.preprocessor -   After dedup:        20,692 rows (44 merged)
2026-04-28 02:26:39 [INFO] data.preprocessor -   After fill_missing: 22,192 rows (+1,500 interpolated)
2026-04-28 02:26:39 [INFO] data.preprocessor - Removed 59 outlier rows (>4.0σ).
2026-04-28 02:26:39 [INFO] data.preprocessor -   After outliers:     22,133 rows (59 removed)
2026-04-28 02:26:39 [INFO] data.preprocessor - Preprocessing complete -- 22,133 clean rows (from 20,739 raw).
2026-04-28 02:26:39 [INFO] pipeline.trainer - Step 2/8 -- Feature engineering ...
2026-04-28 02:26:39 [INFO] features.temporal - Added 15 temporal features.
2026-04-28 02:26:43 [INFO] models.lightgbm_model - Trained quantile models for confidence intervals.
2026-04-28 02:26:43 [INFO] pipeline.trainer - Step 5/8 -- Training LSTM (Stage 1: base temporal model) ...
2026-04-28 02:26:43 [INFO] models.lstm_model - LSTM using 13 input features: ['price_lag_1d', 'price_lag_7d', 'price_rolling_mean_7d', 'price_rolling_mean_30d', 'price_pct_change_1d', 'price_pct_change_7d', 'price_rsi_14d', 'price_macd', 'price_macd_signal', 'month_sin', 'month_cos', 'dow_sin', 'dow_cos']
2026-04-28 02:26:43 [INFO] features.lag_features - Added 30 lag / rolling features.
2026-04-28 02:26:43 [INFO] features.categorical - Saved categorical mappings → D:\THESIS\model_trainer\artifacts\categorical_mappings.json
2026-04-28 02:26:43 [INFO] features.categorical - Encoded 4 categorical columns (119 unique values).
2026-04-28 02:26:43 [INFO] pipeline.trainer - Step 3/8 -- Splitting data ...
2026-04-28 02:26:43 [INFO] pipeline.trainer - LightGBM using 54 historical data features. No reasoning features included.
2026-04-28 02:26:43 [INFO] pipeline.trainer - Step 4/8 -- Training LightGBM (absolute prices) ...
2026-04-28 02:26:45 [INFO] pipeline.trainer - LSTM sequences -- train: 7099, val: 2666, features: 13
2026-04-28 02:26:48 [INFO] models.lightgbm_model - LightGBM validation -- RMSE: 3.4414  MAE: 1.9387  MAPE: 1.69%
2026-04-28 02:26:48 [INFO] models.lightgbm_model - Saved LightGBM model -> D:\THESIS\model_trainer\artifacts\lightgbm_model.txt
2026-04-28 02:26:50 [INFO] models.lstm_model - Epoch   1/150  train=0.009548  val=0.003234  lr=1.00e-03  patience=0/25
2026-04-28 02:27:02 [INFO] models.lstm_model - Epoch   5/150  train=0.005448  val=0.003414  lr=1.00e-03  patience=1/25
2026-04-28 02:27:02 [INFO] models.lightgbm_model - Trained quantile models for confidence intervals.
2026-04-28 02:27:02 [INFO] pipeline.trainer - Step 5/8 -- Training LSTM (Stage 1: base temporal model) ...
2026-04-28 02:27:02 [INFO] models.lstm_model - LSTM using 13 input features: ['price_lag_1d', 'price_lag_7d', 'price_rolling_mean_7d', 'price_rolling_mean_30d', 'price_pct_change_1d', 'price_pct_change_7d', 'price_rsi_14d', 'price_macd', 'price_macd_signal', 'month_sin', 'month_cos', 'dow_sin', 'dow_cos']
2026-04-28 02:27:05 [INFO] pipeline.trainer - LSTM sequences -- train: 7099, val: 2666, features: 13
2026-04-28 02:27:10 [INFO] models.lstm_model - Epoch   1/150  train=0.009884  val=0.003879  lr=1.00e-03  patience=0/25
2026-04-28 02:27:15 [INFO] models.lstm_model - Epoch  10/150  train=0.004468  val=0.002187  lr=1.00e-03  patience=0/25
2026-04-28 02:27:22 [INFO] models.lstm_model - Epoch   5/150  train=0.005274  val=0.002599  lr=1.00e-03  patience=0/25
2026-04-28 02:27:29 [INFO] models.lstm_model - Epoch  15/150  train=0.003905  val=0.002365  lr=1.00e-03  patience=4/25
2026-04-28 02:27:35 [INFO] models.lstm_model - Epoch  10/150  train=0.004360  val=0.002544  lr=1.00e-03  patience=0/25
2026-04-28 02:27:41 [INFO] models.lstm_model - Epoch  20/150  train=0.003183  val=0.002293  lr=5.00e-04  patience=9/25
2026-04-28 02:27:46 [INFO] models.lstm_model - Epoch  15/150  train=0.003640  val=0.002313  lr=1.00e-03  patience=0/25
2026-04-28 02:27:53 [INFO] models.lstm_model - Epoch  25/150  train=0.002650  val=0.002430  lr=5.00e-04  patience=14/25
2026-04-28 02:27:59 [INFO] models.lstm_model - Epoch  20/150  train=0.003548  val=0.002346  lr=1.00e-03  patience=3/25
2026-04-28 02:28:04 [INFO] models.lstm_model - Epoch  30/150  train=0.002314  val=0.002338  lr=2.50e-04  patience=19/25
2026-04-28 02:28:10 [INFO] models.lstm_model - Epoch  25/150  train=0.002755  val=0.002282  lr=1.00e-03  patience=8/25
2026-04-28 02:28:18 [INFO] models.lstm_model - Epoch  35/150  train=0.002230  val=0.002254  lr=2.50e-04  patience=24/25
2026-04-28 02:28:21 [INFO] models.lstm_model - Early stopping at epoch 36 (best epoch: 11, best val_loss: 0.002135)
2026-04-28 02:28:21 [INFO] models.lstm_model - LSTM validation — RMSE: 2.7964  MAE: 1.3032  MAPE: 0.98%
2026-04-28 02:28:21 [INFO] pipeline.trainer - Step 6/8 -- Training LightGBM residual correction (Stage 2) ...
2026-04-28 02:28:21 [INFO] pipeline.trainer - Residual stats (train) -- mean: -0.7401, std: 6.6706, median: -0.3839
2026-04-28 02:28:23 [INFO] models.lightgbm_model - LightGBM residual model -- RMSE: 2.7032  MAE: 1.2709
2026-04-28 02:28:23 [INFO] models.lightgbm_model - Saved LightGBM residual model -> D:\THESIS\model_trainer\artifacts\lightgbm_residual_model.txt
2026-04-28 02:28:25 [INFO] models.lstm_model - Epoch  30/150  train=0.002456  val=0.002167  lr=5.00e-04  patience=1/25
2026-04-28 02:28:31 [INFO] models.lightgbm_model - Trained residual quantile models for confidence intervals.
2026-04-28 02:28:31 [INFO] pipeline.trainer - Step 7/8 -- Evaluating hybrid ensemble ...
2026-04-28 02:28:31 [INFO] models.ensemble - Residual hybrid trained (Shrinkage=0.1) --
  LSTM-only:   RMSE=2.7964  MAPE=0.98%
  Hybrid:      RMSE=2.7708  MAPE=0.90%
  Improvement: 0.9%
2026-04-28 02:28:31 [INFO] models.ensemble - Saved residual stats -> D:\THESIS\model_trainer\artifacts\ensemble_residual_stats.pkl
2026-04-28 02:28:31 [INFO] pipeline.trainer - Step 8/8 -- Saving model version ...
2026-04-28 02:28:31 [INFO] models.model_store - Pruned old version: v011_2026-04-27T16-25-22
2026-04-28 02:28:31 [INFO] models.model_store - Created model version v011_2026-04-27T18-28-31 (5 files)
2026-04-28 02:28:31 [INFO] pipeline.drift_detector - Saved reference distribution (22133 samples).
2026-04-28 02:28:31 [INFO] pipeline.trainer - === TRAINING COMPLETE ===
2026-04-28 02:28:31 [INFO] main - Training complete. Metrics: {'lgbm': {'rmse': 3.4413613906053855, 'mae': 1.9387195620996402, 'mape': 1.6947006230059383}, 'lstm': {'rmse': 2.796393101449701, 'mae': 1.303193455760808, 'mape': 0.9775249132580247}, 'lgbm_residual': {'rmse': 2.703236245891914, 'mae': 1.2708707611248853}, 'ensemble': {'rmse': 2.770769752973682, 'mae': 1.2584676029567305, 'mape': 0.9026456583388021}, 'timestamp': '2026-04-27T18:28:31.617653+00:00', 'data_rows': 22133, 'mode': 'full'}
2026-04-28 02:28:36 [INFO] models.lstm_model - Epoch  35/150  train=0.002254  val=0.002154  lr=5.00e-04  patience=6/25
2026-04-28 02:28:45 [INFO] models.lstm_model - Epoch  40/150  train=0.002060  val=0.002158  lr=2.50e-04  patience=11/25
2026-04-28 02:28:53 [INFO] models.lstm_model - Epoch  45/150  train=0.002104  val=0.002158  lr=2.50e-04  patience=16/25
2026-04-28 02:29:01 [INFO] models.lstm_model - Epoch  50/150  train=0.001897  val=0.002168  lr=1.25e-04  patience=21/25
2026-04-28 02:29:07 [INFO] models.lstm_model - Early stopping at epoch 54 (best epoch: 29, best val_loss: 0.002134)
2026-04-28 02:29:07 [INFO] models.lstm_model - LSTM validation — RMSE: 2.7617  MAE: 1.2362  MAPE: 0.86%
2026-04-28 02:29:07 [INFO] pipeline.trainer - Step 6/8 -- Training LightGBM residual correction (Stage 2) ...
2026-04-28 02:29:08 [INFO] pipeline.trainer - Residual stats (train) -- mean: 0.1525, std: 6.5426, median: 0.0033
2026-04-28 02:29:08 [INFO] models.lightgbm_model - LightGBM residual model -- RMSE: 2.7388  MAE: 1.2149
2026-04-28 02:29:08 [INFO] models.lightgbm_model - Saved LightGBM residual model -> D:\THESIS\model_trainer\artifacts\lightgbm_residual_model.txt
2026-04-28 02:29:13 [INFO] models.lightgbm_model - Trained residual quantile models for confidence intervals.
2026-04-28 02:29:13 [INFO] pipeline.trainer - Step 7/8 -- Evaluating hybrid ensemble ...
2026-04-28 02:29:13 [INFO] models.ensemble - Residual hybrid trained (Shrinkage=0.1) --
  LSTM-only:   RMSE=2.7617  MAPE=0.86%
  Hybrid:      RMSE=2.7591  MAPE=0.86%
  Improvement: 0.1%
2026-04-28 02:29:13 [INFO] models.ensemble - Saved residual stats -> D:\THESIS\model_trainer\artifacts\ensemble_residual_stats.pkl
2026-04-28 02:29:13 [INFO] pipeline.trainer - Step 8/8 -- Saving model version ...
2026-04-28 02:29:13 [INFO] models.model_store - Pruned old version: v011_2026-04-27T16-36-02
2026-04-28 02:29:13 [INFO] models.model_store - Created model version v011_2026-04-27T18-29-13 (5 files)
2026-04-28 02:29:13 [INFO] pipeline.drift_detector - Saved reference distribution (22133 samples).
2026-04-28 02:29:13 [INFO] pipeline.trainer - === TRAINING COMPLETE ===
2026-04-28 02:29:13 [INFO] main - Training complete. Metrics: {'lgbm': {'rmse': 3.4413613906053855, 'mae': 1.9387195620996402, 'mape': 1.6947006230059383}, 'lstm': {'rmse': 2.7616523074143613, 'mae': 1.236173307467294, 'mape': 0.8630493703235117}, 'lgbm_residual': {'rmse': 2.7387851623520825, 'mae': 1.2149129857586556}, 'ensemble': {'rmse': 2.759054696349462, 'mae': 1.2316263042404763, 'mape': 0.8589524776224317}, 'timestamp': '2026-04-27T18:29:13.330160+00:00', 'data_rows': 22133, 'mode': 'full'}
2026-04-28 02:31:33 [INFO] data.preprocessor - Preprocessing 237 rows ...
2026-04-28 02:31:33 [INFO] data.preprocessor -   After drop_invalid: 237 rows (0 removed)
2026-04-28 02:31:33 [INFO] data.preprocessor -   After dedup:        237 rows (0 merged)
2026-04-28 02:31:33 [INFO] data.preprocessor -   After fill_missing: 242 rows (+5 interpolated)
2026-04-28 02:31:33 [INFO] data.preprocessor -   After outliers:     242 rows (0 removed)
2026-04-28 02:31:33 [INFO] data.preprocessor - Preprocessing complete -- 242 clean rows (from 237 raw).
2026-04-28 02:31:33 [INFO] features.temporal - Added 15 temporal features.
2026-04-28 02:31:33 [INFO] features.lag_features - Added 30 lag / rolling features.
2026-04-28 02:31:33 [INFO] features.categorical - Loaded categorical mappings from D:\THESIS\model_trainer\artifacts\categorical_mappings.json
2026-04-28 02:31:36 [INFO] data.preprocessor - Preprocessing 237 rows ...
2026-04-28 02:31:36 [INFO] data.preprocessor -   After drop_invalid: 237 rows (0 removed)
2026-04-28 02:31:36 [INFO] data.preprocessor -   After dedup:        237 rows (0 merged)
2026-04-28 02:31:36 [INFO] data.preprocessor -   After fill_missing: 242 rows (+5 interpolated)
2026-04-28 02:31:36 [INFO] data.preprocessor -   After outliers:     242 rows (0 removed)
2026-04-28 02:31:36 [INFO] data.preprocessor - Preprocessing complete -- 242 clean rows (from 237 raw).
2026-04-28 02:31:36 [INFO] features.temporal - Added 15 temporal features.
2026-04-28 02:31:36 [INFO] features.lag_features - Added 30 lag / rolling features.
2026-04-28 02:31:36 [INFO] features.categorical - Loaded categorical mappings from D:\THESIS\model_trainer\artifacts\categorical_mappings.json
2026-04-28 02:32:04 [INFO] data.preprocessor - Preprocessing 237 rows ...
2026-04-28 02:32:04 [INFO] data.preprocessor -   After drop_invalid: 237 rows (0 removed)
2026-04-28 02:32:04 [INFO] data.preprocessor -   After dedup:        237 rows (0 merged)
2026-04-28 02:32:04 [INFO] data.preprocessor -   After fill_missing: 242 rows (+5 interpolated)
2026-04-28 02:32:04 [INFO] data.preprocessor -   After outliers:     242 rows (0 removed)
2026-04-28 02:32:04 [INFO] data.preprocessor - Preprocessing complete -- 242 clean rows (from 237 raw).
2026-04-28 02:32:04 [INFO] features.temporal - Added 15 temporal features.
2026-04-28 02:32:04 [INFO] features.lag_features - Added 30 lag / rolling features.
2026-04-28 02:32:04 [INFO] features.categorical - Loaded categorical mappings from D:\THESIS\model_trainer\artifacts\categorical_mappings.json
