2026-04-26 19:23:36 [INFO] test — Logger OK
2026-04-26 19:33:51 [INFO] pipeline.trainer — ═══ FULL TRAINING PIPELINE ═══
2026-04-26 19:33:51 [INFO] data.fetcher — Fetching ALL food price records …
2026-04-26 19:33:51 [INFO] pipeline.trainer — ═══ FULL TRAINING PIPELINE ═══
2026-04-26 19:33:51 [INFO] data.fetcher — Fetching ALL food price records …
2026-04-26 19:33:52 [INFO] data.fetcher — Fetched 0 rows total.
2026-04-26 19:33:52 [ERROR] pipeline.trainer — No data fetched — aborting.
2026-04-26 19:33:52 [INFO] main — Training complete. Metrics: {}
2026-04-26 19:33:52 [INFO] data.fetcher — Fetched 0 rows total.
2026-04-26 19:33:52 [ERROR] pipeline.trainer — No data fetched — aborting.
2026-04-26 19:33:52 [INFO] main — Training complete. Metrics: {}
2026-04-26 19:34:48 [INFO] pipeline.trainer - === FULL TRAINING PIPELINE ═══
2026-04-26 19:34:48 [INFO] data.fetcher - Fetching ALL food price records …
2026-04-26 19:34:49 [INFO] data.fetcher - Fetched 0 rows total.
2026-04-26 19:34:49 [ERROR] pipeline.trainer - No data fetched — aborting.
2026-04-26 19:34:49 [INFO] main - Training complete. Metrics: {}
2026-04-26 19:35:46 [INFO] pipeline.trainer - === FULL TRAINING PIPELINE ===
2026-04-26 19:35:46 [INFO] data.fetcher - Fetching ALL food price records ...
2026-04-26 19:35:54 [INFO] data.fetcher - Fetched 11,190 rows total.
2026-04-26 19:35:54 [INFO] pipeline.trainer - Step 1/7 -- Preprocessing ...
2026-04-26 19:35:54 [INFO] data.preprocessor - Preprocessing 11,190 rows ...
2026-04-26 19:35:54 [INFO] data.preprocessor - Removed 54 duplicate rows.
2026-04-26 19:35:54 [INFO] data.preprocessor - Removed 1 outlier rows (>4.0σ).
2026-04-26 19:35:54 [INFO] data.preprocessor - Preprocessing complete -- 11,135 clean rows.
2026-04-26 19:35:54 [INFO] pipeline.trainer - Step 2/7 -- Feature engineering ...
2026-04-26 19:35:54 [INFO] features.temporal - Added 15 temporal features.
2026-04-26 19:36:09 [INFO] data.fetcher - Fetching ALL food price records ...
2026-04-26 19:36:16 [INFO] data.fetcher - Fetched 11,190 rows total.
2026-04-26 19:36:28 [INFO] data.fetcher - Fetching ALL food price records ...
2026-04-26 19:36:34 [INFO] data.fetcher - Fetched 11,190 rows total.
2026-04-26 19:36:34 [INFO] data.preprocessor - Preprocessing 11,190 rows ...
2026-04-26 19:36:34 [INFO] data.preprocessor - Removed 54 duplicate rows.
2026-04-26 19:36:34 [INFO] data.preprocessor - Removed 1 outlier rows (>4.0σ).
2026-04-26 19:36:34 [INFO] data.preprocessor - Preprocessing complete -- 11,135 clean rows.
2026-04-26 19:36:34 [INFO] features.temporal - Added 15 temporal features.
2026-04-26 19:37:30 [INFO] pipeline.trainer - === FULL TRAINING PIPELINE ===
2026-04-26 19:37:30 [INFO] data.fetcher - Fetching ALL food price records ...
2026-04-26 19:37:34 [INFO] data.fetcher - Fetched 11,190 rows total.
2026-04-26 19:37:34 [INFO] pipeline.trainer - Step 1/7 -- Preprocessing ...
2026-04-26 19:37:34 [INFO] data.preprocessor - Preprocessing 11,190 rows ...
2026-04-26 19:37:34 [INFO] data.preprocessor - Removed 54 duplicate rows.
2026-04-26 19:37:34 [INFO] data.preprocessor - Removed 1 outlier rows (>4.0σ).
2026-04-26 19:37:34 [INFO] data.preprocessor - Preprocessing complete -- 11,135 clean rows.
2026-04-26 19:37:34 [INFO] pipeline.trainer - Step 2/7 -- Feature engineering ...
2026-04-26 19:37:34 [INFO] features.temporal - Added 15 temporal features.
2026-04-26 19:37:34 [INFO] features.lag_features - Added 26 lag / rolling features.
2026-04-26 19:37:34 [INFO] features.categorical - Saved categorical mappings → D:\THESIS\model_trainer\artifacts\categorical_mappings.json
2026-04-26 19:37:34 [INFO] features.categorical - Encoded 4 categorical columns (110 unique values).
2026-04-26 19:37:34 [INFO] data.news_fetcher - Fetching news events ...
2026-04-26 19:37:35 [WARNING] features.news_sentiment - Failed to fetch news events: {'message': "Could not find the table 'public.stored_events' in the schema cache", 'code': 'PGRST205', 'hint': None, 'details': None}. Using zero-filled features.
2026-04-26 19:37:35 [INFO] pipeline.trainer - Step 3/7 -- Splitting data ...
2026-04-26 19:37:35 [INFO] pipeline.trainer - Step 4/7 -- Training LightGBM ...
2026-04-26 19:37:37 [INFO] models.lightgbm_model - LightGBM validation -- RMSE: 5.1416  MAE: 2.5805  MAPE: 2.16%
2026-04-26 19:37:37 [INFO] models.lightgbm_model - Saved LightGBM model → D:\THESIS\model_trainer\artifacts\lightgbm_model.txt
2026-04-26 19:37:39 [INFO] pipeline.trainer - === FULL TRAINING PIPELINE ===
2026-04-26 19:37:39 [INFO] data.fetcher - Fetching ALL food price records ...
2026-04-26 19:37:39 [INFO] models.lightgbm_model - Trained quantile models for confidence intervals.
2026-04-26 19:37:39 [INFO] pipeline.trainer - Step 5/7 -- Training LSTM ...
2026-04-26 19:37:40 [INFO] data.fetcher - Fetched 0 rows total.
2026-04-26 19:37:40 [ERROR] pipeline.trainer - No data fetched -- aborting.
2026-04-26 19:37:40 [INFO] main - Training complete. Metrics: {}
2026-04-26 19:37:44 [ERROR] pipeline.trainer - LSTM training failed: ReduceLROnPlateau.__init__() got an unexpected keyword argument 'verbose'
2026-04-26 19:37:44 [INFO] pipeline.trainer - Step 6/7 -- Training ensemble ...
2026-04-26 19:37:44 [INFO] pipeline.trainer - Step 7/7 -- Saving model version ...
2026-04-26 19:37:44 [INFO] models.model_store - Created model version v001_2026-04-26T11-37-44 (2 files)
2026-04-26 19:37:44 [INFO] pipeline.drift_detector - Saved reference distribution (11135 samples).
2026-04-26 19:37:44 [INFO] pipeline.trainer - === TRAINING COMPLETE ===
2026-04-26 19:37:44 [INFO] main - Training complete. Metrics: {'lgbm': {'rmse': 5.141569892898312, 'mae': 2.5804638681069614, 'mape': 2.158471034236484}, 'lstm': {}, 'ensemble': {}, 'timestamp': '2026-04-26T11:37:44.840140+00:00', 'data_rows': 11135, 'mode': 'full'}
2026-04-26 19:38:23 [INFO] pipeline.trainer - === FULL TRAINING PIPELINE ===
2026-04-26 19:38:23 [INFO] data.fetcher - Fetching ALL food price records ...
2026-04-26 19:38:30 [INFO] data.fetcher - Fetched 11,190 rows total.
2026-04-26 19:38:30 [INFO] pipeline.trainer - Step 1/7 -- Preprocessing ...
2026-04-26 19:38:30 [INFO] data.preprocessor - Preprocessing 11,190 rows ...
2026-04-26 19:38:30 [INFO] data.preprocessor - Removed 54 duplicate rows.
2026-04-26 19:38:30 [INFO] data.preprocessor - Removed 1 outlier rows (>4.0σ).
2026-04-26 19:38:30 [INFO] data.preprocessor - Preprocessing complete -- 11,135 clean rows.
2026-04-26 19:38:30 [INFO] pipeline.trainer - Step 2/7 -- Feature engineering ...
2026-04-26 19:38:30 [INFO] features.temporal - Added 15 temporal features.
2026-04-26 19:38:31 [INFO] features.lag_features - Added 26 lag / rolling features.
2026-04-26 19:38:31 [INFO] features.categorical - Saved categorical mappings → D:\THESIS\model_trainer\artifacts\categorical_mappings.json
2026-04-26 19:38:31 [INFO] features.categorical - Encoded 4 categorical columns (110 unique values).
2026-04-26 19:38:31 [INFO] data.news_fetcher - Fetching news events ...
2026-04-26 19:38:31 [WARNING] features.news_sentiment - Failed to fetch news events: {'message': "Could not find the table 'public.stored_events' in the schema cache", 'code': 'PGRST205', 'hint': None, 'details': None}. Using zero-filled features.
2026-04-26 19:38:31 [INFO] pipeline.trainer - Step 3/7 -- Splitting data ...
2026-04-26 19:38:31 [INFO] pipeline.trainer - Step 4/7 -- Training LightGBM ...
2026-04-26 19:38:33 [INFO] models.lightgbm_model - LightGBM validation -- RMSE: 5.1416  MAE: 2.5805  MAPE: 2.16%
2026-04-26 19:38:33 [INFO] models.lightgbm_model - Saved LightGBM model → D:\THESIS\model_trainer\artifacts\lightgbm_model.txt
2026-04-26 19:38:34 [INFO] pipeline.trainer - === FULL TRAINING PIPELINE ===
2026-04-26 19:38:34 [INFO] data.fetcher - Fetching ALL food price records ...
2026-04-26 19:38:35 [INFO] models.lightgbm_model - Trained quantile models for confidence intervals.
2026-04-26 19:38:35 [INFO] pipeline.trainer - Step 5/7 -- Training LSTM ...
2026-04-26 19:38:35 [INFO] data.fetcher - Fetched 0 rows total.
2026-04-26 19:38:35 [ERROR] pipeline.trainer - No data fetched -- aborting.
2026-04-26 19:38:35 [INFO] main - Training complete. Metrics: {}
2026-04-26 19:38:39 [INFO] models.lstm_model - Epoch   1/100  train_loss=0.166065  val_loss=0.050760
2026-04-26 19:39:09 [INFO] models.lstm_model - Epoch  10/100  train_loss=0.076473  val_loss=0.037026
2026-04-26 19:39:43 [INFO] models.lstm_model - Epoch  20/100  train_loss=0.065708  val_loss=0.032315
2026-04-26 19:40:20 [INFO] models.lstm_model - Epoch  30/100  train_loss=0.056043  val_loss=0.030611
2026-04-26 19:40:59 [INFO] models.lstm_model - Epoch  40/100  train_loss=0.048915  val_loss=0.031666
2026-04-26 19:41:35 [INFO] models.lstm_model - Epoch  50/100  train_loss=0.042096  val_loss=0.026649
2026-04-26 19:42:09 [INFO] models.lstm_model - Epoch  60/100  train_loss=0.035770  val_loss=0.026993
2026-04-26 19:42:46 [INFO] models.lstm_model - Epoch  70/100  train_loss=0.031965  val_loss=0.027195
2026-04-26 19:43:22 [INFO] models.lstm_model - Early stopping at epoch 79
2026-04-26 19:43:22 [INFO] models.lstm_model - LSTM validation -- RMSE: 18.0074  MAE: 8.3275  MAPE: 9.99%
2026-04-26 19:43:22 [INFO] pipeline.trainer - Step 6/7 -- Training ensemble ...
2026-04-26 19:43:22 [INFO] models.ensemble - Meta-model trained -- LightGBM coef: 0.4942, LSTM coef: 0.4942, intercept: 0.8209
2026-04-26 19:43:22 [INFO] models.ensemble - Ensemble (stacking) -- RMSE: 4.9393  MAE: 2.6861  MAPE: 2.94%
2026-04-26 19:43:22 [INFO] models.ensemble - Saved ensemble meta-model → D:\THESIS\model_trainer\artifacts\ensemble_meta_model.pkl
2026-04-26 19:43:22 [INFO] pipeline.trainer - Step 7/7 -- Saving model version ...
2026-04-26 19:43:22 [INFO] models.model_store - Created model version v002_2026-04-26T11-43-22 (5 files)
2026-04-26 19:43:22 [INFO] pipeline.drift_detector - Saved reference distribution (11135 samples).
2026-04-26 19:43:22 [INFO] pipeline.trainer - === TRAINING COMPLETE ===
2026-04-26 19:43:22 [INFO] main - Training complete. Metrics: {'lgbm': {'rmse': 5.141569892898312, 'mae': 2.5804638681069614, 'mape': 2.158471034236484}, 'lstm': {'rmse': 18.007385627332354, 'mae': 8.327548674668787, 'mape': 9.990067232761698}, 'ensemble': {'rmse': 4.939325021909409, 'mae': 2.686061949765633, 'mape': 2.93707196708319}, 'timestamp': '2026-04-26T11:43:22.726499+00:00', 'data_rows': 11135, 'mode': 'full'}
2026-04-26 19:44:00 [INFO] pipeline.trainer - === INCREMENTAL TRAINING PIPELINE ===
2026-04-26 19:44:00 [INFO] data.fetcher - Fetching ALL food price records ...
2026-04-26 19:44:02 [INFO] data.fetcher - Fetched 0 rows total.
2026-04-26 19:44:02 [ERROR] pipeline.trainer - No data fetched -- aborting.
2026-04-26 19:44:02 [INFO] main - Training complete. Metrics: {}
2026-04-26 19:44:14 [INFO] pipeline.trainer - === INCREMENTAL TRAINING PIPELINE ===
2026-04-26 19:44:14 [INFO] data.fetcher - Fetching ALL food price records ...
2026-04-26 19:44:15 [INFO] data.fetcher - Fetched 0 rows total.
2026-04-26 19:44:15 [ERROR] pipeline.trainer - No data fetched -- aborting.
2026-04-26 19:44:15 [INFO] main - Training complete. Metrics: {}
2026-04-26 19:47:50 [INFO] pipeline.trainer - === INCREMENTAL TRAINING PIPELINE ===
2026-04-26 19:47:50 [INFO] data.fetcher - Fetching ALL food price records ...
2026-04-26 19:47:57 [INFO] data.fetcher - Fetched 11,190 rows total.
2026-04-26 19:47:57 [INFO] pipeline.trainer - Step 1/7 -- Preprocessing ...
2026-04-26 19:47:57 [INFO] data.preprocessor - Preprocessing 11,190 rows ...
2026-04-26 19:47:57 [INFO] data.preprocessor - Removed 54 duplicate rows.
2026-04-26 19:47:57 [INFO] data.preprocessor - Removed 1 outlier rows (>4.0σ).
2026-04-26 19:47:57 [INFO] data.preprocessor - Preprocessing complete -- 11,135 clean rows.
2026-04-26 19:47:57 [INFO] pipeline.trainer - Step 2/7 -- Feature engineering ...
2026-04-26 19:47:57 [INFO] features.temporal - Added 15 temporal features.
2026-04-26 19:47:57 [INFO] features.lag_features - Added 26 lag / rolling features.
2026-04-26 19:47:57 [INFO] features.categorical - Loaded categorical mappings from D:\THESIS\model_trainer\artifacts\categorical_mappings.json
2026-04-26 19:47:57 [INFO] data.news_fetcher - Fetching news events ...
2026-04-26 19:47:58 [WARNING] features.news_sentiment - Failed to fetch news events: {'message': "Could not find the table 'public.stored_events' in the schema cache", 'code': 'PGRST205', 'hint': None, 'details': None}. Using zero-filled features.
2026-04-26 19:47:58 [INFO] pipeline.trainer - Step 3/7 -- Splitting data ...
2026-04-26 19:47:58 [INFO] pipeline.trainer - Step 4/7 -- Training LightGBM ...
2026-04-26 19:47:58 [INFO] models.lightgbm_model - Incremental training -- loaded model from disk.
2026-04-26 19:47:58 [INFO] models.lightgbm_model - LightGBM validation -- RMSE: 5.1206  MAE: 2.5712  MAPE: 2.14%
2026-04-26 19:47:58 [INFO] models.lightgbm_model - Saved LightGBM model → D:\THESIS\model_trainer\artifacts\lightgbm_model.txt
2026-04-26 19:48:01 [INFO] models.lightgbm_model - Trained quantile models for confidence intervals.
2026-04-26 19:48:01 [INFO] pipeline.trainer - Step 5/7 -- Training LSTM ...
2026-04-26 19:48:01 [INFO] models.lstm_model - LSTM incremental fine-tuning (LR=0.0001, epochs=33)
2026-04-26 19:48:06 [INFO] models.lstm_model - Epoch   1/33  train_loss=0.030969  val_loss=0.024884
2026-04-26 19:48:35 [INFO] models.lstm_model - Epoch  10/33  train_loss=0.026539  val_loss=0.025886
2026-04-26 19:49:01 [INFO] models.lstm_model - Early stopping at epoch 17
2026-04-26 19:49:02 [INFO] models.lstm_model - LSTM validation -- RMSE: 18.1989  MAE: 8.2862  MAPE: 9.97%
2026-04-26 19:49:02 [INFO] pipeline.trainer - Step 6/7 -- Training ensemble ...
2026-04-26 19:49:02 [INFO] models.ensemble - Meta-model trained -- LightGBM coef: 0.4942, LSTM coef: 0.4942, intercept: 0.8175
2026-04-26 19:49:02 [INFO] models.ensemble - Ensemble (stacking) -- RMSE: 4.9186  MAE: 2.6774  MAPE: 2.92%
2026-04-26 19:49:02 [INFO] models.ensemble - Saved ensemble meta-model → D:\THESIS\model_trainer\artifacts\ensemble_meta_model.pkl
2026-04-26 19:49:02 [INFO] pipeline.trainer - Step 7/7 -- Saving model version ...
2026-04-26 19:49:02 [INFO] models.model_store - Created model version v003_2026-04-26T11-49-02 (5 files)
2026-04-26 19:49:02 [INFO] pipeline.drift_detector - Saved reference distribution (11135 samples).
2026-04-26 19:49:02 [INFO] pipeline.trainer - === TRAINING COMPLETE ===
2026-04-26 19:49:02 [INFO] main - Training complete. Metrics: {'lgbm': {'rmse': 5.120553531780335, 'mae': 2.571179457021639, 'mape': 2.1439410923244586}, 'lstm': {'rmse': 18.198854100285516, 'mae': 8.286232836427802, 'mape': 9.972260354511493}, 'ensemble': {'rmse': 4.918590427033833, 'mae': 2.677378954017816, 'mape': 2.9211055338516085}, 'timestamp': '2026-04-26T11:49:02.237058+00:00', 'data_rows': 11135, 'mode': 'incremental'}
2026-04-26 19:49:19 [INFO] pipeline.trainer - === INCREMENTAL TRAINING PIPELINE ===
2026-04-26 19:49:19 [INFO] data.fetcher - Fetching ALL food price records ...
2026-04-26 19:49:23 [INFO] pipeline.trainer - === INCREMENTAL TRAINING PIPELINE ===
2026-04-26 19:49:23 [INFO] data.fetcher - Fetching ALL food price records ...
2026-04-26 19:49:24 [INFO] data.fetcher - Fetched 11,190 rows total.
2026-04-26 19:49:24 [INFO] pipeline.trainer - Step 1/7 -- Preprocessing ...
2026-04-26 19:49:24 [INFO] data.preprocessor - Preprocessing 11,190 rows ...
2026-04-26 19:49:24 [INFO] data.preprocessor - Removed 54 duplicate rows.
2026-04-26 19:49:24 [INFO] data.preprocessor - Removed 1 outlier rows (>4.0σ).
2026-04-26 19:49:24 [INFO] data.preprocessor - Preprocessing complete -- 11,135 clean rows.
2026-04-26 19:49:24 [INFO] pipeline.trainer - Step 2/7 -- Feature engineering ...
2026-04-26 19:49:24 [INFO] features.temporal - Added 15 temporal features.
2026-04-26 19:49:24 [INFO] features.lag_features - Added 26 lag / rolling features.
2026-04-26 19:49:24 [INFO] features.categorical - Loaded categorical mappings from D:\THESIS\model_trainer\artifacts\categorical_mappings.json
2026-04-26 19:49:24 [INFO] data.news_fetcher - Fetching news events ...
2026-04-26 19:49:25 [WARNING] features.news_sentiment - Failed to fetch news events: {'message': "Could not find the table 'public.stored_events' in the schema cache", 'code': 'PGRST205', 'hint': None, 'details': None}. Using zero-filled features.
2026-04-26 19:49:25 [INFO] pipeline.trainer - Step 3/7 -- Splitting data ...
2026-04-26 19:49:25 [INFO] pipeline.trainer - Step 4/7 -- Training LightGBM ...
2026-04-26 19:49:25 [INFO] models.lightgbm_model - Incremental training -- loaded model from disk.
2026-04-26 19:49:26 [INFO] models.lightgbm_model - LightGBM validation -- RMSE: 5.1128  MAE: 2.5654  MAPE: 2.15%
2026-04-26 19:49:26 [INFO] models.lightgbm_model - Saved LightGBM model → D:\THESIS\model_trainer\artifacts\lightgbm_model.txt
2026-04-26 19:49:27 [INFO] data.fetcher - Fetched 11,190 rows total.
2026-04-26 19:49:27 [INFO] pipeline.trainer - Step 1/7 -- Preprocessing ...
2026-04-26 19:49:27 [INFO] data.preprocessor - Preprocessing 11,190 rows ...
2026-04-26 19:49:27 [INFO] data.preprocessor - Removed 54 duplicate rows.
2026-04-26 19:49:27 [INFO] data.preprocessor - Removed 1 outlier rows (>4.0σ).
2026-04-26 19:49:27 [INFO] data.preprocessor - Preprocessing complete -- 11,135 clean rows.
2026-04-26 19:49:27 [INFO] pipeline.trainer - Step 2/7 -- Feature engineering ...
2026-04-26 19:49:27 [INFO] features.temporal - Added 15 temporal features.
2026-04-26 19:49:28 [INFO] features.lag_features - Added 26 lag / rolling features.
2026-04-26 19:49:28 [INFO] features.categorical - Loaded categorical mappings from D:\THESIS\model_trainer\artifacts\categorical_mappings.json
2026-04-26 19:49:28 [INFO] data.news_fetcher - Fetching news events ...
2026-04-26 19:49:28 [INFO] models.lightgbm_model - Trained quantile models for confidence intervals.
2026-04-26 19:49:28 [INFO] pipeline.trainer - Step 5/7 -- Training LSTM ...
2026-04-26 19:49:28 [INFO] models.lstm_model - LSTM incremental fine-tuning (LR=0.0001, epochs=33)
2026-04-26 19:49:29 [WARNING] features.news_sentiment - Failed to fetch news events: {'message': "Could not find the table 'public.stored_events' in the schema cache", 'code': 'PGRST205', 'hint': None, 'details': None}. Using zero-filled features.
2026-04-26 19:49:29 [INFO] pipeline.trainer - Step 3/7 -- Splitting data ...
2026-04-26 19:49:29 [INFO] pipeline.trainer - Step 4/7 -- Training LightGBM ...
2026-04-26 19:49:29 [INFO] models.lightgbm_model - Incremental training -- loaded model from disk.
2026-04-26 19:49:29 [INFO] models.lightgbm_model - LightGBM validation -- RMSE: 5.1092  MAE: 2.5644  MAPE: 2.16%
2026-04-26 19:49:29 [INFO] models.lightgbm_model - Saved LightGBM model → D:\THESIS\model_trainer\artifacts\lightgbm_model.txt
2026-04-26 19:49:32 [INFO] models.lightgbm_model - Trained quantile models for confidence intervals.
2026-04-26 19:49:32 [INFO] pipeline.trainer - Step 5/7 -- Training LSTM ...
2026-04-26 19:49:32 [INFO] models.lstm_model - LSTM incremental fine-tuning (LR=0.0001, epochs=33)
2026-04-26 19:49:34 [INFO] models.lstm_model - Epoch   1/33  train_loss=0.028845  val_loss=0.025461
2026-04-26 19:49:39 [INFO] models.lstm_model - Epoch   1/33  train_loss=0.030004  val_loss=0.024749
2026-04-26 19:50:15 [INFO] models.lstm_model - Epoch  10/33  train_loss=0.027299  val_loss=0.025864
2026-04-26 19:50:19 [INFO] models.lstm_model - Epoch  10/33  train_loss=0.027121  val_loss=0.026598
2026-04-26 19:50:58 [INFO] models.lstm_model - Epoch  20/33  train_loss=0.026109  val_loss=0.026331
2026-04-26 19:51:02 [INFO] models.lstm_model - Epoch  20/33  train_loss=0.025114  val_loss=0.026753
2026-04-26 19:51:02 [INFO] models.lstm_model - Early stopping at epoch 20
2026-04-26 19:51:02 [INFO] models.lstm_model - LSTM validation -- RMSE: 18.5331  MAE: 8.4919  MAPE: 10.55%
2026-04-26 19:51:02 [INFO] pipeline.trainer - Step 6/7 -- Training ensemble ...
2026-04-26 19:51:02 [INFO] models.ensemble - Meta-model trained -- LightGBM coef: 0.4942, LSTM coef: 0.4942, intercept: 0.8279
2026-04-26 19:51:02 [INFO] models.ensemble - Ensemble (stacking) -- RMSE: 4.9086  MAE: 2.6706  MAPE: 2.96%
2026-04-26 19:51:02 [INFO] models.ensemble - Saved ensemble meta-model → D:\THESIS\model_trainer\artifacts\ensemble_meta_model.pkl
2026-04-26 19:51:02 [INFO] pipeline.trainer - Step 7/7 -- Saving model version ...
2026-04-26 19:51:02 [INFO] models.model_store - Created model version v004_2026-04-26T11-51-02 (5 files)
2026-04-26 19:51:02 [INFO] pipeline.drift_detector - Saved reference distribution (11135 samples).
2026-04-26 19:51:02 [INFO] pipeline.trainer - === TRAINING COMPLETE ===
2026-04-26 19:51:02 [INFO] main - Training complete. Metrics: {'lgbm': {'rmse': 5.109153120680119, 'mae': 2.5644356777629973, 'mape': 2.1582633820544377}, 'lstm': {'rmse': 18.5331290838922, 'mae': 8.491851051358195, 'mape': 10.54772112138249}, 'ensemble': {'rmse': 4.9086056623217145, 'mae': 2.6705902766699188, 'mape': 2.9631215842567666}, 'timestamp': '2026-04-26T11:51:02.625623+00:00', 'data_rows': 11135, 'mode': 'incremental'}
2026-04-26 19:51:06 [INFO] models.lstm_model - Early stopping at epoch 22
2026-04-26 19:51:06 [INFO] models.lstm_model - LSTM validation -- RMSE: 18.5331  MAE: 8.4919  MAPE: 10.55%
2026-04-26 19:51:06 [INFO] pipeline.trainer - Step 6/7 -- Training ensemble ...
2026-04-26 19:51:06 [INFO] models.ensemble - Meta-model trained -- LightGBM coef: 0.4942, LSTM coef: 0.4942, intercept: 0.8277
2026-04-26 19:51:06 [INFO] models.ensemble - Ensemble (stacking) -- RMSE: 4.9096  MAE: 2.6725  MAPE: 2.95%
2026-04-26 19:51:06 [INFO] models.ensemble - Saved ensemble meta-model → D:\THESIS\model_trainer\artifacts\ensemble_meta_model.pkl
2026-04-26 19:51:06 [INFO] pipeline.trainer - Step 7/7 -- Saving model version ...
2026-04-26 19:51:06 [INFO] models.model_store - Created model version v005_2026-04-26T11-51-06 (5 files)
2026-04-26 19:51:06 [INFO] pipeline.drift_detector - Saved reference distribution (11135 samples).
2026-04-26 19:51:06 [INFO] pipeline.trainer - === TRAINING COMPLETE ===
2026-04-26 19:51:06 [INFO] main - Training complete. Metrics: {'lgbm': {'rmse': 5.1127775036739225, 'mae': 2.565357251248378, 'mape': 2.1501483853252994}, 'lstm': {'rmse': 18.5331290838922, 'mae': 8.491851051358195, 'mape': 10.54772112138249}, 'ensemble': {'rmse': 4.909569883169947, 'mae': 2.672497004828021, 'mape': 2.950797241885601}, 'timestamp': '2026-04-26T11:51:06.343998+00:00', 'data_rows': 11135, 'mode': 'incremental'}
2026-04-26 19:53:04 [INFO] main - Starting API server on 0.0.0.0:8000
2026-04-26 19:53:09 [INFO] api.main - FOODCAST API starting up ...
2026-04-26 19:54:20 [INFO] data.fetcher - Fetching ALL food price records ...
2026-04-26 19:54:27 [INFO] data.fetcher - Fetched 11,190 rows total.
2026-04-26 19:55:48 [INFO] data.preprocessor - Preprocessing 252 rows ...
2026-04-26 19:55:48 [INFO] data.preprocessor - Preprocessing complete -- 252 clean rows.
2026-04-26 19:55:48 [INFO] features.temporal - Added 15 temporal features.
2026-04-26 19:55:48 [INFO] features.lag_features - Added 26 lag / rolling features.
2026-04-26 19:55:48 [INFO] features.categorical - Loaded categorical mappings from D:\THESIS\model_trainer\artifacts\categorical_mappings.json
2026-04-26 19:55:48 [INFO] data.news_fetcher - Fetching news events ...
2026-04-26 19:55:49 [WARNING] features.news_sentiment - Failed to fetch news events: {'message': "Could not find the table 'public.stored_events' in the schema cache", 'code': 'PGRST205', 'hint': None, 'details': None}. Using zero-filled features.
2026-04-26 19:55:49 [INFO] models.lightgbm_model - Loaded LightGBM model ← D:\THESIS\model_trainer\artifacts\lightgbm_model.txt
2026-04-26 19:55:49 [INFO] models.lstm_model - Loaded LSTM model ← D:\THESIS\model_trainer\artifacts\lstm_model.pt
2026-04-26 19:55:49 [INFO] models.ensemble - Loaded ensemble meta-model ← D:\THESIS\model_trainer\artifacts\ensemble_meta_model.pkl
2026-04-26 19:55:49 [INFO] models.lightgbm_model - Loaded LightGBM model ← D:\THESIS\model_trainer\artifacts\lightgbm_model.txt
2026-04-26 19:55:49 [INFO] models.lstm_model - Loaded LSTM model ← D:\THESIS\model_trainer\artifacts\lstm_model.pt
2026-04-26 19:55:49 [INFO] models.lightgbm_model - Loaded LightGBM model ← D:\THESIS\model_trainer\artifacts\lightgbm_model.txt
2026-04-26 19:55:49 [INFO] models.lstm_model - Loaded LSTM model ← D:\THESIS\model_trainer\artifacts\lstm_model.pt
2026-04-26 19:55:49 [INFO] models.lightgbm_model - Loaded LightGBM model ← D:\THESIS\model_trainer\artifacts\lightgbm_model.txt
2026-04-26 19:55:49 [INFO] models.lstm_model - Loaded LSTM model ← D:\THESIS\model_trainer\artifacts\lstm_model.pt
2026-04-26 19:55:49 [INFO] models.lightgbm_model - Loaded LightGBM model ← D:\THESIS\model_trainer\artifacts\lightgbm_model.txt
2026-04-26 19:55:49 [INFO] models.lstm_model - Loaded LSTM model ← D:\THESIS\model_trainer\artifacts\lstm_model.pt
2026-04-26 19:55:49 [INFO] models.lightgbm_model - Loaded LightGBM model ← D:\THESIS\model_trainer\artifacts\lightgbm_model.txt
2026-04-26 19:55:49 [INFO] models.lstm_model - Loaded LSTM model ← D:\THESIS\model_trainer\artifacts\lstm_model.pt
2026-04-26 19:55:49 [INFO] models.lightgbm_model - Loaded LightGBM model ← D:\THESIS\model_trainer\artifacts\lightgbm_model.txt
2026-04-26 19:55:49 [INFO] models.lstm_model - Loaded LSTM model ← D:\THESIS\model_trainer\artifacts\lstm_model.pt
2026-04-26 19:56:07 [INFO] data.preprocessor - Preprocessing 252 rows ...
2026-04-26 19:56:07 [INFO] data.preprocessor - Preprocessing complete -- 252 clean rows.
2026-04-26 19:56:07 [INFO] features.temporal - Added 15 temporal features.
2026-04-26 19:56:07 [INFO] features.lag_features - Added 26 lag / rolling features.
2026-04-26 19:56:07 [INFO] features.categorical - Loaded categorical mappings from D:\THESIS\model_trainer\artifacts\categorical_mappings.json
2026-04-26 19:56:07 [INFO] data.news_fetcher - Fetching news events ...
2026-04-26 19:56:08 [WARNING] features.news_sentiment - Failed to fetch news events: {'message': "Could not find the table 'public.stored_events' in the schema cache", 'code': 'PGRST205', 'hint': None, 'details': None}. Using zero-filled features.
2026-04-26 19:56:08 [INFO] models.lightgbm_model - Loaded LightGBM model ← D:\THESIS\model_trainer\artifacts\lightgbm_model.txt
2026-04-26 19:56:08 [INFO] models.lstm_model - Loaded LSTM model ← D:\THESIS\model_trainer\artifacts\lstm_model.pt
2026-04-26 19:56:08 [INFO] models.ensemble - Loaded ensemble meta-model ← D:\THESIS\model_trainer\artifacts\ensemble_meta_model.pkl
2026-04-26 19:56:08 [INFO] models.lightgbm_model - Loaded LightGBM model ← D:\THESIS\model_trainer\artifacts\lightgbm_model.txt
2026-04-26 19:56:08 [INFO] models.lstm_model - Loaded LSTM model ← D:\THESIS\model_trainer\artifacts\lstm_model.pt
2026-04-26 19:56:08 [INFO] models.lightgbm_model - Loaded LightGBM model ← D:\THESIS\model_trainer\artifacts\lightgbm_model.txt
2026-04-26 19:56:08 [INFO] models.lstm_model - Loaded LSTM model ← D:\THESIS\model_trainer\artifacts\lstm_model.pt
2026-04-26 19:56:08 [INFO] models.lightgbm_model - Loaded LightGBM model ← D:\THESIS\model_trainer\artifacts\lightgbm_model.txt
2026-04-26 19:56:08 [INFO] models.lstm_model - Loaded LSTM model ← D:\THESIS\model_trainer\artifacts\lstm_model.pt
2026-04-26 19:56:08 [INFO] models.lightgbm_model - Loaded LightGBM model ← D:\THESIS\model_trainer\artifacts\lightgbm_model.txt
2026-04-26 19:56:08 [INFO] models.lstm_model - Loaded LSTM model ← D:\THESIS\model_trainer\artifacts\lstm_model.pt
2026-04-26 19:56:08 [INFO] models.lightgbm_model - Loaded LightGBM model ← D:\THESIS\model_trainer\artifacts\lightgbm_model.txt
2026-04-26 19:56:08 [INFO] models.lstm_model - Loaded LSTM model ← D:\THESIS\model_trainer\artifacts\lstm_model.pt
2026-04-26 19:56:08 [INFO] models.lightgbm_model - Loaded LightGBM model ← D:\THESIS\model_trainer\artifacts\lightgbm_model.txt
2026-04-26 19:56:08 [INFO] models.lstm_model - Loaded LSTM model ← D:\THESIS\model_trainer\artifacts\lstm_model.pt
2026-04-26 19:56:13 [INFO] data.preprocessor - Preprocessing 252 rows ...
2026-04-26 19:56:13 [INFO] data.preprocessor - Preprocessing complete -- 252 clean rows.
2026-04-26 19:56:13 [INFO] features.temporal - Added 15 temporal features.
2026-04-26 19:56:13 [INFO] features.lag_features - Added 26 lag / rolling features.
2026-04-26 19:56:13 [INFO] features.categorical - Loaded categorical mappings from D:\THESIS\model_trainer\artifacts\categorical_mappings.json
2026-04-26 19:56:13 [INFO] data.news_fetcher - Fetching news events ...
2026-04-26 19:56:14 [WARNING] features.news_sentiment - Failed to fetch news events: {'message': "Could not find the table 'public.stored_events' in the schema cache", 'code': 'PGRST205', 'hint': None, 'details': None}. Using zero-filled features.
2026-04-26 19:56:14 [INFO] models.lightgbm_model - Loaded LightGBM model ← D:\THESIS\model_trainer\artifacts\lightgbm_model.txt
2026-04-26 19:56:14 [INFO] models.lstm_model - Loaded LSTM model ← D:\THESIS\model_trainer\artifacts\lstm_model.pt
2026-04-26 19:56:14 [INFO] models.ensemble - Loaded ensemble meta-model ← D:\THESIS\model_trainer\artifacts\ensemble_meta_model.pkl
2026-04-26 19:59:04 [INFO] data.preprocessor - Preprocessing 252 rows ...
2026-04-26 19:59:04 [INFO] data.preprocessor - Preprocessing complete -- 252 clean rows.
2026-04-26 19:59:04 [INFO] features.temporal - Added 15 temporal features.
2026-04-26 19:59:04 [INFO] features.lag_features - Added 26 lag / rolling features.
2026-04-26 19:59:04 [INFO] features.categorical - Loaded categorical mappings from D:\THESIS\model_trainer\artifacts\categorical_mappings.json
2026-04-26 19:59:04 [INFO] data.news_fetcher - Fetching news events ...
2026-04-26 19:59:05 [WARNING] features.news_sentiment - Failed to fetch news events: {'message': "Could not find the table 'public.stored_events' in the schema cache", 'code': 'PGRST205', 'hint': None, 'details': None}. Using zero-filled features.
2026-04-26 19:59:05 [INFO] models.lightgbm_model - Loaded LightGBM model ← D:\THESIS\model_trainer\artifacts\lightgbm_model.txt
2026-04-26 19:59:05 [INFO] models.lstm_model - Loaded LSTM model ← D:\THESIS\model_trainer\artifacts\lstm_model.pt
2026-04-26 19:59:05 [INFO] models.ensemble - Loaded ensemble meta-model ← D:\THESIS\model_trainer\artifacts\ensemble_meta_model.pkl
2026-04-26 19:59:05 [INFO] models.lightgbm_model - Loaded LightGBM model ← D:\THESIS\model_trainer\artifacts\lightgbm_model.txt
2026-04-26 19:59:05 [INFO] models.lstm_model - Loaded LSTM model ← D:\THESIS\model_trainer\artifacts\lstm_model.pt
2026-04-26 19:59:05 [INFO] models.lightgbm_model - Loaded LightGBM model ← D:\THESIS\model_trainer\artifacts\lightgbm_model.txt
2026-04-26 19:59:05 [INFO] models.lstm_model - Loaded LSTM model ← D:\THESIS\model_trainer\artifacts\lstm_model.pt
2026-04-26 19:59:05 [INFO] models.lightgbm_model - Loaded LightGBM model ← D:\THESIS\model_trainer\artifacts\lightgbm_model.txt
2026-04-26 19:59:05 [INFO] models.lstm_model - Loaded LSTM model ← D:\THESIS\model_trainer\artifacts\lstm_model.pt
2026-04-26 19:59:05 [INFO] models.lightgbm_model - Loaded LightGBM model ← D:\THESIS\model_trainer\artifacts\lightgbm_model.txt
2026-04-26 19:59:05 [INFO] models.lstm_model - Loaded LSTM model ← D:\THESIS\model_trainer\artifacts\lstm_model.pt
2026-04-26 19:59:05 [INFO] models.lightgbm_model - Loaded LightGBM model ← D:\THESIS\model_trainer\artifacts\lightgbm_model.txt
2026-04-26 19:59:05 [INFO] models.lstm_model - Loaded LSTM model ← D:\THESIS\model_trainer\artifacts\lstm_model.pt
2026-04-26 19:59:05 [INFO] models.lightgbm_model - Loaded LightGBM model ← D:\THESIS\model_trainer\artifacts\lightgbm_model.txt
2026-04-26 19:59:05 [INFO] models.lstm_model - Loaded LSTM model ← D:\THESIS\model_trainer\artifacts\lstm_model.pt
2026-04-26 20:03:13 [INFO] data.preprocessor - Preprocessing 365 rows ...
2026-04-26 20:03:13 [INFO] data.preprocessor - Preprocessing complete -- 365 clean rows.
2026-04-26 20:03:13 [INFO] features.temporal - Added 15 temporal features.
2026-04-26 20:03:13 [INFO] features.lag_features - Added 26 lag / rolling features.
2026-04-26 20:03:13 [INFO] features.categorical - Loaded categorical mappings from D:\THESIS\model_trainer\artifacts\categorical_mappings.json
2026-04-26 20:03:13 [INFO] data.news_fetcher - Fetching news events ...
2026-04-26 20:03:14 [WARNING] features.news_sentiment - Failed to fetch news events: {'message': "Could not find the table 'public.stored_events' in the schema cache", 'code': 'PGRST205', 'hint': None, 'details': None}. Using zero-filled features.
2026-04-26 20:03:14 [INFO] models.lightgbm_model - Loaded LightGBM model ← D:\THESIS\model_trainer\artifacts\lightgbm_model.txt
2026-04-26 20:03:14 [INFO] models.lstm_model - Loaded LSTM model ← D:\THESIS\model_trainer\artifacts\lstm_model.pt
2026-04-26 20:03:14 [INFO] models.ensemble - Loaded ensemble meta-model ← D:\THESIS\model_trainer\artifacts\ensemble_meta_model.pkl
2026-04-26 20:03:14 [INFO] models.lightgbm_model - Loaded LightGBM model ← D:\THESIS\model_trainer\artifacts\lightgbm_model.txt
2026-04-26 20:03:14 [INFO] models.lstm_model - Loaded LSTM model ← D:\THESIS\model_trainer\artifacts\lstm_model.pt
2026-04-26 20:03:14 [INFO] models.lightgbm_model - Loaded LightGBM model ← D:\THESIS\model_trainer\artifacts\lightgbm_model.txt
2026-04-26 20:03:14 [INFO] models.lstm_model - Loaded LSTM model ← D:\THESIS\model_trainer\artifacts\lstm_model.pt
2026-04-26 20:03:14 [INFO] models.lightgbm_model - Loaded LightGBM model ← D:\THESIS\model_trainer\artifacts\lightgbm_model.txt
2026-04-26 20:03:14 [INFO] models.lstm_model - Loaded LSTM model ← D:\THESIS\model_trainer\artifacts\lstm_model.pt
2026-04-26 20:03:14 [INFO] models.lightgbm_model - Loaded LightGBM model ← D:\THESIS\model_trainer\artifacts\lightgbm_model.txt
2026-04-26 20:03:14 [INFO] models.lstm_model - Loaded LSTM model ← D:\THESIS\model_trainer\artifacts\lstm_model.pt
2026-04-26 20:03:14 [INFO] models.lightgbm_model - Loaded LightGBM model ← D:\THESIS\model_trainer\artifacts\lightgbm_model.txt
2026-04-26 20:03:14 [INFO] models.lstm_model - Loaded LSTM model ← D:\THESIS\model_trainer\artifacts\lstm_model.pt
2026-04-26 20:03:14 [INFO] models.lightgbm_model - Loaded LightGBM model ← D:\THESIS\model_trainer\artifacts\lightgbm_model.txt
2026-04-26 20:03:14 [INFO] models.lstm_model - Loaded LSTM model ← D:\THESIS\model_trainer\artifacts\lstm_model.pt
2026-04-26 20:05:51 [INFO] data.fetcher - Fetching ALL food price records ...
2026-04-26 20:05:58 [INFO] data.fetcher - Fetched 11,190 rows total.
2026-04-26 20:06:33 [INFO] data.fetcher - Fetching ALL food price records ...
2026-04-26 20:06:39 [INFO] data.fetcher - Fetched 11,190 rows total.
2026-04-26 20:09:30 [INFO] pipeline.trainer - === FULL TRAINING PIPELINE ===
2026-04-26 20:09:30 [INFO] data.fetcher - Fetching ALL food price records ...
2026-04-26 20:09:36 [INFO] data.fetcher - Fetched 11,190 rows total.
2026-04-26 20:09:36 [INFO] pipeline.trainer - Step 1/7 -- Preprocessing ...
2026-04-26 20:09:36 [INFO] data.preprocessor - Preprocessing 11,190 rows ...
2026-04-26 20:09:36 [INFO] data.preprocessor - Removed 54 duplicate rows.
2026-04-26 20:09:36 [INFO] data.preprocessor - Removed 1 outlier rows (>4.0σ).
2026-04-26 20:09:36 [INFO] data.preprocessor - Preprocessing complete -- 11,135 clean rows.
2026-04-26 20:09:36 [INFO] pipeline.trainer - Step 2/7 -- Feature engineering ...
2026-04-26 20:09:36 [INFO] features.temporal - Added 15 temporal features.
2026-04-26 20:09:36 [INFO] features.lag_features - Added 26 lag / rolling features.
2026-04-26 20:09:36 [INFO] features.categorical - Saved categorical mappings → D:\THESIS\model_trainer\artifacts\categorical_mappings.json
2026-04-26 20:09:36 [INFO] features.categorical - Encoded 4 categorical columns (110 unique values).
2026-04-26 20:09:36 [INFO] data.news_fetcher - Fetching news events ...
2026-04-26 20:09:37 [WARNING] features.news_sentiment - Failed to fetch news events: {'message': "Could not find the table 'public.stored_events' in the schema cache", 'code': 'PGRST205', 'hint': None, 'details': None}. Using zero-filled features.
2026-04-26 20:09:37 [INFO] pipeline.trainer - Step 3/7 -- Splitting data ...
2026-04-26 20:09:37 [INFO] pipeline.trainer - Step 4/7 -- Training LightGBM ...
2026-04-26 20:09:38 [INFO] models.lightgbm_model - LightGBM validation -- RMSE: 5.1416  MAE: 2.5805  MAPE: 2.16%
2026-04-26 20:09:38 [INFO] models.lightgbm_model - Saved LightGBM model → D:\THESIS\model_trainer\artifacts\lightgbm_model.txt
2026-04-26 20:09:40 [INFO] models.lightgbm_model - Trained quantile models for confidence intervals.
2026-04-26 20:09:40 [INFO] pipeline.trainer - Step 5/7 -- Training LSTM ...
2026-04-26 20:09:47 [INFO] models.lstm_model - Epoch   1/100  train_loss=0.177264  val_loss=0.045089
2026-04-26 20:10:15 [INFO] models.lstm_model - Epoch  10/100  train_loss=0.080171  val_loss=0.041992
2026-04-26 20:10:47 [INFO] models.lstm_model - Epoch  20/100  train_loss=0.063418  val_loss=0.036996
2026-04-26 20:11:18 [INFO] models.lstm_model - Epoch  30/100  train_loss=0.057710  val_loss=0.033976
2026-04-26 20:11:49 [INFO] models.lstm_model - Epoch  40/100  train_loss=0.050291  val_loss=0.032317
2026-04-26 20:12:24 [INFO] models.lstm_model - Epoch  50/100  train_loss=0.047433  val_loss=0.029126
2026-04-26 20:12:57 [INFO] models.lstm_model - Epoch  60/100  train_loss=0.038625  val_loss=0.031591
2026-04-26 20:13:30 [INFO] models.lstm_model - Epoch  70/100  train_loss=0.032779  val_loss=0.027496
2026-04-26 20:13:34 [INFO] models.lstm_model - Early stopping at epoch 71
2026-04-26 20:13:34 [INFO] models.lstm_model - LSTM validation -- RMSE: 18.8665  MAE: 9.0693  MAPE: 12.31%
2026-04-26 20:13:34 [INFO] pipeline.trainer - Step 6/7 -- Training ensemble ...
2026-04-26 20:13:34 [INFO] models.ensemble - Meta-model trained -- LightGBM coef: 0.4942, LSTM coef: 0.4942, intercept: 0.8209
2026-04-26 20:13:34 [INFO] models.ensemble - Ensemble (stacking) -- RMSE: 4.9393  MAE: 2.6861  MAPE: 2.94%
2026-04-26 20:13:34 [INFO] models.ensemble - Saved ensemble meta-model → D:\THESIS\model_trainer\artifacts\ensemble_meta_model.pkl
2026-04-26 20:13:34 [INFO] pipeline.trainer - Step 7/7 -- Saving model version ...
2026-04-26 20:13:34 [INFO] models.model_store - Created model version v006_2026-04-26T12-13-34 (5 files)
2026-04-26 20:13:34 [INFO] pipeline.drift_detector - Saved reference distribution (11135 samples).
2026-04-26 20:13:34 [INFO] pipeline.trainer - === TRAINING COMPLETE ===
2026-04-26 20:13:34 [INFO] main - Training complete. Metrics: {'lgbm': {'rmse': 5.141569892898312, 'mae': 2.5804638681069614, 'mape': 2.158471034236484}, 'lstm': {'rmse': 18.866475390229695, 'mae': 9.069277765754585, 'mape': 12.31207106489411}, 'ensemble': {'rmse': 4.939325021909409, 'mae': 2.686061949765633, 'mape': 2.93707196708319}, 'timestamp': '2026-04-26T12:13:34.303662+00:00', 'data_rows': 11135, 'mode': 'full'}
2026-04-26 20:13:49 [INFO] main - Starting API server on 0.0.0.0:8000
2026-04-26 20:13:54 [INFO] api.main - FOODCAST API starting up ...
2026-04-26 20:14:09 [INFO] data.preprocessor - Preprocessing 126 rows ...
2026-04-26 20:14:09 [INFO] data.preprocessor - Preprocessing complete -- 126 clean rows.
2026-04-26 20:14:09 [INFO] features.temporal - Added 15 temporal features.
2026-04-26 20:14:09 [INFO] features.lag_features - Added 26 lag / rolling features.
2026-04-26 20:14:09 [INFO] features.categorical - Loaded categorical mappings from D:\THESIS\model_trainer\artifacts\categorical_mappings.json
2026-04-26 20:14:09 [INFO] data.news_fetcher - Fetching news events ...
2026-04-26 20:14:10 [WARNING] features.news_sentiment - Failed to fetch news events: {'message': "Could not find the table 'public.stored_events' in the schema cache", 'code': 'PGRST205', 'hint': None, 'details': None}. Using zero-filled features.
2026-04-26 20:14:10 [INFO] models.lightgbm_model - Loaded LightGBM model ← D:\THESIS\model_trainer\artifacts\lightgbm_model.txt
2026-04-26 20:14:10 [INFO] models.lstm_model - Loaded LSTM model ← D:\THESIS\model_trainer\artifacts\lstm_model.pt
2026-04-26 20:14:10 [INFO] models.ensemble - Loaded ensemble meta-model ← D:\THESIS\model_trainer\artifacts\ensemble_meta_model.pkl
2026-04-26 20:14:10 [INFO] models.lightgbm_model - Loaded LightGBM model ← D:\THESIS\model_trainer\artifacts\lightgbm_model.txt
2026-04-26 20:14:10 [INFO] models.lstm_model - Loaded LSTM model ← D:\THESIS\model_trainer\artifacts\lstm_model.pt
2026-04-26 20:14:10 [INFO] models.lightgbm_model - Loaded LightGBM model ← D:\THESIS\model_trainer\artifacts\lightgbm_model.txt
2026-04-26 20:14:10 [INFO] models.lstm_model - Loaded LSTM model ← D:\THESIS\model_trainer\artifacts\lstm_model.pt
2026-04-26 20:14:10 [INFO] models.lightgbm_model - Loaded LightGBM model ← D:\THESIS\model_trainer\artifacts\lightgbm_model.txt
2026-04-26 20:14:10 [INFO] models.lstm_model - Loaded LSTM model ← D:\THESIS\model_trainer\artifacts\lstm_model.pt
2026-04-26 20:14:10 [INFO] models.lightgbm_model - Loaded LightGBM model ← D:\THESIS\model_trainer\artifacts\lightgbm_model.txt
2026-04-26 20:14:10 [INFO] models.lstm_model - Loaded LSTM model ← D:\THESIS\model_trainer\artifacts\lstm_model.pt
2026-04-26 20:14:10 [INFO] models.lightgbm_model - Loaded LightGBM model ← D:\THESIS\model_trainer\artifacts\lightgbm_model.txt
2026-04-26 20:14:10 [INFO] models.lstm_model - Loaded LSTM model ← D:\THESIS\model_trainer\artifacts\lstm_model.pt
2026-04-26 20:14:10 [INFO] models.lightgbm_model - Loaded LightGBM model ← D:\THESIS\model_trainer\artifacts\lightgbm_model.txt
2026-04-26 20:14:10 [INFO] models.lstm_model - Loaded LSTM model ← D:\THESIS\model_trainer\artifacts\lstm_model.pt
2026-04-26 20:18:54 [INFO] data.preprocessor - Preprocessing 126 rows ...
2026-04-26 20:18:54 [INFO] data.preprocessor - Removed 1 outlier rows (>4.0σ).
2026-04-26 20:18:54 [INFO] data.preprocessor - Preprocessing complete -- 125 clean rows.
2026-04-26 20:18:54 [INFO] features.temporal - Added 15 temporal features.
2026-04-26 20:18:54 [INFO] features.lag_features - Added 26 lag / rolling features.
2026-04-26 20:18:54 [INFO] features.categorical - Loaded categorical mappings from D:\THESIS\model_trainer\artifacts\categorical_mappings.json
2026-04-26 20:18:54 [INFO] data.news_fetcher - Fetching news events ...
2026-04-26 20:18:55 [WARNING] features.news_sentiment - Failed to fetch news events: {'message': "Could not find the table 'public.stored_events' in the schema cache", 'code': 'PGRST205', 'hint': None, 'details': None}. Using zero-filled features.
2026-04-26 20:18:55 [INFO] models.lightgbm_model - Loaded LightGBM model ← D:\THESIS\model_trainer\artifacts\lightgbm_model.txt
2026-04-26 20:18:55 [INFO] models.lstm_model - Loaded LSTM model ← D:\THESIS\model_trainer\artifacts\lstm_model.pt
2026-04-26 20:18:55 [INFO] models.ensemble - Loaded ensemble meta-model ← D:\THESIS\model_trainer\artifacts\ensemble_meta_model.pkl
2026-04-26 20:18:55 [INFO] models.lightgbm_model - Loaded LightGBM model ← D:\THESIS\model_trainer\artifacts\lightgbm_model.txt
2026-04-26 20:18:55 [INFO] models.lstm_model - Loaded LSTM model ← D:\THESIS\model_trainer\artifacts\lstm_model.pt
2026-04-26 20:18:55 [INFO] models.lightgbm_model - Loaded LightGBM model ← D:\THESIS\model_trainer\artifacts\lightgbm_model.txt
2026-04-26 20:18:55 [INFO] models.lstm_model - Loaded LSTM model ← D:\THESIS\model_trainer\artifacts\lstm_model.pt
2026-04-26 20:18:55 [INFO] models.lightgbm_model - Loaded LightGBM model ← D:\THESIS\model_trainer\artifacts\lightgbm_model.txt
2026-04-26 20:18:55 [INFO] models.lstm_model - Loaded LSTM model ← D:\THESIS\model_trainer\artifacts\lstm_model.pt
2026-04-26 20:18:55 [INFO] models.lightgbm_model - Loaded LightGBM model ← D:\THESIS\model_trainer\artifacts\lightgbm_model.txt
2026-04-26 20:18:55 [INFO] models.lstm_model - Loaded LSTM model ← D:\THESIS\model_trainer\artifacts\lstm_model.pt
2026-04-26 20:18:55 [INFO] models.lightgbm_model - Loaded LightGBM model ← D:\THESIS\model_trainer\artifacts\lightgbm_model.txt
2026-04-26 20:18:55 [INFO] models.lstm_model - Loaded LSTM model ← D:\THESIS\model_trainer\artifacts\lstm_model.pt
2026-04-26 20:18:55 [INFO] models.lightgbm_model - Loaded LightGBM model ← D:\THESIS\model_trainer\artifacts\lightgbm_model.txt
2026-04-26 20:18:55 [INFO] models.lstm_model - Loaded LSTM model ← D:\THESIS\model_trainer\artifacts\lstm_model.pt
2026-04-26 20:18:55 [INFO] models.lightgbm_model - Loaded LightGBM model ← D:\THESIS\model_trainer\artifacts\lightgbm_model.txt
2026-04-26 20:18:55 [INFO] models.lstm_model - Loaded LSTM model ← D:\THESIS\model_trainer\artifacts\lstm_model.pt
2026-04-26 20:18:55 [INFO] models.lightgbm_model - Loaded LightGBM model ← D:\THESIS\model_trainer\artifacts\lightgbm_model.txt
2026-04-26 20:18:55 [INFO] models.lstm_model - Loaded LSTM model ← D:\THESIS\model_trainer\artifacts\lstm_model.pt
2026-04-26 20:18:55 [INFO] models.lightgbm_model - Loaded LightGBM model ← D:\THESIS\model_trainer\artifacts\lightgbm_model.txt
2026-04-26 20:18:55 [INFO] models.lstm_model - Loaded LSTM model ← D:\THESIS\model_trainer\artifacts\lstm_model.pt
2026-04-26 20:18:55 [INFO] models.lightgbm_model - Loaded LightGBM model ← D:\THESIS\model_trainer\artifacts\lightgbm_model.txt
2026-04-26 20:18:55 [INFO] models.lstm_model - Loaded LSTM model ← D:\THESIS\model_trainer\artifacts\lstm_model.pt
2026-04-26 20:18:55 [INFO] models.lightgbm_model - Loaded LightGBM model ← D:\THESIS\model_trainer\artifacts\lightgbm_model.txt
2026-04-26 20:18:55 [INFO] models.lstm_model - Loaded LSTM model ← D:\THESIS\model_trainer\artifacts\lstm_model.pt
2026-04-26 20:18:56 [INFO] models.lightgbm_model - Loaded LightGBM model ← D:\THESIS\model_trainer\artifacts\lightgbm_model.txt
2026-04-26 20:18:56 [INFO] models.lstm_model - Loaded LSTM model ← D:\THESIS\model_trainer\artifacts\lstm_model.pt
2026-04-26 20:18:56 [INFO] models.lightgbm_model - Loaded LightGBM model ← D:\THESIS\model_trainer\artifacts\lightgbm_model.txt
2026-04-26 20:18:56 [INFO] models.lstm_model - Loaded LSTM model ← D:\THESIS\model_trainer\artifacts\lstm_model.pt
2026-04-26 20:18:56 [INFO] models.lightgbm_model - Loaded LightGBM model ← D:\THESIS\model_trainer\artifacts\lightgbm_model.txt
2026-04-26 20:18:56 [INFO] models.lstm_model - Loaded LSTM model ← D:\THESIS\model_trainer\artifacts\lstm_model.pt
2026-04-26 20:18:56 [INFO] models.lightgbm_model - Loaded LightGBM model ← D:\THESIS\model_trainer\artifacts\lightgbm_model.txt
2026-04-26 20:18:56 [INFO] models.lstm_model - Loaded LSTM model ← D:\THESIS\model_trainer\artifacts\lstm_model.pt
2026-04-26 20:18:56 [INFO] models.lightgbm_model - Loaded LightGBM model ← D:\THESIS\model_trainer\artifacts\lightgbm_model.txt
2026-04-26 20:18:56 [INFO] models.lstm_model - Loaded LSTM model ← D:\THESIS\model_trainer\artifacts\lstm_model.pt
2026-04-26 20:18:56 [INFO] models.lightgbm_model - Loaded LightGBM model ← D:\THESIS\model_trainer\artifacts\lightgbm_model.txt
2026-04-26 20:18:56 [INFO] models.lstm_model - Loaded LSTM model ← D:\THESIS\model_trainer\artifacts\lstm_model.pt
2026-04-26 20:18:56 [INFO] models.lightgbm_model - Loaded LightGBM model ← D:\THESIS\model_trainer\artifacts\lightgbm_model.txt
2026-04-26 20:18:56 [INFO] models.lstm_model - Loaded LSTM model ← D:\THESIS\model_trainer\artifacts\lstm_model.pt
2026-04-26 20:18:56 [INFO] models.lightgbm_model - Loaded LightGBM model ← D:\THESIS\model_trainer\artifacts\lightgbm_model.txt
2026-04-26 20:18:56 [INFO] models.lstm_model - Loaded LSTM model ← D:\THESIS\model_trainer\artifacts\lstm_model.pt
2026-04-26 20:18:56 [INFO] models.lightgbm_model - Loaded LightGBM model ← D:\THESIS\model_trainer\artifacts\lightgbm_model.txt
2026-04-26 20:18:56 [INFO] models.lstm_model - Loaded LSTM model ← D:\THESIS\model_trainer\artifacts\lstm_model.pt
2026-04-26 20:18:56 [INFO] models.lightgbm_model - Loaded LightGBM model ← D:\THESIS\model_trainer\artifacts\lightgbm_model.txt
2026-04-26 20:18:56 [INFO] models.lstm_model - Loaded LSTM model ← D:\THESIS\model_trainer\artifacts\lstm_model.pt
2026-04-26 20:18:56 [INFO] models.lightgbm_model - Loaded LightGBM model ← D:\THESIS\model_trainer\artifacts\lightgbm_model.txt
2026-04-26 20:18:56 [INFO] models.lstm_model - Loaded LSTM model ← D:\THESIS\model_trainer\artifacts\lstm_model.pt
2026-04-26 20:18:56 [INFO] models.lightgbm_model - Loaded LightGBM model ← D:\THESIS\model_trainer\artifacts\lightgbm_model.txt
2026-04-26 20:18:56 [INFO] models.lstm_model - Loaded LSTM model ← D:\THESIS\model_trainer\artifacts\lstm_model.pt
2026-04-26 20:18:56 [INFO] models.lightgbm_model - Loaded LightGBM model ← D:\THESIS\model_trainer\artifacts\lightgbm_model.txt
2026-04-26 20:18:56 [INFO] models.lstm_model - Loaded LSTM model ← D:\THESIS\model_trainer\artifacts\lstm_model.pt
2026-04-26 20:18:57 [INFO] models.lightgbm_model - Loaded LightGBM model ← D:\THESIS\model_trainer\artifacts\lightgbm_model.txt
2026-04-26 20:18:57 [INFO] models.lstm_model - Loaded LSTM model ← D:\THESIS\model_trainer\artifacts\lstm_model.pt
2026-04-26 20:18:57 [INFO] models.lightgbm_model - Loaded LightGBM model ← D:\THESIS\model_trainer\artifacts\lightgbm_model.txt
2026-04-26 20:18:57 [INFO] models.lstm_model - Loaded LSTM model ← D:\THESIS\model_trainer\artifacts\lstm_model.pt
2026-04-26 20:18:57 [INFO] models.lightgbm_model - Loaded LightGBM model ← D:\THESIS\model_trainer\artifacts\lightgbm_model.txt
2026-04-26 20:18:57 [INFO] models.lstm_model - Loaded LSTM model ← D:\THESIS\model_trainer\artifacts\lstm_model.pt
2026-04-26 20:18:57 [INFO] models.lightgbm_model - Loaded LightGBM model ← D:\THESIS\model_trainer\artifacts\lightgbm_model.txt
2026-04-26 20:18:57 [INFO] models.lstm_model - Loaded LSTM model ← D:\THESIS\model_trainer\artifacts\lstm_model.pt
2026-04-26 20:18:57 [INFO] models.lightgbm_model - Loaded LightGBM model ← D:\THESIS\model_trainer\artifacts\lightgbm_model.txt
2026-04-26 20:18:57 [INFO] models.lstm_model - Loaded LSTM model ← D:\THESIS\model_trainer\artifacts\lstm_model.pt
2026-04-26 20:24:17 [INFO] pipeline.trainer - === FULL TRAINING PIPELINE ===
2026-04-26 20:24:17 [INFO] data.fetcher - Fetching ALL food price records ...
2026-04-26 20:24:23 [INFO] data.fetcher - Fetched 11,190 rows total.
2026-04-26 20:24:23 [INFO] pipeline.trainer - Step 1/7 -- Preprocessing ...
2026-04-26 20:24:23 [INFO] data.preprocessor - Preprocessing 11,190 rows ...
2026-04-26 20:24:23 [INFO] data.preprocessor - Removed 54 duplicate rows.
2026-04-26 20:24:23 [INFO] data.preprocessor - Removed 1 outlier rows (>4.0σ).
2026-04-26 20:24:23 [INFO] data.preprocessor - Preprocessing complete -- 11,135 clean rows.
2026-04-26 20:24:23 [INFO] pipeline.trainer - Step 2/7 -- Feature engineering ...
2026-04-26 20:24:23 [INFO] features.temporal - Added 15 temporal features.
2026-04-26 20:24:23 [INFO] features.lag_features - Added 29 lag / rolling features.
2026-04-26 20:24:23 [INFO] features.categorical - Saved categorical mappings → D:\THESIS\model_trainer\artifacts\categorical_mappings.json
2026-04-26 20:24:23 [INFO] features.categorical - Encoded 4 categorical columns (110 unique values).
2026-04-26 20:24:23 [INFO] data.news_fetcher - Fetching news events ...
2026-04-26 20:24:24 [WARNING] features.news_sentiment - Failed to fetch news events: {'message': "Could not find the table 'public.stored_events' in the schema cache", 'code': 'PGRST205', 'hint': None, 'details': None}. Using zero-filled features.
2026-04-26 20:24:24 [INFO] pipeline.trainer - Step 3/7 -- Splitting data ...
2026-04-26 20:24:24 [INFO] pipeline.trainer - Step 4/7 -- Training LightGBM ...
2026-04-26 20:24:31 [INFO] models.lightgbm_model - LightGBM validation -- RMSE: 4.8079  MAE: 2.6454  MAPE: 2.32%
2026-04-26 20:24:31 [INFO] models.lightgbm_model - Saved LightGBM model → D:\THESIS\model_trainer\artifacts\lightgbm_model.txt
2026-04-26 20:24:42 [INFO] models.lightgbm_model - Trained quantile models for confidence intervals.
2026-04-26 20:24:42 [INFO] pipeline.trainer - Step 5/7 -- Training LSTM ...
2026-04-26 20:24:46 [INFO] models.lstm_model - Epoch   1/100  train_loss=0.166386  val_loss=0.043393
2026-04-26 20:24:50 [INFO] main - Starting API server on 0.0.0.0:8000
2026-04-26 20:24:57 [INFO] api.main - FOODCAST API starting up ...
2026-04-26 20:25:11 [INFO] data.preprocessor - Preprocessing 126 rows ...
2026-04-26 20:25:11 [INFO] data.preprocessor - Removed 1 outlier rows (>4.0σ).
2026-04-26 20:25:11 [INFO] data.preprocessor - Preprocessing complete -- 125 clean rows.
2026-04-26 20:25:11 [INFO] features.temporal - Added 15 temporal features.
2026-04-26 20:25:11 [INFO] features.lag_features - Added 29 lag / rolling features.
2026-04-26 20:25:11 [INFO] features.categorical - Loaded categorical mappings from D:\THESIS\model_trainer\artifacts\categorical_mappings.json
2026-04-26 20:25:11 [INFO] data.news_fetcher - Fetching news events ...
2026-04-26 20:25:12 [WARNING] features.news_sentiment - Failed to fetch news events: {'message': "Could not find the table 'public.stored_events' in the schema cache", 'code': 'PGRST205', 'hint': None, 'details': None}. Using zero-filled features.
2026-04-26 20:25:12 [INFO] models.lightgbm_model - Loaded LightGBM model ← D:\THESIS\model_trainer\artifacts\lightgbm_model.txt
2026-04-26 20:25:12 [INFO] models.lstm_model - Loaded LSTM model ← D:\THESIS\model_trainer\artifacts\lstm_model.pt
2026-04-26 20:25:12 [INFO] models.ensemble - Loaded ensemble meta-model ← D:\THESIS\model_trainer\artifacts\ensemble_meta_model.pkl
2026-04-26 20:25:12 [INFO] models.lightgbm_model - Loaded LightGBM model ← D:\THESIS\model_trainer\artifacts\lightgbm_model.txt
2026-04-26 20:25:12 [INFO] models.lstm_model - Loaded LSTM model ← D:\THESIS\model_trainer\artifacts\lstm_model.pt
2026-04-26 20:25:12 [INFO] models.lightgbm_model - Loaded LightGBM model ← D:\THESIS\model_trainer\artifacts\lightgbm_model.txt
2026-04-26 20:25:12 [INFO] models.lstm_model - Loaded LSTM model ← D:\THESIS\model_trainer\artifacts\lstm_model.pt
2026-04-26 20:25:12 [INFO] models.lightgbm_model - Loaded LightGBM model ← D:\THESIS\model_trainer\artifacts\lightgbm_model.txt
2026-04-26 20:25:12 [INFO] models.lstm_model - Loaded LSTM model ← D:\THESIS\model_trainer\artifacts\lstm_model.pt
2026-04-26 20:25:13 [INFO] models.lightgbm_model - Loaded LightGBM model ← D:\THESIS\model_trainer\artifacts\lightgbm_model.txt
2026-04-26 20:25:13 [INFO] models.lstm_model - Loaded LSTM model ← D:\THESIS\model_trainer\artifacts\lstm_model.pt
2026-04-26 20:25:13 [INFO] models.lightgbm_model - Loaded LightGBM model ← D:\THESIS\model_trainer\artifacts\lightgbm_model.txt
2026-04-26 20:25:13 [INFO] models.lstm_model - Loaded LSTM model ← D:\THESIS\model_trainer\artifacts\lstm_model.pt
2026-04-26 20:25:13 [INFO] models.lightgbm_model - Loaded LightGBM model ← D:\THESIS\model_trainer\artifacts\lightgbm_model.txt
2026-04-26 20:25:13 [INFO] models.lstm_model - Loaded LSTM model ← D:\THESIS\model_trainer\artifacts\lstm_model.pt
2026-04-26 20:25:13 [INFO] models.lightgbm_model - Loaded LightGBM model ← D:\THESIS\model_trainer\artifacts\lightgbm_model.txt
2026-04-26 20:25:13 [INFO] models.lstm_model - Loaded LSTM model ← D:\THESIS\model_trainer\artifacts\lstm_model.pt
2026-04-26 20:25:13 [INFO] models.lightgbm_model - Loaded LightGBM model ← D:\THESIS\model_trainer\artifacts\lightgbm_model.txt
2026-04-26 20:25:13 [INFO] models.lstm_model - Loaded LSTM model ← D:\THESIS\model_trainer\artifacts\lstm_model.pt
2026-04-26 20:25:13 [INFO] models.lightgbm_model - Loaded LightGBM model ← D:\THESIS\model_trainer\artifacts\lightgbm_model.txt
2026-04-26 20:25:13 [INFO] models.lstm_model - Loaded LSTM model ← D:\THESIS\model_trainer\artifacts\lstm_model.pt
2026-04-26 20:25:13 [INFO] models.lightgbm_model - Loaded LightGBM model ← D:\THESIS\model_trainer\artifacts\lightgbm_model.txt
2026-04-26 20:25:13 [INFO] models.lstm_model - Loaded LSTM model ← D:\THESIS\model_trainer\artifacts\lstm_model.pt
2026-04-26 20:25:14 [INFO] models.lightgbm_model - Loaded LightGBM model ← D:\THESIS\model_trainer\artifacts\lightgbm_model.txt
2026-04-26 20:25:14 [INFO] models.lstm_model - Loaded LSTM model ← D:\THESIS\model_trainer\artifacts\lstm_model.pt
2026-04-26 20:25:14 [INFO] models.lightgbm_model - Loaded LightGBM model ← D:\THESIS\model_trainer\artifacts\lightgbm_model.txt
2026-04-26 20:25:14 [INFO] models.lstm_model - Loaded LSTM model ← D:\THESIS\model_trainer\artifacts\lstm_model.pt
2026-04-26 20:25:14 [INFO] models.lightgbm_model - Loaded LightGBM model ← D:\THESIS\model_trainer\artifacts\lightgbm_model.txt
2026-04-26 20:25:14 [INFO] models.lstm_model - Loaded LSTM model ← D:\THESIS\model_trainer\artifacts\lstm_model.pt
2026-04-26 20:25:14 [INFO] models.lightgbm_model - Loaded LightGBM model ← D:\THESIS\model_trainer\artifacts\lightgbm_model.txt
2026-04-26 20:25:14 [INFO] models.lstm_model - Loaded LSTM model ← D:\THESIS\model_trainer\artifacts\lstm_model.pt
2026-04-26 20:25:14 [INFO] models.lightgbm_model - Loaded LightGBM model ← D:\THESIS\model_trainer\artifacts\lightgbm_model.txt
2026-04-26 20:25:14 [INFO] models.lstm_model - Loaded LSTM model ← D:\THESIS\model_trainer\artifacts\lstm_model.pt
2026-04-26 20:25:14 [INFO] models.lightgbm_model - Loaded LightGBM model ← D:\THESIS\model_trainer\artifacts\lightgbm_model.txt
2026-04-26 20:25:14 [INFO] models.lstm_model - Loaded LSTM model ← D:\THESIS\model_trainer\artifacts\lstm_model.pt
2026-04-26 20:25:14 [INFO] models.lightgbm_model - Loaded LightGBM model ← D:\THESIS\model_trainer\artifacts\lightgbm_model.txt
2026-04-26 20:25:14 [INFO] models.lstm_model - Loaded LSTM model ← D:\THESIS\model_trainer\artifacts\lstm_model.pt
2026-04-26 20:25:15 [INFO] models.lightgbm_model - Loaded LightGBM model ← D:\THESIS\model_trainer\artifacts\lightgbm_model.txt
2026-04-26 20:25:15 [INFO] models.lstm_model - Loaded LSTM model ← D:\THESIS\model_trainer\artifacts\lstm_model.pt
2026-04-26 20:25:15 [INFO] models.lightgbm_model - Loaded LightGBM model ← D:\THESIS\model_trainer\artifacts\lightgbm_model.txt
2026-04-26 20:25:15 [INFO] models.lstm_model - Loaded LSTM model ← D:\THESIS\model_trainer\artifacts\lstm_model.pt
2026-04-26 20:25:15 [INFO] models.lightgbm_model - Loaded LightGBM model ← D:\THESIS\model_trainer\artifacts\lightgbm_model.txt
2026-04-26 20:25:15 [INFO] models.lstm_model - Loaded LSTM model ← D:\THESIS\model_trainer\artifacts\lstm_model.pt
2026-04-26 20:25:15 [INFO] models.lightgbm_model - Loaded LightGBM model ← D:\THESIS\model_trainer\artifacts\lightgbm_model.txt
2026-04-26 20:25:15 [INFO] models.lstm_model - Loaded LSTM model ← D:\THESIS\model_trainer\artifacts\lstm_model.pt
2026-04-26 20:25:15 [INFO] models.lightgbm_model - Loaded LightGBM model ← D:\THESIS\model_trainer\artifacts\lightgbm_model.txt
2026-04-26 20:25:15 [INFO] models.lstm_model - Loaded LSTM model ← D:\THESIS\model_trainer\artifacts\lstm_model.pt
2026-04-26 20:25:15 [INFO] models.lightgbm_model - Loaded LightGBM model ← D:\THESIS\model_trainer\artifacts\lightgbm_model.txt
2026-04-26 20:25:15 [INFO] models.lstm_model - Loaded LSTM model ← D:\THESIS\model_trainer\artifacts\lstm_model.pt
2026-04-26 20:25:15 [INFO] models.lightgbm_model - Loaded LightGBM model ← D:\THESIS\model_trainer\artifacts\lightgbm_model.txt
2026-04-26 20:25:15 [INFO] models.lstm_model - Loaded LSTM model ← D:\THESIS\model_trainer\artifacts\lstm_model.pt
2026-04-26 20:25:16 [INFO] models.lightgbm_model - Loaded LightGBM model ← D:\THESIS\model_trainer\artifacts\lightgbm_model.txt
2026-04-26 20:25:16 [INFO] models.lstm_model - Loaded LSTM model ← D:\THESIS\model_trainer\artifacts\lstm_model.pt
2026-04-26 20:25:16 [INFO] models.lightgbm_model - Loaded LightGBM model ← D:\THESIS\model_trainer\artifacts\lightgbm_model.txt
2026-04-26 20:25:16 [INFO] models.lstm_model - Loaded LSTM model ← D:\THESIS\model_trainer\artifacts\lstm_model.pt
2026-04-26 20:25:16 [INFO] models.lightgbm_model - Loaded LightGBM model ← D:\THESIS\model_trainer\artifacts\lightgbm_model.txt
2026-04-26 20:25:16 [INFO] models.lstm_model - Loaded LSTM model ← D:\THESIS\model_trainer\artifacts\lstm_model.pt
2026-04-26 20:25:16 [INFO] models.lightgbm_model - Loaded LightGBM model ← D:\THESIS\model_trainer\artifacts\lightgbm_model.txt
2026-04-26 20:25:16 [INFO] models.lstm_model - Loaded LSTM model ← D:\THESIS\model_trainer\artifacts\lstm_model.pt
2026-04-26 20:25:16 [INFO] models.lightgbm_model - Loaded LightGBM model ← D:\THESIS\model_trainer\artifacts\lightgbm_model.txt
2026-04-26 20:25:16 [INFO] models.lstm_model - Loaded LSTM model ← D:\THESIS\model_trainer\artifacts\lstm_model.pt
2026-04-26 20:25:18 [INFO] models.lstm_model - Epoch  10/100  train_loss=0.073716  val_loss=0.038147
2026-04-26 20:25:50 [INFO] models.lstm_model - Epoch  20/100  train_loss=0.060906  val_loss=0.036433
2026-04-26 20:26:11 [INFO] data.preprocessor - Preprocessing 126 rows ...
2026-04-26 20:26:11 [INFO] data.preprocessor - Preprocessing complete -- 126 clean rows.
2026-04-26 20:26:11 [INFO] features.temporal - Added 15 temporal features.
2026-04-26 20:26:11 [INFO] features.lag_features - Added 29 lag / rolling features.
2026-04-26 20:26:11 [INFO] features.categorical - Loaded categorical mappings from D:\THESIS\model_trainer\artifacts\categorical_mappings.json
2026-04-26 20:26:11 [INFO] data.news_fetcher - Fetching news events ...
2026-04-26 20:26:12 [WARNING] features.news_sentiment - Failed to fetch news events: {'message': "Could not find the table 'public.stored_events' in the schema cache", 'code': 'PGRST205', 'hint': None, 'details': None}. Using zero-filled features.
2026-04-26 20:26:12 [INFO] models.lightgbm_model - Loaded LightGBM model ← D:\THESIS\model_trainer\artifacts\lightgbm_model.txt
2026-04-26 20:26:12 [INFO] models.lstm_model - Loaded LSTM model ← D:\THESIS\model_trainer\artifacts\lstm_model.pt
2026-04-26 20:26:12 [INFO] models.ensemble - Loaded ensemble meta-model ← D:\THESIS\model_trainer\artifacts\ensemble_meta_model.pkl
2026-04-26 20:26:12 [INFO] models.lightgbm_model - Loaded LightGBM model ← D:\THESIS\model_trainer\artifacts\lightgbm_model.txt
2026-04-26 20:26:12 [INFO] models.lstm_model - Loaded LSTM model ← D:\THESIS\model_trainer\artifacts\lstm_model.pt
2026-04-26 20:26:12 [INFO] models.lightgbm_model - Loaded LightGBM model ← D:\THESIS\model_trainer\artifacts\lightgbm_model.txt
2026-04-26 20:26:12 [INFO] models.lstm_model - Loaded LSTM model ← D:\THESIS\model_trainer\artifacts\lstm_model.pt
2026-04-26 20:26:12 [INFO] models.lightgbm_model - Loaded LightGBM model ← D:\THESIS\model_trainer\artifacts\lightgbm_model.txt
2026-04-26 20:26:12 [INFO] models.lstm_model - Loaded LSTM model ← D:\THESIS\model_trainer\artifacts\lstm_model.pt
2026-04-26 20:26:13 [INFO] models.lightgbm_model - Loaded LightGBM model ← D:\THESIS\model_trainer\artifacts\lightgbm_model.txt
2026-04-26 20:26:13 [INFO] models.lstm_model - Loaded LSTM model ← D:\THESIS\model_trainer\artifacts\lstm_model.pt
2026-04-26 20:26:13 [INFO] models.lightgbm_model - Loaded LightGBM model ← D:\THESIS\model_trainer\artifacts\lightgbm_model.txt
2026-04-26 20:26:13 [INFO] models.lstm_model - Loaded LSTM model ← D:\THESIS\model_trainer\artifacts\lstm_model.pt
2026-04-26 20:26:13 [INFO] models.lightgbm_model - Loaded LightGBM model ← D:\THESIS\model_trainer\artifacts\lightgbm_model.txt
2026-04-26 20:26:13 [INFO] models.lstm_model - Loaded LSTM model ← D:\THESIS\model_trainer\artifacts\lstm_model.pt
2026-04-26 20:26:13 [INFO] models.lightgbm_model - Loaded LightGBM model ← D:\THESIS\model_trainer\artifacts\lightgbm_model.txt
2026-04-26 20:26:13 [INFO] models.lstm_model - Loaded LSTM model ← D:\THESIS\model_trainer\artifacts\lstm_model.pt
2026-04-26 20:26:13 [INFO] models.lightgbm_model - Loaded LightGBM model ← D:\THESIS\model_trainer\artifacts\lightgbm_model.txt
2026-04-26 20:26:13 [INFO] models.lstm_model - Loaded LSTM model ← D:\THESIS\model_trainer\artifacts\lstm_model.pt
2026-04-26 20:26:13 [INFO] models.lightgbm_model - Loaded LightGBM model ← D:\THESIS\model_trainer\artifacts\lightgbm_model.txt
2026-04-26 20:26:13 [INFO] models.lstm_model - Loaded LSTM model ← D:\THESIS\model_trainer\artifacts\lstm_model.pt
2026-04-26 20:26:13 [INFO] models.lightgbm_model - Loaded LightGBM model ← D:\THESIS\model_trainer\artifacts\lightgbm_model.txt
2026-04-26 20:26:13 [INFO] models.lstm_model - Loaded LSTM model ← D:\THESIS\model_trainer\artifacts\lstm_model.pt
2026-04-26 20:26:14 [INFO] models.lightgbm_model - Loaded LightGBM model ← D:\THESIS\model_trainer\artifacts\lightgbm_model.txt
2026-04-26 20:26:14 [INFO] models.lstm_model - Loaded LSTM model ← D:\THESIS\model_trainer\artifacts\lstm_model.pt
2026-04-26 20:26:14 [INFO] models.lightgbm_model - Loaded LightGBM model ← D:\THESIS\model_trainer\artifacts\lightgbm_model.txt
2026-04-26 20:26:14 [INFO] models.lstm_model - Loaded LSTM model ← D:\THESIS\model_trainer\artifacts\lstm_model.pt
2026-04-26 20:26:14 [INFO] models.lightgbm_model - Loaded LightGBM model ← D:\THESIS\model_trainer\artifacts\lightgbm_model.txt
2026-04-26 20:26:14 [INFO] models.lstm_model - Loaded LSTM model ← D:\THESIS\model_trainer\artifacts\lstm_model.pt
2026-04-26 20:26:14 [INFO] models.lightgbm_model - Loaded LightGBM model ← D:\THESIS\model_trainer\artifacts\lightgbm_model.txt
2026-04-26 20:26:14 [INFO] models.lstm_model - Loaded LSTM model ← D:\THESIS\model_trainer\artifacts\lstm_model.pt
2026-04-26 20:26:14 [INFO] models.lightgbm_model - Loaded LightGBM model ← D:\THESIS\model_trainer\artifacts\lightgbm_model.txt
2026-04-26 20:26:14 [INFO] models.lstm_model - Loaded LSTM model ← D:\THESIS\model_trainer\artifacts\lstm_model.pt
2026-04-26 20:26:14 [INFO] models.lightgbm_model - Loaded LightGBM model ← D:\THESIS\model_trainer\artifacts\lightgbm_model.txt
2026-04-26 20:26:14 [INFO] models.lstm_model - Loaded LSTM model ← D:\THESIS\model_trainer\artifacts\lstm_model.pt
2026-04-26 20:26:14 [INFO] models.lightgbm_model - Loaded LightGBM model ← D:\THESIS\model_trainer\artifacts\lightgbm_model.txt
2026-04-26 20:26:15 [INFO] models.lstm_model - Loaded LSTM model ← D:\THESIS\model_trainer\artifacts\lstm_model.pt
2026-04-26 20:26:15 [INFO] models.lightgbm_model - Loaded LightGBM model ← D:\THESIS\model_trainer\artifacts\lightgbm_model.txt
2026-04-26 20:26:15 [INFO] models.lstm_model - Loaded LSTM model ← D:\THESIS\model_trainer\artifacts\lstm_model.pt
2026-04-26 20:26:15 [INFO] models.lightgbm_model - Loaded LightGBM model ← D:\THESIS\model_trainer\artifacts\lightgbm_model.txt
2026-04-26 20:26:15 [INFO] models.lstm_model - Loaded LSTM model ← D:\THESIS\model_trainer\artifacts\lstm_model.pt
2026-04-26 20:26:15 [INFO] models.lightgbm_model - Loaded LightGBM model ← D:\THESIS\model_trainer\artifacts\lightgbm_model.txt
2026-04-26 20:26:15 [INFO] models.lstm_model - Loaded LSTM model ← D:\THESIS\model_trainer\artifacts\lstm_model.pt
2026-04-26 20:26:15 [INFO] models.lightgbm_model - Loaded LightGBM model ← D:\THESIS\model_trainer\artifacts\lightgbm_model.txt
2026-04-26 20:26:15 [INFO] models.lstm_model - Loaded LSTM model ← D:\THESIS\model_trainer\artifacts\lstm_model.pt
2026-04-26 20:26:15 [INFO] models.lightgbm_model - Loaded LightGBM model ← D:\THESIS\model_trainer\artifacts\lightgbm_model.txt
2026-04-26 20:26:15 [INFO] models.lstm_model - Loaded LSTM model ← D:\THESIS\model_trainer\artifacts\lstm_model.pt
2026-04-26 20:26:15 [INFO] models.lightgbm_model - Loaded LightGBM model ← D:\THESIS\model_trainer\artifacts\lightgbm_model.txt
2026-04-26 20:26:15 [INFO] models.lstm_model - Loaded LSTM model ← D:\THESIS\model_trainer\artifacts\lstm_model.pt
2026-04-26 20:26:16 [INFO] models.lightgbm_model - Loaded LightGBM model ← D:\THESIS\model_trainer\artifacts\lightgbm_model.txt
2026-04-26 20:26:16 [INFO] models.lstm_model - Loaded LSTM model ← D:\THESIS\model_trainer\artifacts\lstm_model.pt
2026-04-26 20:26:16 [INFO] models.lightgbm_model - Loaded LightGBM model ← D:\THESIS\model_trainer\artifacts\lightgbm_model.txt
2026-04-26 20:26:16 [INFO] models.lstm_model - Loaded LSTM model ← D:\THESIS\model_trainer\artifacts\lstm_model.pt
2026-04-26 20:26:16 [INFO] models.lightgbm_model - Loaded LightGBM model ← D:\THESIS\model_trainer\artifacts\lightgbm_model.txt
2026-04-26 20:26:16 [INFO] models.lstm_model - Loaded LSTM model ← D:\THESIS\model_trainer\artifacts\lstm_model.pt
2026-04-26 20:26:16 [INFO] models.lightgbm_model - Loaded LightGBM model ← D:\THESIS\model_trainer\artifacts\lightgbm_model.txt
2026-04-26 20:26:16 [INFO] models.lstm_model - Loaded LSTM model ← D:\THESIS\model_trainer\artifacts\lstm_model.pt
2026-04-26 20:26:16 [INFO] models.lightgbm_model - Loaded LightGBM model ← D:\THESIS\model_trainer\artifacts\lightgbm_model.txt
2026-04-26 20:26:16 [INFO] models.lstm_model - Loaded LSTM model ← D:\THESIS\model_trainer\artifacts\lstm_model.pt
2026-04-26 20:26:16 [INFO] models.lightgbm_model - Loaded LightGBM model ← D:\THESIS\model_trainer\artifacts\lightgbm_model.txt
2026-04-26 20:26:16 [INFO] models.lstm_model - Loaded LSTM model ← D:\THESIS\model_trainer\artifacts\lstm_model.pt
2026-04-26 20:26:24 [INFO] models.lstm_model - Epoch  30/100  train_loss=0.054697  val_loss=0.031904
2026-04-26 20:26:56 [INFO] models.lstm_model - Epoch  40/100  train_loss=0.049975  val_loss=0.029450
2026-04-26 20:26:58 [INFO] data.preprocessor - Preprocessing 126 rows ...
2026-04-26 20:26:58 [INFO] data.preprocessor - Preprocessing complete -- 126 clean rows.
2026-04-26 20:26:58 [INFO] features.temporal - Added 15 temporal features.
2026-04-26 20:26:58 [INFO] features.lag_features - Added 29 lag / rolling features.
2026-04-26 20:26:58 [INFO] features.categorical - Loaded categorical mappings from D:\THESIS\model_trainer\artifacts\categorical_mappings.json
2026-04-26 20:26:58 [INFO] data.news_fetcher - Fetching news events ...
2026-04-26 20:26:59 [WARNING] features.news_sentiment - Failed to fetch news events: {'message': "Could not find the table 'public.stored_events' in the schema cache", 'code': 'PGRST205', 'hint': None, 'details': None}. Using zero-filled features.
2026-04-26 20:26:59 [INFO] models.lightgbm_model - Loaded LightGBM model ← D:\THESIS\model_trainer\artifacts\lightgbm_model.txt
2026-04-26 20:26:59 [INFO] models.lstm_model - Loaded LSTM model ← D:\THESIS\model_trainer\artifacts\lstm_model.pt
2026-04-26 20:26:59 [INFO] models.ensemble - Loaded ensemble meta-model ← D:\THESIS\model_trainer\artifacts\ensemble_meta_model.pkl
2026-04-26 20:26:59 [INFO] models.lightgbm_model - Loaded LightGBM model ← D:\THESIS\model_trainer\artifacts\lightgbm_model.txt
2026-04-26 20:26:59 [INFO] models.lstm_model - Loaded LSTM model ← D:\THESIS\model_trainer\artifacts\lstm_model.pt
2026-04-26 20:26:59 [INFO] models.lightgbm_model - Loaded LightGBM model ← D:\THESIS\model_trainer\artifacts\lightgbm_model.txt
2026-04-26 20:26:59 [INFO] models.lstm_model - Loaded LSTM model ← D:\THESIS\model_trainer\artifacts\lstm_model.pt
2026-04-26 20:27:00 [INFO] models.lightgbm_model - Loaded LightGBM model ← D:\THESIS\model_trainer\artifacts\lightgbm_model.txt
2026-04-26 20:27:00 [INFO] models.lstm_model - Loaded LSTM model ← D:\THESIS\model_trainer\artifacts\lstm_model.pt
2026-04-26 20:27:00 [INFO] models.lightgbm_model - Loaded LightGBM model ← D:\THESIS\model_trainer\artifacts\lightgbm_model.txt
2026-04-26 20:27:00 [INFO] models.lstm_model - Loaded LSTM model ← D:\THESIS\model_trainer\artifacts\lstm_model.pt
2026-04-26 20:27:00 [INFO] models.lightgbm_model - Loaded LightGBM model ← D:\THESIS\model_trainer\artifacts\lightgbm_model.txt
2026-04-26 20:27:00 [INFO] models.lstm_model - Loaded LSTM model ← D:\THESIS\model_trainer\artifacts\lstm_model.pt
2026-04-26 20:27:00 [INFO] models.lightgbm_model - Loaded LightGBM model ← D:\THESIS\model_trainer\artifacts\lightgbm_model.txt
2026-04-26 20:27:00 [INFO] models.lstm_model - Loaded LSTM model ← D:\THESIS\model_trainer\artifacts\lstm_model.pt
2026-04-26 20:27:00 [INFO] models.lightgbm_model - Loaded LightGBM model ← D:\THESIS\model_trainer\artifacts\lightgbm_model.txt
2026-04-26 20:27:00 [INFO] models.lstm_model - Loaded LSTM model ← D:\THESIS\model_trainer\artifacts\lstm_model.pt
2026-04-26 20:27:00 [INFO] models.lightgbm_model - Loaded LightGBM model ← D:\THESIS\model_trainer\artifacts\lightgbm_model.txt
2026-04-26 20:27:00 [INFO] models.lstm_model - Loaded LSTM model ← D:\THESIS\model_trainer\artifacts\lstm_model.pt
2026-04-26 20:27:00 [INFO] models.lightgbm_model - Loaded LightGBM model ← D:\THESIS\model_trainer\artifacts\lightgbm_model.txt
2026-04-26 20:27:00 [INFO] models.lstm_model - Loaded LSTM model ← D:\THESIS\model_trainer\artifacts\lstm_model.pt
2026-04-26 20:27:01 [INFO] models.lightgbm_model - Loaded LightGBM model ← D:\THESIS\model_trainer\artifacts\lightgbm_model.txt
2026-04-26 20:27:01 [INFO] models.lstm_model - Loaded LSTM model ← D:\THESIS\model_trainer\artifacts\lstm_model.pt
2026-04-26 20:27:01 [INFO] models.lightgbm_model - Loaded LightGBM model ← D:\THESIS\model_trainer\artifacts\lightgbm_model.txt
2026-04-26 20:27:01 [INFO] models.lstm_model - Loaded LSTM model ← D:\THESIS\model_trainer\artifacts\lstm_model.pt
2026-04-26 20:27:01 [INFO] models.lightgbm_model - Loaded LightGBM model ← D:\THESIS\model_trainer\artifacts\lightgbm_model.txt
2026-04-26 20:27:01 [INFO] models.lstm_model - Loaded LSTM model ← D:\THESIS\model_trainer\artifacts\lstm_model.pt
2026-04-26 20:27:01 [INFO] models.lightgbm_model - Loaded LightGBM model ← D:\THESIS\model_trainer\artifacts\lightgbm_model.txt
2026-04-26 20:27:01 [INFO] models.lstm_model - Loaded LSTM model ← D:\THESIS\model_trainer\artifacts\lstm_model.pt
2026-04-26 20:27:01 [INFO] models.lightgbm_model - Loaded LightGBM model ← D:\THESIS\model_trainer\artifacts\lightgbm_model.txt
2026-04-26 20:27:01 [INFO] models.lstm_model - Loaded LSTM model ← D:\THESIS\model_trainer\artifacts\lstm_model.pt
2026-04-26 20:27:01 [INFO] models.lightgbm_model - Loaded LightGBM model ← D:\THESIS\model_trainer\artifacts\lightgbm_model.txt
2026-04-26 20:27:01 [INFO] models.lstm_model - Loaded LSTM model ← D:\THESIS\model_trainer\artifacts\lstm_model.pt
2026-04-26 20:27:01 [INFO] models.lightgbm_model - Loaded LightGBM model ← D:\THESIS\model_trainer\artifacts\lightgbm_model.txt
2026-04-26 20:27:01 [INFO] models.lstm_model - Loaded LSTM model ← D:\THESIS\model_trainer\artifacts\lstm_model.pt
2026-04-26 20:27:02 [INFO] models.lightgbm_model - Loaded LightGBM model ← D:\THESIS\model_trainer\artifacts\lightgbm_model.txt
2026-04-26 20:27:02 [INFO] models.lstm_model - Loaded LSTM model ← D:\THESIS\model_trainer\artifacts\lstm_model.pt
2026-04-26 20:27:02 [INFO] models.lightgbm_model - Loaded LightGBM model ← D:\THESIS\model_trainer\artifacts\lightgbm_model.txt
2026-04-26 20:27:02 [INFO] models.lstm_model - Loaded LSTM model ← D:\THESIS\model_trainer\artifacts\lstm_model.pt
2026-04-26 20:27:02 [INFO] models.lightgbm_model - Loaded LightGBM model ← D:\THESIS\model_trainer\artifacts\lightgbm_model.txt
2026-04-26 20:27:02 [INFO] models.lstm_model - Loaded LSTM model ← D:\THESIS\model_trainer\artifacts\lstm_model.pt
2026-04-26 20:27:02 [INFO] models.lightgbm_model - Loaded LightGBM model ← D:\THESIS\model_trainer\artifacts\lightgbm_model.txt
2026-04-26 20:27:02 [INFO] models.lstm_model - Loaded LSTM model ← D:\THESIS\model_trainer\artifacts\lstm_model.pt
2026-04-26 20:27:02 [INFO] models.lightgbm_model - Loaded LightGBM model ← D:\THESIS\model_trainer\artifacts\lightgbm_model.txt
2026-04-26 20:27:02 [INFO] models.lstm_model - Loaded LSTM model ← D:\THESIS\model_trainer\artifacts\lstm_model.pt
2026-04-26 20:27:02 [INFO] models.lightgbm_model - Loaded LightGBM model ← D:\THESIS\model_trainer\artifacts\lightgbm_model.txt
2026-04-26 20:27:02 [INFO] models.lstm_model - Loaded LSTM model ← D:\THESIS\model_trainer\artifacts\lstm_model.pt
2026-04-26 20:27:03 [INFO] models.lightgbm_model - Loaded LightGBM model ← D:\THESIS\model_trainer\artifacts\lightgbm_model.txt
2026-04-26 20:27:03 [INFO] models.lstm_model - Loaded LSTM model ← D:\THESIS\model_trainer\artifacts\lstm_model.pt
2026-04-26 20:27:03 [INFO] models.lightgbm_model - Loaded LightGBM model ← D:\THESIS\model_trainer\artifacts\lightgbm_model.txt
2026-04-26 20:27:03 [INFO] models.lstm_model - Loaded LSTM model ← D:\THESIS\model_trainer\artifacts\lstm_model.pt
2026-04-26 20:27:03 [INFO] models.lightgbm_model - Loaded LightGBM model ← D:\THESIS\model_trainer\artifacts\lightgbm_model.txt
2026-04-26 20:27:03 [INFO] models.lstm_model - Loaded LSTM model ← D:\THESIS\model_trainer\artifacts\lstm_model.pt
2026-04-26 20:27:03 [INFO] models.lightgbm_model - Loaded LightGBM model ← D:\THESIS\model_trainer\artifacts\lightgbm_model.txt
2026-04-26 20:27:03 [INFO] models.lstm_model - Loaded LSTM model ← D:\THESIS\model_trainer\artifacts\lstm_model.pt
2026-04-26 20:27:03 [INFO] models.lightgbm_model - Loaded LightGBM model ← D:\THESIS\model_trainer\artifacts\lightgbm_model.txt
2026-04-26 20:27:03 [INFO] models.lstm_model - Loaded LSTM model ← D:\THESIS\model_trainer\artifacts\lstm_model.pt
2026-04-26 20:27:03 [INFO] models.lightgbm_model - Loaded LightGBM model ← D:\THESIS\model_trainer\artifacts\lightgbm_model.txt
2026-04-26 20:27:03 [INFO] models.lstm_model - Loaded LSTM model ← D:\THESIS\model_trainer\artifacts\lstm_model.pt
2026-04-26 20:27:03 [INFO] models.lightgbm_model - Loaded LightGBM model ← D:\THESIS\model_trainer\artifacts\lightgbm_model.txt
2026-04-26 20:27:03 [INFO] models.lstm_model - Loaded LSTM model ← D:\THESIS\model_trainer\artifacts\lstm_model.pt
2026-04-26 20:27:31 [INFO] models.lstm_model - Epoch  50/100  train_loss=0.045947  val_loss=0.028112
2026-04-26 20:28:03 [INFO] models.lstm_model - Epoch  60/100  train_loss=0.037646  val_loss=0.028145
2026-04-26 20:28:23 [INFO] data.preprocessor - Preprocessing 126 rows ...
2026-04-26 20:28:23 [INFO] data.preprocessor - Preprocessing complete -- 126 clean rows.
2026-04-26 20:28:23 [INFO] features.temporal - Added 15 temporal features.
2026-04-26 20:28:23 [INFO] features.lag_features - Added 29 lag / rolling features.
2026-04-26 20:28:23 [INFO] features.categorical - Loaded categorical mappings from D:\THESIS\model_trainer\artifacts\categorical_mappings.json
2026-04-26 20:28:23 [INFO] data.news_fetcher - Fetching news events ...
2026-04-26 20:28:24 [WARNING] features.news_sentiment - Failed to fetch news events: {'message': "Could not find the table 'public.stored_events' in the schema cache", 'code': 'PGRST205', 'hint': None, 'details': None}. Using zero-filled features.
2026-04-26 20:28:24 [INFO] models.lightgbm_model - Loaded LightGBM model ← D:\THESIS\model_trainer\artifacts\lightgbm_model.txt
2026-04-26 20:28:24 [INFO] models.lstm_model - Loaded LSTM model ← D:\THESIS\model_trainer\artifacts\lstm_model.pt
2026-04-26 20:28:24 [INFO] models.ensemble - Loaded ensemble meta-model ← D:\THESIS\model_trainer\artifacts\ensemble_meta_model.pkl
2026-04-26 20:28:24 [INFO] models.lightgbm_model - Loaded LightGBM model ← D:\THESIS\model_trainer\artifacts\lightgbm_model.txt
2026-04-26 20:28:24 [INFO] models.lstm_model - Loaded LSTM model ← D:\THESIS\model_trainer\artifacts\lstm_model.pt
2026-04-26 20:28:25 [INFO] models.lightgbm_model - Loaded LightGBM model ← D:\THESIS\model_trainer\artifacts\lightgbm_model.txt
2026-04-26 20:28:25 [INFO] models.lstm_model - Loaded LSTM model ← D:\THESIS\model_trainer\artifacts\lstm_model.pt
2026-04-26 20:28:25 [INFO] models.lightgbm_model - Loaded LightGBM model ← D:\THESIS\model_trainer\artifacts\lightgbm_model.txt
2026-04-26 20:28:25 [INFO] models.lstm_model - Loaded LSTM model ← D:\THESIS\model_trainer\artifacts\lstm_model.pt
2026-04-26 20:28:25 [INFO] models.lightgbm_model - Loaded LightGBM model ← D:\THESIS\model_trainer\artifacts\lightgbm_model.txt
2026-04-26 20:28:25 [INFO] models.lstm_model - Loaded LSTM model ← D:\THESIS\model_trainer\artifacts\lstm_model.pt
2026-04-26 20:28:25 [INFO] models.lightgbm_model - Loaded LightGBM model ← D:\THESIS\model_trainer\artifacts\lightgbm_model.txt
2026-04-26 20:28:25 [INFO] models.lstm_model - Loaded LSTM model ← D:\THESIS\model_trainer\artifacts\lstm_model.pt
2026-04-26 20:28:25 [INFO] models.lightgbm_model - Loaded LightGBM model ← D:\THESIS\model_trainer\artifacts\lightgbm_model.txt
2026-04-26 20:28:25 [INFO] models.lstm_model - Loaded LSTM model ← D:\THESIS\model_trainer\artifacts\lstm_model.pt
2026-04-26 20:28:25 [INFO] models.lightgbm_model - Loaded LightGBM model ← D:\THESIS\model_trainer\artifacts\lightgbm_model.txt
2026-04-26 20:28:25 [INFO] models.lstm_model - Loaded LSTM model ← D:\THESIS\model_trainer\artifacts\lstm_model.pt
2026-04-26 20:28:25 [INFO] models.lightgbm_model - Loaded LightGBM model ← D:\THESIS\model_trainer\artifacts\lightgbm_model.txt
2026-04-26 20:28:25 [INFO] models.lstm_model - Loaded LSTM model ← D:\THESIS\model_trainer\artifacts\lstm_model.pt
2026-04-26 20:28:26 [INFO] models.lightgbm_model - Loaded LightGBM model ← D:\THESIS\model_trainer\artifacts\lightgbm_model.txt
2026-04-26 20:28:26 [INFO] models.lstm_model - Loaded LSTM model ← D:\THESIS\model_trainer\artifacts\lstm_model.pt
2026-04-26 20:28:26 [INFO] models.lightgbm_model - Loaded LightGBM model ← D:\THESIS\model_trainer\artifacts\lightgbm_model.txt
2026-04-26 20:28:26 [INFO] models.lstm_model - Loaded LSTM model ← D:\THESIS\model_trainer\artifacts\lstm_model.pt
2026-04-26 20:28:26 [INFO] models.lightgbm_model - Loaded LightGBM model ← D:\THESIS\model_trainer\artifacts\lightgbm_model.txt
2026-04-26 20:28:26 [INFO] models.lstm_model - Loaded LSTM model ← D:\THESIS\model_trainer\artifacts\lstm_model.pt
2026-04-26 20:28:26 [INFO] models.lightgbm_model - Loaded LightGBM model ← D:\THESIS\model_trainer\artifacts\lightgbm_model.txt
2026-04-26 20:28:26 [INFO] models.lstm_model - Loaded LSTM model ← D:\THESIS\model_trainer\artifacts\lstm_model.pt
2026-04-26 20:28:26 [INFO] models.lightgbm_model - Loaded LightGBM model ← D:\THESIS\model_trainer\artifacts\lightgbm_model.txt
2026-04-26 20:28:26 [INFO] models.lstm_model - Loaded LSTM model ← D:\THESIS\model_trainer\artifacts\lstm_model.pt
2026-04-26 20:28:26 [INFO] models.lightgbm_model - Loaded LightGBM model ← D:\THESIS\model_trainer\artifacts\lightgbm_model.txt
2026-04-26 20:28:26 [INFO] models.lstm_model - Loaded LSTM model ← D:\THESIS\model_trainer\artifacts\lstm_model.pt
2026-04-26 20:28:26 [INFO] models.lightgbm_model - Loaded LightGBM model ← D:\THESIS\model_trainer\artifacts\lightgbm_model.txt
2026-04-26 20:28:26 [INFO] models.lstm_model - Loaded LSTM model ← D:\THESIS\model_trainer\artifacts\lstm_model.pt
2026-04-26 20:28:27 [INFO] models.lightgbm_model - Loaded LightGBM model ← D:\THESIS\model_trainer\artifacts\lightgbm_model.txt
2026-04-26 20:28:27 [INFO] models.lstm_model - Loaded LSTM model ← D:\THESIS\model_trainer\artifacts\lstm_model.pt
2026-04-26 20:28:27 [INFO] models.lightgbm_model - Loaded LightGBM model ← D:\THESIS\model_trainer\artifacts\lightgbm_model.txt
2026-04-26 20:28:27 [INFO] models.lstm_model - Loaded LSTM model ← D:\THESIS\model_trainer\artifacts\lstm_model.pt
2026-04-26 20:28:27 [INFO] models.lightgbm_model - Loaded LightGBM model ← D:\THESIS\model_trainer\artifacts\lightgbm_model.txt
2026-04-26 20:28:27 [INFO] models.lstm_model - Loaded LSTM model ← D:\THESIS\model_trainer\artifacts\lstm_model.pt
2026-04-26 20:28:27 [INFO] models.lightgbm_model - Loaded LightGBM model ← D:\THESIS\model_trainer\artifacts\lightgbm_model.txt
2026-04-26 20:28:27 [INFO] models.lstm_model - Loaded LSTM model ← D:\THESIS\model_trainer\artifacts\lstm_model.pt
2026-04-26 20:28:27 [INFO] models.lightgbm_model - Loaded LightGBM model ← D:\THESIS\model_trainer\artifacts\lightgbm_model.txt
2026-04-26 20:28:27 [INFO] models.lstm_model - Loaded LSTM model ← D:\THESIS\model_trainer\artifacts\lstm_model.pt
2026-04-26 20:28:27 [INFO] models.lightgbm_model - Loaded LightGBM model ← D:\THESIS\model_trainer\artifacts\lightgbm_model.txt
2026-04-26 20:28:27 [INFO] models.lstm_model - Loaded LSTM model ← D:\THESIS\model_trainer\artifacts\lstm_model.pt
2026-04-26 20:28:27 [INFO] models.lightgbm_model - Loaded LightGBM model ← D:\THESIS\model_trainer\artifacts\lightgbm_model.txt
2026-04-26 20:28:27 [INFO] models.lstm_model - Loaded LSTM model ← D:\THESIS\model_trainer\artifacts\lstm_model.pt
2026-04-26 20:28:28 [INFO] models.lightgbm_model - Loaded LightGBM model ← D:\THESIS\model_trainer\artifacts\lightgbm_model.txt
2026-04-26 20:28:28 [INFO] models.lstm_model - Loaded LSTM model ← D:\THESIS\model_trainer\artifacts\lstm_model.pt
2026-04-26 20:28:28 [INFO] models.lightgbm_model - Loaded LightGBM model ← D:\THESIS\model_trainer\artifacts\lightgbm_model.txt
2026-04-26 20:28:28 [INFO] models.lstm_model - Loaded LSTM model ← D:\THESIS\model_trainer\artifacts\lstm_model.pt
2026-04-26 20:28:28 [INFO] models.lightgbm_model - Loaded LightGBM model ← D:\THESIS\model_trainer\artifacts\lightgbm_model.txt
2026-04-26 20:28:28 [INFO] models.lstm_model - Loaded LSTM model ← D:\THESIS\model_trainer\artifacts\lstm_model.pt
2026-04-26 20:28:28 [INFO] models.lightgbm_model - Loaded LightGBM model ← D:\THESIS\model_trainer\artifacts\lightgbm_model.txt
2026-04-26 20:28:28 [INFO] models.lstm_model - Loaded LSTM model ← D:\THESIS\model_trainer\artifacts\lstm_model.pt
2026-04-26 20:28:28 [INFO] models.lightgbm_model - Loaded LightGBM model ← D:\THESIS\model_trainer\artifacts\lightgbm_model.txt
2026-04-26 20:28:28 [INFO] models.lstm_model - Loaded LSTM model ← D:\THESIS\model_trainer\artifacts\lstm_model.pt
2026-04-26 20:28:28 [INFO] models.lightgbm_model - Loaded LightGBM model ← D:\THESIS\model_trainer\artifacts\lightgbm_model.txt
2026-04-26 20:28:28 [INFO] models.lstm_model - Loaded LSTM model ← D:\THESIS\model_trainer\artifacts\lstm_model.pt
2026-04-26 20:28:28 [INFO] models.lightgbm_model - Loaded LightGBM model ← D:\THESIS\model_trainer\artifacts\lightgbm_model.txt
2026-04-26 20:28:28 [INFO] models.lstm_model - Loaded LSTM model ← D:\THESIS\model_trainer\artifacts\lstm_model.pt
2026-04-26 20:28:37 [INFO] models.lstm_model - Epoch  70/100  train_loss=0.035570  val_loss=0.027647
2026-04-26 20:29:09 [INFO] models.lstm_model - Epoch  80/100  train_loss=0.030063  val_loss=0.027684
2026-04-26 20:29:15 [INFO] models.lstm_model - Early stopping at epoch 82
2026-04-26 20:29:16 [INFO] models.lstm_model - LSTM validation -- RMSE: 18.7444  MAE: 8.9590  MAPE: 11.01%
2026-04-26 20:29:16 [INFO] pipeline.trainer - Step 6/7 -- Training ensemble ...
2026-04-26 20:29:16 [INFO] models.ensemble - Meta-model trained -- LightGBM coef: 0.5023, LSTM coef: 0.5023, intercept: -0.9126
2026-04-26 20:29:16 [INFO] models.ensemble - Ensemble (stacking) -- RMSE: 4.7709  MAE: 2.6901  MAPE: 3.08%
2026-04-26 20:29:16 [INFO] models.ensemble - Saved ensemble meta-model → D:\THESIS\model_trainer\artifacts\ensemble_meta_model.pkl
2026-04-26 20:29:16 [INFO] pipeline.trainer - Step 7/7 -- Saving model version ...
2026-04-26 20:29:16 [INFO] models.model_store - Created model version v007_2026-04-26T12-29-16 (5 files)
2026-04-26 20:29:16 [INFO] pipeline.drift_detector - Saved reference distribution (11135 samples).
2026-04-26 20:29:16 [INFO] pipeline.trainer - === TRAINING COMPLETE ===
2026-04-26 20:29:16 [INFO] main - Training complete. Metrics: {'lgbm': {'rmse': 4.807900852146761, 'mae': 2.645375082740115, 'mape': 2.323005964440413}, 'lstm': {'rmse': 18.74441304388774, 'mae': 8.958959231388981, 'mape': 11.014693188838612}, 'ensemble': {'rmse': 4.770886862651556, 'mae': 2.6900944884095392, 'mape': 3.0831918641163036}, 'timestamp': '2026-04-26T12:29:16.160171+00:00', 'data_rows': 11135, 'mode': 'full'}
2026-04-26 20:45:06 [INFO] main - Starting API server on 0.0.0.0:8000
2026-04-26 20:45:11 [INFO] api.main - FOODCAST API starting up ...
2026-04-26 20:46:38 [INFO] models.registry - Loading models into registry ...
2026-04-26 20:46:38 [INFO] models.lightgbm_model - Loaded LightGBM model ← D:\THESIS\model_trainer\artifacts\lightgbm_model.txt
2026-04-26 20:46:38 [INFO] models.lstm_model - Loaded LSTM model ← D:\THESIS\model_trainer\artifacts\lstm_model.pt
2026-04-26 20:46:38 [ERROR] api.routes.predictions - Prediction error: 'EnsembleModel' object has no attribute 'load'
Traceback (most recent call last):
  File "D:\THESIS\model_trainer\api\routes\predictions.py", line 40, in predict
    registry.load_all()  # no-op if already loaded
    ~~~~~~~~~~~~~~~~~^^
  File "D:\THESIS\model_trainer\models\registry.py", line 60, in load_all
    self.ensemble.load()
    ^^^^^^^^^^^^^^^^^^
AttributeError: 'EnsembleModel' object has no attribute 'load'
2026-04-26 20:48:30 [INFO] main - Starting API server on 0.0.0.0:8000
2026-04-26 20:48:35 [INFO] api.main - FOODCAST API starting up ...
2026-04-26 20:48:44 [INFO] pipeline.trainer - === FULL TRAINING PIPELINE ===
2026-04-26 20:48:44 [INFO] data.fetcher - Fetching ALL food price records ...
2026-04-26 20:48:51 [INFO] data.fetcher - Fetched 11,190 rows total.
2026-04-26 20:48:51 [INFO] pipeline.trainer - Step 1/7 -- Preprocessing ...
2026-04-26 20:48:51 [INFO] data.preprocessor - Preprocessing 11,190 rows ...
2026-04-26 20:48:51 [INFO] data.preprocessor - Removed 54 duplicate rows.
2026-04-26 20:48:51 [INFO] data.preprocessor - Removed 1 outlier rows (>4.0σ).
2026-04-26 20:48:51 [INFO] data.preprocessor - Preprocessing complete -- 11,135 clean rows.
2026-04-26 20:48:51 [INFO] pipeline.trainer - Step 2/7 -- Feature engineering ...
2026-04-26 20:48:51 [INFO] features.temporal - Added 15 temporal features.
2026-04-26 20:48:51 [INFO] features.lag_features - Added 29 lag / rolling features.
2026-04-26 20:48:51 [INFO] features.categorical - Saved categorical mappings → D:\THESIS\model_trainer\artifacts\categorical_mappings.json
2026-04-26 20:48:51 [INFO] features.categorical - Encoded 4 categorical columns (110 unique values).
2026-04-26 20:48:53 [WARNING] data.news_fetcher - Failed to fetch from news_articles: {'message': "Could not find the table 'public.news_articles' in the schema cache", 'code': 'PGRST205', 'hint': "Perhaps you meant the table 'public.food_prices'", 'details': None}
2026-04-26 20:48:53 [INFO] features.news_sentiment - No news articles found -- zero-filling sentiment features.
2026-04-26 20:48:53 [INFO] pipeline.trainer - Step 3/7 -- Splitting data ...
2026-04-26 20:48:53 [INFO] pipeline.trainer - Step 4/7 -- Training LightGBM ...
2026-04-26 20:48:59 [INFO] models.lightgbm_model - LightGBM validation -- RMSE: 4.8079  MAE: 2.6454  MAPE: 2.32%
2026-04-26 20:48:59 [INFO] models.lightgbm_model - Saved LightGBM model → D:\THESIS\model_trainer\artifacts\lightgbm_model.txt
2026-04-26 20:49:07 [INFO] models.lightgbm_model - Trained quantile models for confidence intervals.
2026-04-26 20:49:07 [INFO] pipeline.trainer - Step 5/7 -- Training LSTM ...
2026-04-26 20:49:12 [INFO] models.lstm_model - Epoch   1/100  train_loss=0.171387  val_loss=0.043314
2026-04-26 20:49:42 [INFO] models.lstm_model - Epoch  10/100  train_loss=0.080843  val_loss=0.037288
2026-04-26 20:50:14 [INFO] models.lstm_model - Epoch  20/100  train_loss=0.066052  val_loss=0.035016
2026-04-26 20:50:47 [INFO] models.lstm_model - Epoch  30/100  train_loss=0.059345  val_loss=0.034171
2026-04-26 20:51:20 [INFO] models.lstm_model - Epoch  40/100  train_loss=0.052866  val_loss=0.032356
2026-04-26 20:51:48 [INFO] models.lstm_model - Epoch  50/100  train_loss=0.048636  val_loss=0.026384
2026-04-26 20:52:16 [INFO] models.lstm_model - Epoch  60/100  train_loss=0.043387  val_loss=0.025823
2026-04-26 20:52:43 [INFO] models.lstm_model - Epoch  70/100  train_loss=0.033099  val_loss=0.028068
2026-04-26 20:52:59 [INFO] models.lstm_model - Early stopping at epoch 76
2026-04-26 20:52:59 [INFO] models.lstm_model - LSTM validation -- RMSE: 18.2303  MAE: 9.2020  MAPE: 11.45%
2026-04-26 20:52:59 [INFO] pipeline.trainer - Step 6/7 -- Training ensemble ...
2026-04-26 20:52:59 [INFO] models.ensemble - Meta-model trained -- LightGBM coef: 0.5023, LSTM coef: 0.5023, intercept: -0.9126
2026-04-26 20:52:59 [INFO] models.ensemble - Ensemble (stacking) -- RMSE: 4.7709  MAE: 2.6901  MAPE: 3.08%
2026-04-26 20:52:59 [INFO] models.ensemble - Saved ensemble meta-model -> D:\THESIS\model_trainer\artifacts\ensemble_meta_model.pkl
2026-04-26 20:52:59 [INFO] pipeline.trainer - Step 7/7 -- Saving model version ...
2026-04-26 20:52:59 [INFO] models.model_store - Created model version v008_2026-04-26T12-52-59 (5 files)
2026-04-26 20:52:59 [INFO] pipeline.drift_detector - Saved reference distribution (11135 samples).
2026-04-26 20:52:59 [INFO] pipeline.trainer - === TRAINING COMPLETE ===
2026-04-26 20:52:59 [INFO] main - Training complete. Metrics: {'lgbm': {'rmse': 4.807900852146761, 'mae': 2.645375082740115, 'mape': 2.323005964440413}, 'lstm': {'rmse': 18.230260524406756, 'mae': 9.201952444077524, 'mape': 11.445132076557098}, 'ensemble': {'rmse': 4.770886862651556, 'mae': 2.6900944884095392, 'mape': 3.0831918641163036}, 'timestamp': '2026-04-26T12:52:59.723963+00:00', 'data_rows': 11135, 'mode': 'full'}
2026-04-26 21:34:10 [INFO] main - Running news scraping pipeline ...
2026-04-26 21:34:11 [INFO] data.news_scraper - === NEWS SCRAPING PIPELINE (requests + bs4) ===
2026-04-26 21:34:30 [INFO] data.news_scraper - Discovered 0 candidate articles.
2026-04-26 21:34:30 [WARNING] data.news_scraper - No articles discovered.
2026-04-26 21:34:30 [INFO] main - Scraping complete. Stats: {'scraped': 0, 'relevant': 0, 'new': 0, 'stored': 0}
2026-04-26 21:40:40 [INFO] main - Running news scraping pipeline ...
2026-04-26 21:40:40 [INFO] data.news_scraper - === NEWS SCRAPING PIPELINE (requests + bs4) ===
2026-04-26 21:40:59 [INFO] data.news_scraper - Discovered 0 candidate articles.
2026-04-26 21:40:59 [WARNING] data.news_scraper - No articles discovered.
2026-04-26 21:40:59 [INFO] main - Scraping complete. Stats: {'scraped': 0, 'relevant': 0, 'new': 0, 'stored': 0}
2026-04-26 21:41:04 [INFO] main - Running news scraping pipeline ...
2026-04-26 21:41:04 [ERROR] data.news_scraper - crawl4ai not installed. Run: pip install crawl4ai
2026-04-26 21:41:04 [INFO] main - Scraping complete. Stats: {'scraped': 0, 'relevant': 0, 'new': 0, 'stored': 0}
2026-04-26 22:08:41 [INFO] main - Running news scraping pipeline ...
2026-04-26 22:08:42 [INFO] data.news_scraper - === NEWS SCRAPING PIPELINE ===
2026-04-26 22:08:53 [INFO] data.news_scraper - Discovered 0 candidate URLs.
2026-04-26 22:08:53 [WARNING] data.news_scraper - No URLs discovered -- skipping.
2026-04-26 22:08:53 [INFO] main - Scraping complete. Stats: {'scraped': 0, 'relevant': 0, 'new': 0, 'stored': 0}
2026-04-26 22:09:21 [INFO] main - Running news scraping pipeline ...
2026-04-26 22:09:22 [INFO] data.news_scraper - === NEWS SCRAPING PIPELINE ===
2026-04-26 22:09:31 [INFO] data.news_scraper - Discovered 0 candidate URLs.
2026-04-26 22:09:31 [WARNING] data.news_scraper - No URLs discovered -- skipping.
2026-04-26 22:09:31 [INFO] main - Scraping complete. Stats: {'scraped': 0, 'relevant': 0, 'new': 0, 'stored': 0}
2026-04-26 22:18:26 [INFO] main - Running news scraping pipeline ...
2026-04-26 22:18:27 [INFO] data.news_scraper - === NEWS SCRAPING PIPELINE ===
2026-04-26 22:18:36 [INFO] main - Running news scraping pipeline ...
2026-04-26 22:18:37 [INFO] data.news_scraper - === NEWS SCRAPING PIPELINE ===
2026-04-26 22:18:49 [INFO] data.news_scraper - Discovered 0 candidate URLs.
2026-04-26 22:18:49 [WARNING] data.news_scraper - No URLs discovered -- skipping.
2026-04-26 22:18:49 [INFO] main - Scraping complete. Stats: {'scraped': 0, 'relevant': 0, 'new': 0, 'stored': 0}
2026-04-26 22:18:56 [INFO] data.news_scraper - Discovered 0 candidate URLs.
2026-04-26 22:18:56 [WARNING] data.news_scraper - No URLs discovered -- skipping.
2026-04-26 22:18:56 [INFO] main - Scraping complete. Stats: {'scraped': 0, 'relevant': 0, 'new': 0, 'stored': 0}
2026-04-26 22:19:17 [INFO] main - Running news scraping pipeline ...
2026-04-26 22:19:18 [INFO] data.news_scraper - === NEWS SCRAPING PIPELINE ===
2026-04-26 22:19:34 [INFO] data.news_scraper - Discovered 0 candidate URLs.
2026-04-26 22:19:34 [WARNING] data.news_scraper - No URLs discovered -- skipping.
2026-04-26 22:19:34 [INFO] main - Scraping complete. Stats: {'scraped': 0, 'relevant': 0, 'new': 0, 'stored': 0}
2026-04-26 22:25:08 [INFO] main - Running news scraping pipeline ...
2026-04-26 22:25:09 [INFO] data.news_scraper - === NEWS SCRAPING PIPELINE ===
2026-04-26 22:25:28 [INFO] data.news_scraper - Discovered 0 candidate URLs.
2026-04-26 22:25:28 [WARNING] data.news_scraper - No URLs discovered -- skipping.
2026-04-26 22:25:28 [INFO] main - Scraping complete. Stats: {'scraped': 0, 'relevant': 0, 'new': 0, 'stored': 0}
2026-04-26 22:26:41 [INFO] main - Running news scraping pipeline ...
2026-04-26 22:26:42 [INFO] data.news_scraper - === NEWS SCRAPING PIPELINE ===
2026-04-26 22:26:59 [INFO] data.news_scraper - Discovered 430 candidate URLs.
2026-04-26 22:28:36 [INFO] data.news_scraper - 430 new URLs to process.
2026-04-26 22:29:50 [INFO] main - Running news scraping pipeline ...
2026-04-26 22:29:51 [INFO] data.news_scraper - === NEWS SCRAPING PIPELINE ===
2026-04-26 22:30:10 [INFO] data.news_scraper - Discovered 448 candidate URLs.
2026-04-26 22:31:58 [INFO] data.news_scraper - 446 new URLs to process.
2026-04-26 22:33:05 [INFO] data.news_scraper - === SCRAPE COMPLETE === scraped=430 relevant=2 stored=2
2026-04-26 22:33:05 [INFO] main - Scraping complete. Stats: {'scraped': 430, 'relevant': 2, 'new': 430, 'stored': 2}
2026-04-26 22:35:56 [INFO] main - Running news scraping pipeline ...
2026-04-26 22:35:57 [INFO] data.news_scraper - === NEWS SCRAPING PIPELINE ===
2026-04-26 22:36:14 [INFO] data.news_scraper - Discovered 449 candidate URLs.
2026-04-26 22:38:01 [INFO] data.news_scraper - 449 new URLs to process.
2026-04-26 22:40:31 [INFO] main - Running news scraping pipeline ...
2026-04-26 22:40:32 [INFO] data.news_scraper - === NEWS SCRAPING PIPELINE ===
2026-04-26 22:40:45 [INFO] data.news_scraper - Discovered 9 candidate URLs.
2026-04-26 22:40:49 [INFO] data.news_scraper - 9 new URLs to process.
2026-04-26 22:40:58 [INFO] data.news_scraper - === SCRAPE COMPLETE === scraped=9 relevant=0 stored=0
2026-04-26 22:40:58 [INFO] main - Scraping complete. Stats: {'scraped': 9, 'relevant': 0, 'new': 9, 'stored': 0}
2026-04-26 22:43:50 [INFO] data.news_scraper - === SCRAPE COMPLETE === scraped=449 relevant=0 stored=0
2026-04-26 22:43:50 [INFO] main - Scraping complete. Stats: {'scraped': 449, 'relevant': 0, 'new': 449, 'stored': 0}
2026-04-26 23:14:26 [INFO] main - Running news scraping pipeline ...
2026-04-26 23:14:27 [INFO] data.news_scraper - Using Groq for article analysis.
2026-04-26 23:14:27 [INFO] data.news_scraper - === NEWS SCRAPING PIPELINE (ABS-CBN) ===
2026-04-26 23:14:38 [INFO] data.news_scraper - Discovered 89 article URLs from ABS-CBN.
2026-04-26 23:15:02 [INFO] data.news_scraper - 89 new URLs to process.
2026-04-26 23:15:03 [INFO] data.news_scraper - Processing [1/89]: https://www.abs-cbn.com/news/nation/2026/4/25/stalled-delivery-the-systemic-breakdown-of-phlpost-1458
2026-04-26 23:15:06 [INFO] data.news_scraper - Processing [2/89]: https://www.abs-cbn.com/lifestyle/people-culture-events/2026/4/24/weekend-agenda-ive-international-dance-day-fest-dia-del-libro-and-more-0800
2026-04-26 23:15:09 [INFO] data.news_scraper - Processing [3/89]: https://www.abs-cbn.com/entertainment/studios/tv/2026/4/26/kembot-mo-jodi-naka-showdown-si-sexbomb-jopay-kapamilya-deal-or-no-deal-2101
2026-04-26 23:15:11 [INFO] data.news_scraper - Processing [4/89]: https://www.abs-cbn.com/sports/2026/4/25/eala-s-nmez-duo-exits-madrid-open-doubles-2204
2026-04-26 23:15:13 [INFO] data.news_scraper - Processing [5/89]: https://www.abs-cbn.com/news/regions/2026/4/26/sawa-na-lumamon-ng-buong-baboy-nahuli-sa-marinduque-0830
2026-04-26 23:15:16 [INFO] data.news_scraper -   Stored: sentiment=0.00 event=general products=['Pork']
2026-04-26 23:15:16 [INFO] data.news_scraper -   ✓ Stored: Sawa na lumamon ng buong baboy, nahuli sa Marinduque | ABS-CBN News
2026-04-26 23:15:16 [INFO] data.news_scraper - Processing [6/89]: https://www.abs-cbn.com/sports/volleyball/2026/4/25/uaap-nu-men-survive-ust-thriller-clinch-no-2-seed-1602
2026-04-26 23:15:18 [INFO] data.news_scraper - Processing [7/89]: https://www.abs-cbn.com/news/technology/2026/4/24/look-zero-fees-for-middle-east-digital-transactions-1214
2026-04-26 23:15:20 [INFO] data.news_scraper - Processing [8/89]: https://www.abs-cbn.com/sports/basketball/2026/4/26/pba-smith-leads-the-way-as-converge-dominates-import-less-phoenix-1941
2026-04-26 23:15:22 [INFO] data.news_scraper - Processing [9/89]: https://www.abs-cbn.com/sports/esports/2026/4/26/team-secret-misses-playoff-stage-anew-in-2026-vct-pacific-stage-1-2156
2026-04-26 23:15:25 [INFO] data.news_scraper - Processing [10/89]: https://www.abs-cbn.com/entertainment/showbiz/movies-series/2026/4/26/matty-juniosa-heads-to-britain-s-got-talent-finals-after-fresh-golden-buzzer-win-1051
2026-04-26 23:15:27 [INFO] data.news_scraper - Processing [11/89]: https://www.abs-cbn.com/news/technology/2026/4/22/meaningful-homecoming-a-gift-for-ofws-0811
2026-04-26 23:15:30 [INFO] data.news_scraper - Processing [12/89]: https://www.abs-cbn.com/entertainment/showbiz/celebrities/2026/4/24/dream-come-true-viral-baby-bloom-shiloh-finally-meets-bini-1954
2026-04-26 23:15:32 [INFO] data.news_scraper - Processing [13/89]: https://www.abs-cbn.com/entertainment/showbiz/celebrities/2026/4/25/kimpau-charms-global-fans-during-redwood-city-stop-of-world-tour-1712
2026-04-26 23:15:34 [INFO] data.news_scraper - Processing [14/89]: https://www.abs-cbn.com/news/regions/2026/4/25/de-lima-seeks-urgent-probe-on-negros-military-operation-that-left-19-dead-1643
2026-04-26 23:15:37 [INFO] data.news_scraper - Processing [15/89]: https://www.abs-cbn.com/news/nation/2026/4/25/andres-says-icc-prosecution-ready-to-prove-credibility-of-witnesses-vs-duterte-1603
2026-04-26 23:15:39 [INFO] data.news_scraper - Processing [16/89]: https://www.abs-cbn.com/lifestyle/food-travel/2026/4/23/ph-s-inasal-adobo-in-tasteatlas-list-of-world-s-best-chicken-dishes-1716
2026-04-26 23:15:42 [INFO] data.news_scraper - Processing [17/89]: https://www.abs-cbn.com/news/regions/2026/4/24/mainit-na-kape-ipinanlaban-ng-lalaki-sa-holdaper-1120
2026-04-26 23:15:44 [INFO] data.news_scraper - Processing [18/89]: https://www.abs-cbn.com/lifestyle/health-beauty-fashion/2026/4/25/filipina-designer-turns-birthday-collection-into-celebrity-worn-jewelry-line-1400
2026-04-26 23:15:46 [INFO] data.news_scraper - Processing [19/89]: https://www.abs-cbn.com/lifestyle/people-culture-events/2026/4/25/gandingan-awards-2026-michael-delizo-abs-cbn-programs-recognized-2211
2026-04-26 23:15:49 [INFO] data.news_scraper - Processing [20/89]: https://www.abs-cbn.com/news/regions/2026/4/22/jeepney-driver-patay-matapos-barilin-sa-bacoor-cavite-0805
2026-04-26 23:15:52 [INFO] data.news_scraper - Processing [21/89]: https://www.abs-cbn.com/news/regions/2026/4/24/protesters-seek-truly-independent-probe-into-negros-occidental-clash-that-killed-19-1552
2026-04-26 23:15:54 [INFO] data.news_scraper - Processing [22/89]: https://www.abs-cbn.com/sports/othersports/2026/4/26/asian-beach-games-ph-women-s-relay-team-bags-silver-1418
2026-04-26 23:15:57 [INFO] data.news_scraper - Processing [23/89]: https://www.abs-cbn.com/news/business/2026/4/22/guarding-tubbataha-protecting-a-world-heritage-reef-1009
2026-04-26 23:16:03 [INFO] data.news_scraper -   Stored: sentiment=0.00 event=general products=['Fish']
2026-04-26 23:16:03 [INFO] data.news_scraper -   ✓ Stored: Guarding Tubbataha: Protecting a World Heritage reef | ABS-CBN News
2026-04-26 23:16:03 [INFO] data.news_scraper - Processing [24/89]: https://www.abs-cbn.com/news/regions/2026/4/26/afp-handang-humarap-sa-anumang-imbestigasyon-kaugnay-ng-engkuwentro-sa-toboso-1923
2026-04-26 23:16:05 [INFO] data.news_scraper - Processing [25/89]: https://www.abs-cbn.com/news/nation/2026/4/24/4-pulis-6-detainee-sugatan-sa-pagbangga-ng-police-mobile-sa-pader-1632
2026-04-26 23:16:08 [INFO] data.news_scraper - Processing [26/89]: https://www.abs-cbn.com/entertainment/showbiz/celebrities/2026/4/25/watch-awra-briguela-gives-grocery-packs-to-jeepney-drivers-0914
2026-04-26 23:16:10 [INFO] data.news_scraper - Processing [27/89]: https://www.abs-cbn.com/entertainment/showbiz/celebrities/2026/4/26/here-are-the-wedding-vows-of-ka-mangyan-and-julius-mantala-that-sealed-their-love-story-0938
2026-04-26 23:16:13 [INFO] data.news_scraper - Processing [28/89]: https://www.abs-cbn.com/news/nation/2026/4/25/sk-chairman-sa-maynila-inirereklamo-ng-pananakit-ng-buntis-na-kasintahan-1316
2026-04-26 23:16:15 [INFO] data.news_scraper - Processing [29/89]: https://www.abs-cbn.com/lifestyle/people-culture-events/2026/4/23/museo-del-galeon-traces-ph-s-rich-maritime-legacy-1931
2026-04-26 23:16:18 [INFO] data.news_scraper - Processing [30/89]: https://www.abs-cbn.com/sports/basketball/2026/4/25/pba-rain-or-shine-surges-past-magnolia-as-tensions-rose-in-4q-2230
2026-04-26 23:16:20 [INFO] data.news_scraper - Processing [31/89]: https://www.abs-cbn.com/news/nation/2026/4/26/ntf-elcac-warns-filipinos-abroad-vs-being-drawn-into-armed-conflict-in-ph-1100
2026-04-26 23:16:23 [INFO] data.news_scraper - Processing [32/89]: https://www.abs-cbn.com/news/regions/2026/4/25/2-patay-matapos-ma-trap-sa-treasure-hunting-tunnel-sa-panabo-city-1700
2026-04-26 23:16:25 [INFO] data.news_scraper - Processing [33/89]: https://www.abs-cbn.com/news/business/2026/4/26/recto-denies-leviste-s-accusation-of-blocking-minimum-wage-increase-1815
2026-04-26 23:16:26 [INFO] data.news_scraper - Processing [34/89]: https://www.abs-cbn.com/entertainment/showbiz/events/2026/4/24/bini-unveils-international-stops-and-ticket-selling-details-for-signals-world-tour-2026-2346
2026-04-26 23:16:29 [INFO] data.news_scraper - Processing [35/89]: https://www.abs-cbn.com/news/nation/2026/4/26/chr-probes-negros-occidental-clash-1235
2026-04-26 23:16:31 [INFO] data.news_scraper - Processing [36/89]: https://www.abs-cbn.com/entertainment/showbiz/celebrities/2026/4/26/seth-fedelin-says-there-is-no-competition-with-jmfyang-donbelle-movie-projects-we-support-them-0950
2026-04-26 23:16:33 [INFO] data.news_scraper - Processing [37/89]: https://www.abs-cbn.com/entertainment/showbiz/celebrities/2026/4/24/kiray-celis-is-pregnant-with-first-child-2126
2026-04-26 23:16:36 [INFO] data.news_scraper - Processing [38/89]: https://www.abs-cbn.com/entertainment/showbiz/celebrities/2026/4/25/riehata-sb19-team-up-for-stella-dance-jam-in-ph-japan-friendship-year-celebration-0027
2026-04-26 23:16:39 [INFO] data.news_scraper - Processing [39/89]: https://www.abs-cbn.com/entertainment/showbiz/events/2026/4/24/-one-of-the-biggest-blessings-direk-lauren-dyogi-looks-back-on-bini-s-coachella-experience-1413
2026-04-26 23:16:42 [INFO] data.news_scraper - Processing [40/89]: https://www.abs-cbn.com/news/nation/2026/4/26/doj-gets-lead-on-zaldy-co-s-capture-in-czech-republic-2019
2026-04-26 23:16:43 [INFO] data.news_scraper - Processing [41/89]: https://www.abs-cbn.com/news/business/2026/4/24/solar-panel-project-helps-communities-nationwide-1219
2026-04-26 23:16:46 [INFO] data.news_scraper - Processing [42/89]: https://www.abs-cbn.com/sports/volleyball/2026/4/26/uaap-tin-ubaldo-sets-sights-on-pvl-draft-after-completing-feu-journey-1431
2026-04-26 23:16:48 [INFO] data.news_scraper - Processing [43/89]: https://www.abs-cbn.com/news/world/2026/4/26/man-armed-with-multiple-weapons-charged-at-security-checkpoint-trump-says-2031
2026-04-26 23:16:50 [INFO] data.news_scraper - Processing [44/89]: https://www.abs-cbn.com/entertainment/showbiz/movies-series/2026/4/26/matty-juniosa-reacts-to-second-golden-buzzer-on-britain-s-got-talent-1231
2026-04-26 23:16:53 [INFO] data.news_scraper - Processing [45/89]: https://www.abs-cbn.com/lifestyle/2026/4/26/a-word-on-the-word-the-unfiltered-shepherd-known-by-name-not-by-image-0706
2026-04-26 23:16:55 [INFO] data.news_scraper - Processing [46/89]: https://www.abs-cbn.com/news/regions/2026/4/22/6-passengers-rescued-after-motorbanca-capsizes-off-occidental-mindoro-1825
2026-04-26 23:16:57 [INFO] data.news_scraper - Processing [47/89]: https://www.abs-cbn.com/news/nation/2026/4/25/pagkamatay-ng-5-detainee-sa-naaksidenteng-police-mobile-kaduda-duda-umano-1933
2026-04-26 23:16:59 [INFO] data.news_scraper - Processing [48/89]: https://www.abs-cbn.com/news/nation/2026/4/26/chairperson-ng-usc-ng-up-diliman-itinangging-npa-si-alyssa-alano-2254
2026-04-26 23:17:02 [INFO] data.news_scraper - Processing [49/89]: https://www.abs-cbn.com/lifestyle/people-culture-events/2026/4/24/international-dance-day-fest-opens-with-standout-abt-performance-1609
2026-04-26 23:17:05 [INFO] data.news_scraper - Processing [50/89]: https://www.abs-cbn.com/news/regions/2026/4/22/-parang-hindi-na-bago-ex-dilg-chief-is-marcos-new-peace-adviser-1029
2026-04-26 23:17:09 [INFO] data.news_scraper - Processing [51/89]: https://www.abs-cbn.com/news/regions/2026/4/23/-huwag-kainin-tagum-city-agri-nagbabala-sa-ninakaw-na-nakalalasong-kamoteng-kahoy-1353
2026-04-26 23:17:13 [INFO] data.news_scraper -   Stored: sentiment=0.00 event=general products=['Kamoteng Kahoy']
2026-04-26 23:17:13 [INFO] data.news_scraper -   ✓ Stored: ‘Huwag kainin’: Tagum City Agri nagbabala sa ninakaw na nakalalasong kamoteng ka
2026-04-26 23:17:13 [INFO] data.news_scraper - Processing [52/89]: https://www.abs-cbn.com/news/nation/2026/4/25/tension-flares-at-ltfrb-fuel-subsidy-payout-amid-queue-confusion-1608
2026-04-26 23:17:15 [INFO] data.news_scraper - Processing [53/89]: https://www.abs-cbn.com/news/regions/2026/4/23/3-patay-sa-operasyon-ng-pulisya-sa-zamboanga-1222
2026-04-26 23:17:18 [INFO] data.news_scraper - Processing [54/89]: https://www.abs-cbn.com/news/nation/2026/4/26/-case-closed-on-confidential-funds-misuse-unexplained-wealth-vs-sara-duterte-ridon-says-1736
2026-04-26 23:17:21 [INFO] data.news_scraper - Processing [55/89]: https://www.abs-cbn.com/sports/basketball/2026/4/26/uaap-3x3-opens-as-dela-rosa-apag-bring-fiba-experience-back-to-college-halfcourt-1708
2026-04-26 23:17:26 [INFO] data.news_scraper - Processing [56/89]: https://www.abs-cbn.com/news/nation/2026/4/24/duterte-family-an-existential-threat-to-ph-democracy-trillanes-1618
2026-04-26 23:17:28 [INFO] data.news_scraper - Processing [57/89]: https://www.abs-cbn.com/sports/volleyball/2026/4/25/uaap-tigresses-eliminate-lady-tams-to-secure-postseason-berth-1808
2026-04-26 23:17:31 [INFO] data.news_scraper - Processing [58/89]: https://www.abs-cbn.com/entertainment/studios/tv/2026/4/25/in-photos-jessy-vilma-join-luis-birthday-bash-on-kapamilya-deal-or-no-deal-pilot-episode-2133
2026-04-26 23:17:33 [INFO] data.news_scraper - Processing [59/89]: https://www.abs-cbn.com/news/nation/2026/4/26/marcos-jr-vows-gov-t-services-won-t-be-paralyzed-amid-crisis-1423
2026-04-26 23:17:35 [INFO] data.news_scraper - Processing [60/89]: https://www.abs-cbn.com/lifestyle/food-travel/2026/4/25/beng-hiang-returns-to-manila-with-hokkien-pop-up-at-edsa-shangri-la-1040
2026-04-26 23:17:37 [INFO] data.news_scraper - Processing [61/89]: https://www.abs-cbn.com/news/business/2026/4/22/look-jollibee-is-now-leed-certified-1554
2026-04-26 23:17:40 [INFO] data.news_scraper - Processing [62/89]: https://www.abs-cbn.com/entertainment/studios/tv/2026/4/26/luis-nagulat-sa-birthday-message-ni-melai-sa-kanya-kapamilya-deal-or-no-deal-2107
2026-04-26 23:17:41 [INFO] data.news_scraper - Processing [63/89]: https://www.abs-cbn.com/news/nation/2026/4/26/vp-sara-duterte-s-husband-to-file-raps-over-bank-secrecy-data-privacy-1151
2026-04-26 23:17:44 [INFO] data.news_scraper - Processing [64/89]: https://www.abs-cbn.com/news/nation/2026/4/26/vida-says-finding-zaldy-co-definitely-not-impossible-2224
2026-04-26 23:17:46 [INFO] data.news_scraper - Processing [65/89]: https://www.abs-cbn.com/lifestyle/people-culture-events/2026/4/26/anne-curtis-shares-endo-takeaways-expresses-pride-in-sister-jasmine-1059
2026-04-26 23:17:48 [INFO] data.news_scraper - Processing [66/89]: https://www.abs-cbn.com/news/health-science/2026/4/13/four-gifted-kids-create-one-animated-film-1617
2026-04-26 23:17:50 [INFO] data.news_scraper - Processing [67/89]: https://www.abs-cbn.com/news/nation/2026/4/25/remulla-confirms-freeze-order-on-romualdez-over-flood-control-probe-2234
2026-04-26 23:17:52 [INFO] data.news_scraper - Processing [68/89]: https://www.abs-cbn.com/entertainment/showbiz/celebrities/2026/4/26/exclusive-david-licauco-reveals-plans-for-his-own-resort-in-siargao-dream-big-start-small-0847
2026-04-26 23:17:55 [INFO] data.news_scraper - Processing [69/89]: https://www.abs-cbn.com/lifestyle/people-culture-events/2026/4/24/menchu-lauchengco-yulo-embraces-challenge-of-playing-maria-callas-in-master-class-1400
2026-04-26 23:17:58 [INFO] data.news_scraper - Processing [70/89]: https://www.abs-cbn.com/news/regions/2026/4/22/illegal-cigarette-manufacturing-warehouse-discovered-in-bago-city-1603
2026-04-26 23:18:01 [INFO] data.news_scraper - Processing [71/89]: https://www.abs-cbn.com/lifestyle/2026/4/26/furniture-brand-employs-charred-wood-to-elevate-local-luxury-design-1000
2026-04-26 23:18:03 [INFO] data.news_scraper - Processing [72/89]: https://www.abs-cbn.com/sports/basketball/2026/4/25/pba-bolick-hits-dagger-4-as-nlex-sinks-terrafirma-1951
2026-04-26 23:18:05 [INFO] data.news_scraper - Processing [73/89]: https://www.abs-cbn.com/news/regions/2026/4/26/tv-patrol-regional-april-26-2026-1730
2026-04-26 23:18:07 [INFO] data.news_scraper - Processing [74/89]: https://www.abs-cbn.com/entertainment/studios/tv/2026/4/26/behind-the-scenes-of-jodi-sta-maria-s-delightful-appearance-on-kapamilya-deal-or-no-deal-2118
2026-04-26 23:18:11 [INFO] data.news_scraper - Processing [75/89]: https://www.abs-cbn.com/news/nation/2026/4/26/thousands-of-advocates-gather-in-pasay-city-to-push-for-landmark-autism-inclusion-law-0952
2026-04-26 23:18:13 [INFO] data.news_scraper - Processing [76/89]: https://www.abs-cbn.com/news/regions/2026/4/24/-tao-po-mga-taga-obando-bulacan-apektado-ng-sunog-sa-navotas-landfill-2112
2026-04-26 23:18:15 [INFO] data.news_scraper - Processing [77/89]: https://www.abs-cbn.com/entertainment/studios/tv/2026/4/26/jodi-may-espesyal-na-mensahe-sa-birthday-ni-luis-kapamilya-deal-or-no-deal-2053
2026-04-26 23:18:18 [INFO] data.news_scraper - Processing [78/89]: https://www.abs-cbn.com/news/regions/2026/4/23/20-chinese-nationals-arrested-suspected-illegal-mining-discovered-in-davao-region-1714
2026-04-26 23:18:20 [INFO] data.news_scraper - Processing [79/89]: https://www.abs-cbn.com/sports/volleyball/2026/4/25/malabunga-marasigan-schnake-added-to-spikers-turf-all-star-cast-2020
2026-04-26 23:18:22 [INFO] data.news_scraper - Processing [80/89]: https://www.abs-cbn.com/lifestyle/people-culture-events/2026/4/24/cowgirls-of-masbate-rodeo-tackle-steers-stereotypes-1157
2026-04-26 23:18:24 [INFO] data.news_scraper - Processing [81/89]: https://www.abs-cbn.com/news/nation/2026/4/26/ombudsman-blasts-online-leak-of-investigators-identities-in-relation-to-plunder-probe-1705
2026-04-26 23:18:26 [INFO] data.news_scraper - Processing [82/89]: https://www.abs-cbn.com/news/nation/2026/4/25/truck-bumulusok-sa-bangketa-sa-marikina-2-patay-1943
2026-04-26 23:18:28 [INFO] data.news_scraper - Processing [83/89]: https://www.abs-cbn.com/sports/volleyball/2026/4/25/uaap-di-ako-nag-final-year-para-lang-matalo-says-pepito-as-ust-enters-final-4-1936
2026-04-26 23:18:31 [INFO] data.news_scraper - Processing [84/89]: https://www.abs-cbn.com/entertainment/showbiz/celebrities/2026/4/25/bini-jhoanna-fulfills-broadcasting-dream-with-surprise-weather-forecast-on-good-day-la-1507
2026-04-26 23:18:33 [INFO] data.news_scraper - Processing [85/89]: https://www.abs-cbn.com/sports/basketball/2026/4/26/pba-ginebra-fends-off-titan-ultra-to-punch-quarterfinal-ticket-2222
2026-04-26 23:18:36 [INFO] data.news_scraper - Processing [86/89]: https://www.abs-cbn.com/news/regions/2026/4/26/consultant-ng-pribadong-kompanya-sa-calamba-patay-sa-ambush-1949
2026-04-26 23:18:37 [INFO] data.news_scraper - Processing [87/89]: https://www.abs-cbn.com/news/regions/2026/4/26/company-consultant-patay-sa-pananambang-sa-calamba-laguna-1827
2026-04-26 23:18:40 [INFO] data.news_scraper - Processing [88/89]: https://www.abs-cbn.com/entertainment/showbiz/celebrities/2026/4/26/piolo-pascual-on-still-being-a-heartthrob-at-49-it-s-not-going-to-be-like-that-forever-1240
2026-04-26 23:18:42 [INFO] data.news_scraper - Processing [89/89]: https://www.abs-cbn.com/entertainment/showbiz/celebrities/2026/4/25/dan-villegas-all-praises-for-jm-ibarra-and-fyang-smith-they-exceeded-my-expectations-2144
2026-04-26 23:18:45 [INFO] data.news_scraper - === SCRAPE COMPLETE === discovered=89 new=89 relevant=3 stored=3
2026-04-26 23:18:45 [INFO] main - Scraping complete. Stats: {'discovered': 89, 'new': 89, 'relevant': 3, 'stored': 3}
2026-04-26 23:34:02 [INFO] main - Running news scraping pipeline ...
2026-04-26 23:34:03 [INFO] data.news_scraper - === NEWS SCRAPING PIPELINE (ABS-CBN) === LLM: Groq (llama-3.3-70b)
2026-04-26 23:34:26 [INFO] data.news_scraper - Discovered 89 article URLs.
2026-04-26 23:34:49 [INFO] data.news_scraper - 89 new URLs to process.
2026-04-26 23:34:50 [INFO] data.news_scraper - [1/89] https://www.abs-cbn.com/news/regions/2026/4/23/20-chinese-nationals-arrested-suspected-illegal-mining-discovered-in-davao-region-1714
2026-04-26 23:34:53 [INFO] data.news_scraper - [2/89] https://www.abs-cbn.com/sports/volleyball/2026/4/25/uaap-di-ako-nag-final-year-para-lang-matalo-says-pepito-as-ust-enters-final-4-1936
2026-04-26 23:34:55 [INFO] data.news_scraper - [3/89] https://www.abs-cbn.com/news/nation/2026/4/26/chr-probes-negros-occidental-clash-1235
2026-04-26 23:34:58 [INFO] data.news_scraper - [4/89] https://www.abs-cbn.com/sports/volleyball/2026/4/25/uaap-nu-men-survive-ust-thriller-clinch-no-2-seed-1602
2026-04-26 23:35:00 [INFO] data.news_scraper - [5/89] https://www.abs-cbn.com/entertainment/showbiz/movies-series/2026/4/26/matty-juniosa-heads-to-britain-s-got-talent-finals-after-fresh-golden-buzzer-win-1051
2026-04-26 23:35:02 [INFO] data.news_scraper - [6/89] https://www.abs-cbn.com/lifestyle/food-travel/2026/4/25/beng-hiang-returns-to-manila-with-hokkien-pop-up-at-edsa-shangri-la-1040
2026-04-26 23:35:05 [INFO] data.news_scraper - [7/89] https://www.abs-cbn.com/news/nation/2026/4/26/marcos-jr-vows-gov-t-services-won-t-be-paralyzed-amid-crisis-1423
2026-04-26 23:35:07 [INFO] data.news_scraper - [8/89] https://www.abs-cbn.com/news/nation/2026/4/25/andres-says-icc-prosecution-ready-to-prove-credibility-of-witnesses-vs-duterte-1603
2026-04-26 23:35:09 [INFO] data.news_scraper - [9/89] https://www.abs-cbn.com/sports/volleyball/2026/4/25/uaap-tigresses-eliminate-lady-tams-to-secure-postseason-berth-1808
2026-04-26 23:35:12 [INFO] data.news_scraper - [10/89] https://www.abs-cbn.com/entertainment/showbiz/celebrities/2026/4/24/kiray-celis-is-pregnant-with-first-child-2126
2026-04-26 23:35:14 [INFO] data.news_scraper - [11/89] https://www.abs-cbn.com/lifestyle/people-culture-events/2026/4/26/anne-curtis-shares-endo-takeaways-expresses-pride-in-sister-jasmine-1059
2026-04-26 23:35:17 [INFO] data.news_scraper - [12/89] https://www.abs-cbn.com/sports/esports/2026/4/26/team-secret-misses-playoff-stage-anew-in-2026-vct-pacific-stage-1-2156
2026-04-26 23:35:20 [INFO] data.news_scraper - [13/89] https://www.abs-cbn.com/news/technology/2026/4/22/meaningful-homecoming-a-gift-for-ofws-0811
2026-04-26 23:35:22 [INFO] data.news_scraper - [14/89] https://www.abs-cbn.com/news/nation/2026/4/26/-case-closed-on-confidential-funds-misuse-unexplained-wealth-vs-sara-duterte-ridon-says-1736
2026-04-26 23:35:24 [INFO] data.news_scraper - [15/89] https://www.abs-cbn.com/lifestyle/people-culture-events/2026/4/24/weekend-agenda-ive-international-dance-day-fest-dia-del-libro-and-more-0800
2026-04-26 23:35:26 [INFO] data.news_scraper - [16/89] https://www.abs-cbn.com/news/nation/2026/4/26/vida-says-finding-zaldy-co-definitely-not-impossible-2224
2026-04-26 23:35:28 [INFO] data.news_scraper - [17/89] https://www.abs-cbn.com/entertainment/showbiz/events/2026/4/24/bini-unveils-international-stops-and-ticket-selling-details-for-signals-world-tour-2026-2346
2026-04-26 23:35:31 [INFO] data.news_scraper - [18/89] https://www.abs-cbn.com/news/nation/2026/4/26/ntf-elcac-warns-filipinos-abroad-vs-being-drawn-into-armed-conflict-in-ph-1100
2026-04-26 23:35:33 [INFO] data.news_scraper - [19/89] https://www.abs-cbn.com/entertainment/showbiz/celebrities/2026/4/26/piolo-pascual-on-still-being-a-heartthrob-at-49-it-s-not-going-to-be-like-that-forever-1240
2026-04-26 23:35:37 [INFO] data.news_scraper - [20/89] https://www.abs-cbn.com/entertainment/showbiz/movies-series/2026/4/26/matty-juniosa-reacts-to-second-golden-buzzer-on-britain-s-got-talent-1231
2026-04-26 23:35:39 [INFO] data.news_scraper - [21/89] https://www.abs-cbn.com/news/regions/2026/4/22/illegal-cigarette-manufacturing-warehouse-discovered-in-bago-city-1603
2026-04-26 23:35:42 [INFO] data.news_scraper - [22/89] https://www.abs-cbn.com/news/nation/2026/4/26/doj-gets-lead-on-zaldy-co-s-capture-in-czech-republic-2019
2026-04-26 23:35:44 [INFO] data.news_scraper - [23/89] https://www.abs-cbn.com/sports/2026/4/25/eala-s-nmez-duo-exits-madrid-open-doubles-2204
2026-04-26 23:35:47 [INFO] data.news_scraper - [24/89] https://www.abs-cbn.com/news/nation/2026/4/25/stalled-delivery-the-systemic-breakdown-of-phlpost-1458
2026-04-26 23:35:49 [INFO] data.news_scraper - [25/89] https://www.abs-cbn.com/news/regions/2026/4/26/consultant-ng-pribadong-kompanya-sa-calamba-patay-sa-ambush-1949
2026-04-26 23:35:51 [INFO] data.news_scraper - [26/89] https://www.abs-cbn.com/news/regions/2026/4/25/2-patay-matapos-ma-trap-sa-treasure-hunting-tunnel-sa-panabo-city-1700
2026-04-26 23:35:53 [INFO] data.news_scraper - [27/89] https://www.abs-cbn.com/entertainment/showbiz/celebrities/2026/4/26/seth-fedelin-says-there-is-no-competition-with-jmfyang-donbelle-movie-projects-we-support-them-0950
2026-04-26 23:35:56 [INFO] data.news_scraper - [28/89] https://www.abs-cbn.com/news/regions/2026/4/22/6-passengers-rescued-after-motorbanca-capsizes-off-occidental-mindoro-1825
2026-04-26 23:35:58 [INFO] data.news_scraper - [29/89] https://www.abs-cbn.com/lifestyle/people-culture-events/2026/4/25/gandingan-awards-2026-michael-delizo-abs-cbn-programs-recognized-2211
2026-04-26 23:36:00 [INFO] data.news_scraper - [30/89] https://www.abs-cbn.com/news/health-science/2026/4/13/four-gifted-kids-create-one-animated-film-1617
2026-04-26 23:36:02 [INFO] data.news_scraper - [31/89] https://www.abs-cbn.com/entertainment/studios/tv/2026/4/26/behind-the-scenes-of-jodi-sta-maria-s-delightful-appearance-on-kapamilya-deal-or-no-deal-2118
2026-04-26 23:36:05 [INFO] data.news_scraper - [32/89] https://www.abs-cbn.com/news/business/2026/4/26/recto-denies-leviste-s-accusation-of-blocking-minimum-wage-increase-1815
2026-04-26 23:36:08 [INFO] data.news_scraper - [33/89] https://www.abs-cbn.com/news/technology/2026/4/24/look-zero-fees-for-middle-east-digital-transactions-1214
2026-04-26 23:36:10 [INFO] data.news_scraper - [34/89] https://www.abs-cbn.com/news/regions/2026/4/26/tv-patrol-regional-april-26-2026-1730
2026-04-26 23:36:12 [INFO] data.news_scraper - [35/89] https://www.abs-cbn.com/entertainment/showbiz/celebrities/2026/4/25/dan-villegas-all-praises-for-jm-ibarra-and-fyang-smith-they-exceeded-my-expectations-2144
2026-04-26 23:36:14 [INFO] data.news_scraper - [36/89] https://www.abs-cbn.com/entertainment/showbiz/celebrities/2026/4/25/kimpau-charms-global-fans-during-redwood-city-stop-of-world-tour-1712
2026-04-26 23:36:17 [INFO] data.news_scraper - [37/89] https://www.abs-cbn.com/sports/volleyball/2026/4/26/uaap-tin-ubaldo-sets-sights-on-pvl-draft-after-completing-feu-journey-1431
2026-04-26 23:36:19 [INFO] data.news_scraper - [38/89] https://www.abs-cbn.com/entertainment/showbiz/celebrities/2026/4/25/bini-jhoanna-fulfills-broadcasting-dream-with-surprise-weather-forecast-on-good-day-la-1507
2026-04-26 23:36:21 [INFO] data.news_scraper - [39/89] https://www.abs-cbn.com/sports/basketball/2026/4/26/pba-smith-leads-the-way-as-converge-dominates-import-less-phoenix-1941
2026-04-26 23:36:23 [INFO] data.news_scraper - [40/89] https://www.abs-cbn.com/sports/basketball/2026/4/26/uaap-3x3-opens-as-dela-rosa-apag-bring-fiba-experience-back-to-college-halfcourt-1708
2026-04-26 23:36:25 [INFO] data.news_scraper - [41/89] https://www.abs-cbn.com/entertainment/showbiz/celebrities/2026/4/25/watch-awra-briguela-gives-grocery-packs-to-jeepney-drivers-0914
2026-04-26 23:36:27 [INFO] data.news_scraper - [42/89] https://www.abs-cbn.com/news/nation/2026/4/25/tension-flares-at-ltfrb-fuel-subsidy-payout-amid-queue-confusion-1608
2026-04-26 23:36:30 [INFO] data.news_scraper - [43/89] https://www.abs-cbn.com/entertainment/showbiz/events/2026/4/24/-one-of-the-biggest-blessings-direk-lauren-dyogi-looks-back-on-bini-s-coachella-experience-1413
2026-04-26 23:36:32 [INFO] data.news_scraper - [44/89] https://www.abs-cbn.com/news/business/2026/4/24/solar-panel-project-helps-communities-nationwide-1219
2026-04-26 23:36:34 [INFO] data.news_scraper - [45/89] https://www.abs-cbn.com/lifestyle/people-culture-events/2026/4/23/museo-del-galeon-traces-ph-s-rich-maritime-legacy-1931
2026-04-26 23:36:36 [INFO] data.news_scraper - [46/89] https://www.abs-cbn.com/news/business/2026/4/22/look-jollibee-is-now-leed-certified-1554
2026-04-26 23:36:38 [INFO] data.news_scraper - [47/89] https://www.abs-cbn.com/lifestyle/2026/4/26/a-word-on-the-word-the-unfiltered-shepherd-known-by-name-not-by-image-0706
2026-04-26 23:36:40 [INFO] data.news_scraper - [48/89] https://www.abs-cbn.com/news/regions/2026/4/22/jeepney-driver-patay-matapos-barilin-sa-bacoor-cavite-0805
2026-04-26 23:36:43 [INFO] data.news_scraper - [49/89] https://www.abs-cbn.com/news/nation/2026/4/26/ombudsman-blasts-online-leak-of-investigators-identities-in-relation-to-plunder-probe-1705
2026-04-26 23:36:45 [INFO] data.news_scraper - [50/89] https://www.abs-cbn.com/entertainment/showbiz/celebrities/2026/4/25/riehata-sb19-team-up-for-stella-dance-jam-in-ph-japan-friendship-year-celebration-0027
2026-04-26 23:36:48 [INFO] data.news_scraper - [51/89] https://www.abs-cbn.com/sports/volleyball/2026/4/25/malabunga-marasigan-schnake-added-to-spikers-turf-all-star-cast-2020
2026-04-26 23:36:50 [INFO] data.news_scraper - [52/89] https://www.abs-cbn.com/entertainment/showbiz/celebrities/2026/4/26/here-are-the-wedding-vows-of-ka-mangyan-and-julius-mantala-that-sealed-their-love-story-0938
2026-04-26 23:36:52 [INFO] data.news_scraper - [53/89] https://www.abs-cbn.com/news/nation/2026/4/26/vp-sara-duterte-s-husband-to-file-raps-over-bank-secrecy-data-privacy-1151
2026-04-26 23:36:54 [INFO] data.news_scraper - [54/89] https://www.abs-cbn.com/entertainment/showbiz/celebrities/2026/4/24/dream-come-true-viral-baby-bloom-shiloh-finally-meets-bini-1954
2026-04-26 23:36:56 [INFO] data.news_scraper - [55/89] https://www.abs-cbn.com/news/world/2026/4/26/man-armed-with-multiple-weapons-charged-at-security-checkpoint-trump-says-2031
2026-04-26 23:36:58 [INFO] data.news_scraper - [56/89] https://www.abs-cbn.com/news/regions/2026/4/23/3-patay-sa-operasyon-ng-pulisya-sa-zamboanga-1222
2026-04-26 23:37:01 [INFO] data.news_scraper - [57/89] https://www.abs-cbn.com/news/regions/2026/4/26/company-consultant-patay-sa-pananambang-sa-calamba-laguna-1827
2026-04-26 23:37:03 [INFO] data.news_scraper - [58/89] https://www.abs-cbn.com/lifestyle/food-travel/2026/4/23/ph-s-inasal-adobo-in-tasteatlas-list-of-world-s-best-chicken-dishes-1716
2026-04-26 23:37:05 [INFO] data.news_scraper - [59/89] https://www.abs-cbn.com/entertainment/studios/tv/2026/4/26/luis-nagulat-sa-birthday-message-ni-melai-sa-kanya-kapamilya-deal-or-no-deal-2107
2026-04-26 23:37:07 [INFO] data.news_scraper - [60/89] https://www.abs-cbn.com/entertainment/showbiz/celebrities/2026/4/26/exclusive-david-licauco-reveals-plans-for-his-own-resort-in-siargao-dream-big-start-small-0847
2026-04-26 23:37:09 [INFO] data.news_scraper - [61/89] https://www.abs-cbn.com/lifestyle/people-culture-events/2026/4/24/international-dance-day-fest-opens-with-standout-abt-performance-1609
2026-04-26 23:37:11 [INFO] data.news_scraper - [62/89] https://www.abs-cbn.com/sports/basketball/2026/4/25/pba-rain-or-shine-surges-past-magnolia-as-tensions-rose-in-4q-2230
2026-04-26 23:37:14 [INFO] data.news_scraper - [63/89] https://www.abs-cbn.com/news/nation/2026/4/24/duterte-family-an-existential-threat-to-ph-democracy-trillanes-1618
2026-04-26 23:37:16 [INFO] data.news_scraper - [64/89] https://www.abs-cbn.com/news/regions/2026/4/24/-tao-po-mga-taga-obando-bulacan-apektado-ng-sunog-sa-navotas-landfill-2112
2026-04-26 23:37:18 [INFO] data.news_scraper - [65/89] https://www.abs-cbn.com/news/regions/2026/4/25/de-lima-seeks-urgent-probe-on-negros-military-operation-that-left-19-dead-1643
2026-04-26 23:37:19 [INFO] data.news_scraper - [66/89] https://www.abs-cbn.com/news/regions/2026/4/22/-parang-hindi-na-bago-ex-dilg-chief-is-marcos-new-peace-adviser-1029
2026-04-26 23:37:21 [INFO] data.news_scraper - [67/89] https://www.abs-cbn.com/news/nation/2026/4/26/chairperson-ng-usc-ng-up-diliman-itinangging-npa-si-alyssa-alano-2254
2026-04-26 23:37:24 [INFO] data.news_scraper - [68/89] https://www.abs-cbn.com/news/nation/2026/4/25/truck-bumulusok-sa-bangketa-sa-marikina-2-patay-1943
2026-04-26 23:37:25 [INFO] data.news_scraper - [69/89] https://www.abs-cbn.com/sports/othersports/2026/4/26/asian-beach-games-ph-women-s-relay-team-bags-silver-1418
2026-04-26 23:37:27 [INFO] data.news_scraper - [70/89] https://www.abs-cbn.com/news/regions/2026/4/26/afp-handang-humarap-sa-anumang-imbestigasyon-kaugnay-ng-engkuwentro-sa-toboso-1923
2026-04-26 23:37:30 [INFO] data.news_scraper - [71/89] https://www.abs-cbn.com/lifestyle/health-beauty-fashion/2026/4/25/filipina-designer-turns-birthday-collection-into-celebrity-worn-jewelry-line-1400
2026-04-26 23:37:32 [INFO] data.news_scraper - [72/89] https://www.abs-cbn.com/news/regions/2026/4/23/-huwag-kainin-tagum-city-agri-nagbabala-sa-ninakaw-na-nakalalasong-kamoteng-kahoy-1353
2026-04-26 23:37:34 [INFO] data.news_scraper - [73/89] https://www.abs-cbn.com/entertainment/studios/tv/2026/4/26/jodi-may-espesyal-na-mensahe-sa-birthday-ni-luis-kapamilya-deal-or-no-deal-2053
2026-04-26 23:37:36 [INFO] data.news_scraper - [74/89] https://www.abs-cbn.com/news/regions/2026/4/24/protesters-seek-truly-independent-probe-into-negros-occidental-clash-that-killed-19-1552
2026-04-26 23:37:38 [INFO] data.news_scraper - [75/89] https://www.abs-cbn.com/news/nation/2026/4/24/4-pulis-6-detainee-sugatan-sa-pagbangga-ng-police-mobile-sa-pader-1632
2026-04-26 23:37:41 [INFO] data.news_scraper - [76/89] https://www.abs-cbn.com/news/regions/2026/4/26/sawa-na-lumamon-ng-buong-baboy-nahuli-sa-marinduque-0830
2026-04-26 23:37:43 [INFO] data.news_scraper - [77/89] https://www.abs-cbn.com/news/nation/2026/4/25/sk-chairman-sa-maynila-inirereklamo-ng-pananakit-ng-buntis-na-kasintahan-1316
2026-04-26 23:37:46 [INFO] data.news_scraper - [78/89] https://www.abs-cbn.com/entertainment/studios/tv/2026/4/25/in-photos-jessy-vilma-join-luis-birthday-bash-on-kapamilya-deal-or-no-deal-pilot-episode-2133
2026-04-26 23:37:48 [INFO] data.news_scraper - [79/89] https://www.abs-cbn.com/news/nation/2026/4/25/remulla-confirms-freeze-order-on-romualdez-over-flood-control-probe-2234
2026-04-26 23:37:50 [INFO] data.news_scraper - [80/89] https://www.abs-cbn.com/entertainment/studios/tv/2026/4/26/kembot-mo-jodi-naka-showdown-si-sexbomb-jopay-kapamilya-deal-or-no-deal-2101
2026-04-26 23:37:52 [INFO] data.news_scraper - [81/89] https://www.abs-cbn.com/sports/basketball/2026/4/25/pba-bolick-hits-dagger-4-as-nlex-sinks-terrafirma-1951
2026-04-26 23:37:54 [INFO] data.news_scraper - [82/89] https://www.abs-cbn.com/lifestyle/people-culture-events/2026/4/24/cowgirls-of-masbate-rodeo-tackle-steers-stereotypes-1157
2026-04-26 23:37:56 [INFO] data.news_scraper - [83/89] https://www.abs-cbn.com/lifestyle/2026/4/26/furniture-brand-employs-charred-wood-to-elevate-local-luxury-design-1000
2026-04-26 23:37:58 [INFO] data.news_scraper - [84/89] https://www.abs-cbn.com/news/regions/2026/4/24/mainit-na-kape-ipinanlaban-ng-lalaki-sa-holdaper-1120
2026-04-26 23:38:00 [INFO] data.news_scraper - [85/89] https://www.abs-cbn.com/sports/basketball/2026/4/26/pba-ginebra-fends-off-titan-ultra-to-punch-quarterfinal-ticket-2222
2026-04-26 23:38:02 [INFO] data.news_scraper - [86/89] https://www.abs-cbn.com/lifestyle/people-culture-events/2026/4/24/menchu-lauchengco-yulo-embraces-challenge-of-playing-maria-callas-in-master-class-1400
2026-04-26 23:38:04 [INFO] data.news_scraper - [87/89] https://www.abs-cbn.com/news/business/2026/4/22/guarding-tubbataha-protecting-a-world-heritage-reef-1009
2026-04-26 23:38:06 [INFO] data.news_scraper - [88/89] https://www.abs-cbn.com/news/nation/2026/4/26/thousands-of-advocates-gather-in-pasay-city-to-push-for-landmark-autism-inclusion-law-0952
2026-04-26 23:38:08 [INFO] data.news_scraper - [89/89] https://www.abs-cbn.com/news/nation/2026/4/25/pagkamatay-ng-5-detainee-sa-naaksidenteng-police-mobile-kaduda-duda-umano-1933
2026-04-26 23:38:10 [INFO] data.news_scraper - === SCRAPE COMPLETE === discovered=89 new=89 relevant=0 stored=0
2026-04-26 23:38:10 [INFO] main - Scraping complete. Stats: {'discovered': 89, 'new': 89, 'relevant': 0, 'stored': 0}
2026-04-26 23:39:46 [INFO] main - Running news scraping pipeline ...
2026-04-26 23:39:47 [INFO] data.news_scraper - === NEWS SCRAPING PIPELINE (ABS-CBN) === LLM: Groq (llama-3.3-70b)
2026-04-26 23:40:07 [INFO] data.news_scraper - Discovered 89 article URLs.
2026-04-26 23:40:30 [INFO] data.news_scraper - 89 new URLs to process.
2026-04-26 23:40:31 [INFO] data.news_scraper - [1/89] https://www.abs-cbn.com/news/technology/2026/4/24/look-zero-fees-for-middle-east-digital-transactions-1214
2026-04-26 23:40:33 [INFO] data.news_scraper - [2/89] https://www.abs-cbn.com/news/regions/2026/4/22/6-passengers-rescued-after-motorbanca-capsizes-off-occidental-mindoro-1825
2026-04-26 23:40:35 [INFO] data.news_scraper - [3/89] https://www.abs-cbn.com/entertainment/showbiz/celebrities/2026/4/26/piolo-pascual-on-still-being-a-heartthrob-at-49-it-s-not-going-to-be-like-that-forever-1240
2026-04-26 23:40:37 [INFO] data.news_scraper - [4/89] https://www.abs-cbn.com/news/regions/2026/4/25/2-patay-matapos-ma-trap-sa-treasure-hunting-tunnel-sa-panabo-city-1700
2026-04-26 23:40:40 [INFO] data.news_scraper - [5/89] https://www.abs-cbn.com/news/nation/2026/4/25/andres-says-icc-prosecution-ready-to-prove-credibility-of-witnesses-vs-duterte-1603
2026-04-26 23:40:41 [INFO] data.news_scraper - [6/89] https://www.abs-cbn.com/news/technology/2026/4/22/meaningful-homecoming-a-gift-for-ofws-0811
2026-04-26 23:40:43 [INFO] data.news_scraper - [7/89] https://www.abs-cbn.com/news/regions/2026/4/23/3-patay-sa-operasyon-ng-pulisya-sa-zamboanga-1222
2026-04-26 23:40:46 [INFO] data.news_scraper - [8/89] https://www.abs-cbn.com/lifestyle/2026/4/26/furniture-brand-employs-charred-wood-to-elevate-local-luxury-design-1000
2026-04-26 23:40:47 [INFO] data.news_scraper - [9/89] https://www.abs-cbn.com/entertainment/studios/tv/2026/4/26/behind-the-scenes-of-jodi-sta-maria-s-delightful-appearance-on-kapamilya-deal-or-no-deal-2118
2026-04-26 23:40:50 [INFO] data.news_scraper - [10/89] https://www.abs-cbn.com/news/regions/2026/4/25/de-lima-seeks-urgent-probe-on-negros-military-operation-that-left-19-dead-1643
2026-04-26 23:40:52 [INFO] data.news_scraper - [11/89] https://www.abs-cbn.com/lifestyle/people-culture-events/2026/4/24/cowgirls-of-masbate-rodeo-tackle-steers-stereotypes-1157
2026-04-26 23:40:53 [INFO] data.news_scraper - [12/89] https://www.abs-cbn.com/sports/volleyball/2026/4/25/uaap-nu-men-survive-ust-thriller-clinch-no-2-seed-1602
2026-04-26 23:40:55 [INFO] data.news_scraper - [13/89] https://www.abs-cbn.com/news/nation/2026/4/26/vida-says-finding-zaldy-co-definitely-not-impossible-2224
2026-04-26 23:40:57 [INFO] data.news_scraper - [14/89] https://www.abs-cbn.com/news/regions/2026/4/26/sawa-na-lumamon-ng-buong-baboy-nahuli-sa-marinduque-0830
2026-04-26 23:40:59 [INFO] data.news_scraper - [15/89] https://www.abs-cbn.com/news/regions/2026/4/23/-huwag-kainin-tagum-city-agri-nagbabala-sa-ninakaw-na-nakalalasong-kamoteng-kahoy-1353
2026-04-26 23:41:01 [INFO] data.news_scraper - [16/89] https://www.abs-cbn.com/sports/basketball/2026/4/25/pba-bolick-hits-dagger-4-as-nlex-sinks-terrafirma-1951
2026-04-26 23:41:03 [INFO] data.news_scraper - [17/89] https://www.abs-cbn.com/entertainment/showbiz/movies-series/2026/4/26/matty-juniosa-reacts-to-second-golden-buzzer-on-britain-s-got-talent-1231
2026-04-26 23:41:04 [INFO] data.news_scraper - [18/89] https://www.abs-cbn.com/sports/basketball/2026/4/26/uaap-3x3-opens-as-dela-rosa-apag-bring-fiba-experience-back-to-college-halfcourt-1708
2026-04-26 23:41:06 [INFO] data.news_scraper - [19/89] https://www.abs-cbn.com/news/nation/2026/4/26/thousands-of-advocates-gather-in-pasay-city-to-push-for-landmark-autism-inclusion-law-0952
2026-04-26 23:41:08 [INFO] data.news_scraper - [20/89] https://www.abs-cbn.com/news/regions/2026/4/24/protesters-seek-truly-independent-probe-into-negros-occidental-clash-that-killed-19-1552
2026-04-26 23:41:10 [INFO] data.news_scraper - [21/89] https://www.abs-cbn.com/news/health-science/2026/4/13/four-gifted-kids-create-one-animated-film-1617
2026-04-26 23:41:12 [INFO] data.news_scraper - [22/89] https://www.abs-cbn.com/news/nation/2026/4/24/duterte-family-an-existential-threat-to-ph-democracy-trillanes-1618
2026-04-26 23:41:14 [INFO] data.news_scraper - [23/89] https://www.abs-cbn.com/entertainment/studios/tv/2026/4/26/jodi-may-espesyal-na-mensahe-sa-birthday-ni-luis-kapamilya-deal-or-no-deal-2053
2026-04-26 23:41:15 [INFO] data.news_scraper - [24/89] https://www.abs-cbn.com/sports/basketball/2026/4/25/pba-rain-or-shine-surges-past-magnolia-as-tensions-rose-in-4q-2230
2026-04-26 23:41:17 [INFO] data.news_scraper - [25/89] https://www.abs-cbn.com/sports/volleyball/2026/4/26/uaap-tin-ubaldo-sets-sights-on-pvl-draft-after-completing-feu-journey-1431
2026-04-26 23:41:19 [INFO] data.news_scraper - [26/89] https://www.abs-cbn.com/news/nation/2026/4/26/ombudsman-blasts-online-leak-of-investigators-identities-in-relation-to-plunder-probe-1705
2026-04-26 23:41:21 [INFO] data.news_scraper - [27/89] https://www.abs-cbn.com/lifestyle/people-culture-events/2026/4/25/gandingan-awards-2026-michael-delizo-abs-cbn-programs-recognized-2211
2026-04-26 23:41:23 [INFO] data.news_scraper - [28/89] https://www.abs-cbn.com/entertainment/showbiz/celebrities/2026/4/26/here-are-the-wedding-vows-of-ka-mangyan-and-julius-mantala-that-sealed-their-love-story-0938
2026-04-26 23:41:26 [INFO] data.news_scraper - [29/89] https://www.abs-cbn.com/lifestyle/people-culture-events/2026/4/24/international-dance-day-fest-opens-with-standout-abt-performance-1609
2026-04-26 23:41:27 [INFO] data.news_scraper - [30/89] https://www.abs-cbn.com/news/regions/2026/4/22/-parang-hindi-na-bago-ex-dilg-chief-is-marcos-new-peace-adviser-1029
2026-04-26 23:41:30 [INFO] data.news_scraper - [31/89] https://www.abs-cbn.com/news/nation/2026/4/26/-case-closed-on-confidential-funds-misuse-unexplained-wealth-vs-sara-duterte-ridon-says-1736
2026-04-26 23:41:31 [INFO] data.news_scraper - [32/89] https://www.abs-cbn.com/sports/othersports/2026/4/26/asian-beach-games-ph-women-s-relay-team-bags-silver-1418
2026-04-26 23:41:33 [INFO] data.news_scraper - [33/89] https://www.abs-cbn.com/lifestyle/food-travel/2026/4/25/beng-hiang-returns-to-manila-with-hokkien-pop-up-at-edsa-shangri-la-1040
2026-04-26 23:41:35 [INFO] data.news_scraper - [34/89] https://www.abs-cbn.com/news/regions/2026/4/23/20-chinese-nationals-arrested-suspected-illegal-mining-discovered-in-davao-region-1714
2026-04-26 23:41:36 [INFO] data.news_scraper - [35/89] https://www.abs-cbn.com/news/nation/2026/4/25/stalled-delivery-the-systemic-breakdown-of-phlpost-1458
2026-04-26 23:41:38 [INFO] data.news_scraper - [36/89] https://www.abs-cbn.com/news/nation/2026/4/25/truck-bumulusok-sa-bangketa-sa-marikina-2-patay-1943
2026-04-26 23:41:40 [INFO] data.news_scraper - [37/89] https://www.abs-cbn.com/news/nation/2026/4/24/4-pulis-6-detainee-sugatan-sa-pagbangga-ng-police-mobile-sa-pader-1632
2026-04-26 23:41:42 [INFO] data.news_scraper - [38/89] https://www.abs-cbn.com/lifestyle/health-beauty-fashion/2026/4/25/filipina-designer-turns-birthday-collection-into-celebrity-worn-jewelry-line-1400
2026-04-26 23:41:44 [INFO] data.news_scraper - [39/89] https://www.abs-cbn.com/lifestyle/people-culture-events/2026/4/24/weekend-agenda-ive-international-dance-day-fest-dia-del-libro-and-more-0800
2026-04-26 23:41:46 [INFO] data.news_scraper - [40/89] https://www.abs-cbn.com/lifestyle/people-culture-events/2026/4/26/anne-curtis-shares-endo-takeaways-expresses-pride-in-sister-jasmine-1059
2026-04-26 23:41:47 [INFO] data.news_scraper - [41/89] https://www.abs-cbn.com/news/regions/2026/4/22/jeepney-driver-patay-matapos-barilin-sa-bacoor-cavite-0805
2026-04-26 23:41:49 [INFO] data.news_scraper - [42/89] https://www.abs-cbn.com/entertainment/showbiz/celebrities/2026/4/24/dream-come-true-viral-baby-bloom-shiloh-finally-meets-bini-1954
2026-04-26 23:41:51 [INFO] data.news_scraper - [43/89] https://www.abs-cbn.com/news/business/2026/4/26/recto-denies-leviste-s-accusation-of-blocking-minimum-wage-increase-1815
2026-04-26 23:41:53 [INFO] data.news_scraper - [44/89] https://www.abs-cbn.com/entertainment/showbiz/celebrities/2026/4/26/seth-fedelin-says-there-is-no-competition-with-jmfyang-donbelle-movie-projects-we-support-them-0950
2026-04-26 23:41:55 [INFO] data.news_scraper - [45/89] https://www.abs-cbn.com/entertainment/studios/tv/2026/4/26/kembot-mo-jodi-naka-showdown-si-sexbomb-jopay-kapamilya-deal-or-no-deal-2101
2026-04-26 23:41:57 [INFO] data.news_scraper - [46/89] https://www.abs-cbn.com/sports/volleyball/2026/4/25/uaap-tigresses-eliminate-lady-tams-to-secure-postseason-berth-1808
2026-04-26 23:41:59 [INFO] data.news_scraper - [47/89] https://www.abs-cbn.com/sports/basketball/2026/4/26/pba-smith-leads-the-way-as-converge-dominates-import-less-phoenix-1941
2026-04-26 23:42:01 [INFO] data.news_scraper - [48/89] https://www.abs-cbn.com/news/regions/2026/4/26/company-consultant-patay-sa-pananambang-sa-calamba-laguna-1827
2026-04-26 23:42:03 [INFO] data.news_scraper - [49/89] https://www.abs-cbn.com/news/world/2026/4/26/man-armed-with-multiple-weapons-charged-at-security-checkpoint-trump-says-2031
2026-04-26 23:42:05 [INFO] data.news_scraper - [50/89] https://www.abs-cbn.com/news/regions/2026/4/24/-tao-po-mga-taga-obando-bulacan-apektado-ng-sunog-sa-navotas-landfill-2112
2026-04-26 23:42:07 [INFO] data.news_scraper - [51/89] https://www.abs-cbn.com/entertainment/showbiz/celebrities/2026/4/26/exclusive-david-licauco-reveals-plans-for-his-own-resort-in-siargao-dream-big-start-small-0847
2026-04-26 23:42:08 [INFO] data.news_scraper - [52/89] https://www.abs-cbn.com/lifestyle/people-culture-events/2026/4/24/menchu-lauchengco-yulo-embraces-challenge-of-playing-maria-callas-in-master-class-1400
2026-04-26 23:42:10 [INFO] data.news_scraper - [53/89] https://www.abs-cbn.com/news/regions/2026/4/22/illegal-cigarette-manufacturing-warehouse-discovered-in-bago-city-1603
2026-04-26 23:42:12 [INFO] data.news_scraper - [54/89] https://www.abs-cbn.com/entertainment/studios/tv/2026/4/25/in-photos-jessy-vilma-join-luis-birthday-bash-on-kapamilya-deal-or-no-deal-pilot-episode-2133
2026-04-26 23:42:14 [INFO] data.news_scraper - [55/89] https://www.abs-cbn.com/news/nation/2026/4/25/tension-flares-at-ltfrb-fuel-subsidy-payout-amid-queue-confusion-1608
2026-04-26 23:42:16 [INFO] data.news_scraper - [56/89] https://www.abs-cbn.com/entertainment/showbiz/movies-series/2026/4/26/matty-juniosa-heads-to-britain-s-got-talent-finals-after-fresh-golden-buzzer-win-1051
2026-04-26 23:42:18 [INFO] data.news_scraper - [57/89] https://www.abs-cbn.com/sports/2026/4/25/eala-s-nmez-duo-exits-madrid-open-doubles-2204
2026-04-26 23:42:19 [INFO] data.news_scraper - [58/89] https://www.abs-cbn.com/sports/volleyball/2026/4/25/uaap-di-ako-nag-final-year-para-lang-matalo-says-pepito-as-ust-enters-final-4-1936
2026-04-26 23:42:21 [INFO] data.news_scraper - [59/89] https://www.abs-cbn.com/news/regions/2026/4/26/consultant-ng-pribadong-kompanya-sa-calamba-patay-sa-ambush-1949
2026-04-26 23:42:23 [INFO] data.news_scraper - [60/89] https://www.abs-cbn.com/entertainment/showbiz/celebrities/2026/4/25/watch-awra-briguela-gives-grocery-packs-to-jeepney-drivers-0914
2026-04-26 23:42:24 [INFO] data.news_scraper - [61/89] https://www.abs-cbn.com/news/nation/2026/4/26/marcos-jr-vows-gov-t-services-won-t-be-paralyzed-amid-crisis-1423
2026-04-26 23:42:27 [INFO] data.news_scraper - [62/89] https://www.abs-cbn.com/lifestyle/2026/4/26/a-word-on-the-word-the-unfiltered-shepherd-known-by-name-not-by-image-0706
2026-04-26 23:42:29 [INFO] data.news_scraper - [63/89] https://www.abs-cbn.com/entertainment/showbiz/events/2026/4/24/bini-unveils-international-stops-and-ticket-selling-details-for-signals-world-tour-2026-2346
2026-04-26 23:42:31 [INFO] data.news_scraper - [64/89] https://www.abs-cbn.com/news/nation/2026/4/25/pagkamatay-ng-5-detainee-sa-naaksidenteng-police-mobile-kaduda-duda-umano-1933
2026-04-26 23:42:32 [INFO] data.news_scraper - [65/89] https://www.abs-cbn.com/news/nation/2026/4/26/chr-probes-negros-occidental-clash-1235
2026-04-26 23:42:34 [INFO] data.news_scraper - [66/89] https://www.abs-cbn.com/news/nation/2026/4/26/chairperson-ng-usc-ng-up-diliman-itinangging-npa-si-alyssa-alano-2254
2026-04-26 23:42:36 [INFO] data.news_scraper - [67/89] https://www.abs-cbn.com/news/business/2026/4/24/solar-panel-project-helps-communities-nationwide-1219
2026-04-26 23:42:38 [INFO] data.news_scraper - [68/89] https://www.abs-cbn.com/news/nation/2026/4/26/vp-sara-duterte-s-husband-to-file-raps-over-bank-secrecy-data-privacy-1151
2026-04-26 23:42:40 [INFO] data.news_scraper - [69/89] https://www.abs-cbn.com/sports/volleyball/2026/4/25/malabunga-marasigan-schnake-added-to-spikers-turf-all-star-cast-2020
2026-04-26 23:42:42 [INFO] data.news_scraper - [70/89] https://www.abs-cbn.com/entertainment/showbiz/celebrities/2026/4/25/kimpau-charms-global-fans-during-redwood-city-stop-of-world-tour-1712
2026-04-26 23:42:44 [INFO] data.news_scraper - [71/89] https://www.abs-cbn.com/sports/esports/2026/4/26/team-secret-misses-playoff-stage-anew-in-2026-vct-pacific-stage-1-2156
2026-04-26 23:42:46 [INFO] data.news_scraper - [72/89] https://www.abs-cbn.com/news/nation/2026/4/25/remulla-confirms-freeze-order-on-romualdez-over-flood-control-probe-2234
2026-04-26 23:42:47 [INFO] data.news_scraper - [73/89] https://www.abs-cbn.com/entertainment/showbiz/celebrities/2026/4/25/dan-villegas-all-praises-for-jm-ibarra-and-fyang-smith-they-exceeded-my-expectations-2144
2026-04-26 23:42:49 [INFO] data.news_scraper - [74/89] https://www.abs-cbn.com/news/business/2026/4/22/look-jollibee-is-now-leed-certified-1554
2026-04-26 23:42:51 [INFO] data.news_scraper - [75/89] https://www.abs-cbn.com/entertainment/showbiz/celebrities/2026/4/25/riehata-sb19-team-up-for-stella-dance-jam-in-ph-japan-friendship-year-celebration-0027
2026-04-26 23:42:53 [INFO] data.news_scraper - [76/89] https://www.abs-cbn.com/news/business/2026/4/22/guarding-tubbataha-protecting-a-world-heritage-reef-1009
2026-04-26 23:42:55 [INFO] data.news_scraper - [77/89] https://www.abs-cbn.com/news/nation/2026/4/26/ntf-elcac-warns-filipinos-abroad-vs-being-drawn-into-armed-conflict-in-ph-1100
2026-04-26 23:42:57 [INFO] data.news_scraper - [78/89] https://www.abs-cbn.com/sports/basketball/2026/4/26/pba-ginebra-fends-off-titan-ultra-to-punch-quarterfinal-ticket-2222
2026-04-26 23:42:59 [INFO] data.news_scraper - [79/89] https://www.abs-cbn.com/news/nation/2026/4/26/doj-gets-lead-on-zaldy-co-s-capture-in-czech-republic-2019
2026-04-26 23:43:01 [INFO] data.news_scraper - [80/89] https://www.abs-cbn.com/entertainment/studios/tv/2026/4/26/luis-nagulat-sa-birthday-message-ni-melai-sa-kanya-kapamilya-deal-or-no-deal-2107
2026-04-26 23:43:03 [INFO] data.news_scraper - [81/89] https://www.abs-cbn.com/news/regions/2026/4/26/afp-handang-humarap-sa-anumang-imbestigasyon-kaugnay-ng-engkuwentro-sa-toboso-1923
2026-04-26 23:43:05 [INFO] data.news_scraper - [82/89] https://www.abs-cbn.com/news/nation/2026/4/25/sk-chairman-sa-maynila-inirereklamo-ng-pananakit-ng-buntis-na-kasintahan-1316
2026-04-26 23:43:07 [INFO] data.news_scraper - [83/89] https://www.abs-cbn.com/lifestyle/people-culture-events/2026/4/23/museo-del-galeon-traces-ph-s-rich-maritime-legacy-1931
2026-04-26 23:43:09 [INFO] data.news_scraper - [84/89] https://www.abs-cbn.com/entertainment/showbiz/celebrities/2026/4/24/kiray-celis-is-pregnant-with-first-child-2126
2026-04-26 23:43:11 [INFO] data.news_scraper - [85/89] https://www.abs-cbn.com/entertainment/showbiz/events/2026/4/24/-one-of-the-biggest-blessings-direk-lauren-dyogi-looks-back-on-bini-s-coachella-experience-1413
2026-04-26 23:43:14 [INFO] data.news_scraper - [86/89] https://www.abs-cbn.com/entertainment/showbiz/celebrities/2026/4/25/bini-jhoanna-fulfills-broadcasting-dream-with-surprise-weather-forecast-on-good-day-la-1507
2026-04-26 23:43:16 [INFO] data.news_scraper - [87/89] https://www.abs-cbn.com/lifestyle/food-travel/2026/4/23/ph-s-inasal-adobo-in-tasteatlas-list-of-world-s-best-chicken-dishes-1716
2026-04-26 23:43:17 [INFO] data.news_scraper - [88/89] https://www.abs-cbn.com/news/regions/2026/4/24/mainit-na-kape-ipinanlaban-ng-lalaki-sa-holdaper-1120
2026-04-26 23:43:19 [INFO] data.news_scraper - [89/89] https://www.abs-cbn.com/news/regions/2026/4/26/tv-patrol-regional-april-26-2026-1730
2026-04-26 23:43:21 [INFO] data.news_scraper - === SCRAPE COMPLETE === discovered=89 new=89 relevant=0 stored=0
2026-04-26 23:43:21 [INFO] main - Scraping complete. Stats: {'discovered': 89, 'new': 89, 'relevant': 0, 'stored': 0}
2026-04-26 23:44:56 [INFO] main - Running news scraping pipeline ...
2026-04-26 23:44:57 [INFO] data.news_scraper - === NEWS SCRAPING PIPELINE (ABS-CBN) === LLM: Groq (llama-3.3-70b)
2026-04-26 23:45:52 [INFO] main - Running news scraping pipeline ...
2026-04-26 23:45:53 [INFO] data.news_scraper - === NEWS SCRAPING PIPELINE (ABS-CBN) === LLM: Groq (llama-3.3-70b)
2026-04-26 23:46:16 [INFO] data.news_scraper - Discovered 89 article URLs.
2026-04-26 23:46:36 [INFO] data.news_scraper - 89 new URLs to process.
2026-04-26 23:46:37 [INFO] data.news_scraper - [1/89] https://www.abs-cbn.com/lifestyle/food-travel/2026/4/25/beng-hiang-returns-to-manila-with-hokkien-pop-up-at-edsa-shangri-la-1040
2026-04-26 23:46:39 [INFO] data.news_scraper - [2/89] https://www.abs-cbn.com/sports/basketball/2026/4/26/pba-smith-leads-the-way-as-converge-dominates-import-less-phoenix-1941
2026-04-26 23:46:41 [INFO] data.news_scraper - [3/89] https://www.abs-cbn.com/news/nation/2026/4/26/doj-gets-lead-on-zaldy-co-s-capture-in-czech-republic-2019
2026-04-26 23:46:43 [INFO] data.news_scraper - [4/89] https://www.abs-cbn.com/news/regions/2026/4/22/-parang-hindi-na-bago-ex-dilg-chief-is-marcos-new-peace-adviser-1029
2026-04-26 23:46:45 [INFO] data.news_scraper - [5/89] https://www.abs-cbn.com/sports/basketball/2026/4/25/pba-rain-or-shine-surges-past-magnolia-as-tensions-rose-in-4q-2230
2026-04-26 23:46:47 [INFO] data.news_scraper - [6/89] https://www.abs-cbn.com/entertainment/showbiz/celebrities/2026/4/24/kiray-celis-is-pregnant-with-first-child-2126
2026-04-26 23:46:49 [INFO] data.news_scraper - [7/89] https://www.abs-cbn.com/lifestyle/food-travel/2026/4/23/ph-s-inasal-adobo-in-tasteatlas-list-of-world-s-best-chicken-dishes-1716
2026-04-26 23:46:51 [INFO] data.news_scraper - [8/89] https://www.abs-cbn.com/sports/esports/2026/4/26/team-secret-misses-playoff-stage-anew-in-2026-vct-pacific-stage-1-2156
2026-04-26 23:46:53 [INFO] data.news_scraper - [9/89] https://www.abs-cbn.com/sports/volleyball/2026/4/26/uaap-tin-ubaldo-sets-sights-on-pvl-draft-after-completing-feu-journey-1431
2026-04-26 23:46:54 [INFO] data.news_scraper - [10/89] https://www.abs-cbn.com/entertainment/showbiz/celebrities/2026/4/26/seth-fedelin-says-there-is-no-competition-with-jmfyang-donbelle-movie-projects-we-support-them-0950
2026-04-26 23:46:56 [INFO] data.news_scraper - [11/89] https://www.abs-cbn.com/entertainment/showbiz/celebrities/2026/4/26/here-are-the-wedding-vows-of-ka-mangyan-and-julius-mantala-that-sealed-their-love-story-0938
2026-04-26 23:46:58 [INFO] data.news_scraper - [12/89] https://www.abs-cbn.com/sports/volleyball/2026/4/25/uaap-di-ako-nag-final-year-para-lang-matalo-says-pepito-as-ust-enters-final-4-1936
2026-04-26 23:47:00 [INFO] data.news_scraper - [13/89] https://www.abs-cbn.com/news/nation/2026/4/26/marcos-jr-vows-gov-t-services-won-t-be-paralyzed-amid-crisis-1423
2026-04-26 23:47:02 [INFO] data.news_scraper - [14/89] https://www.abs-cbn.com/entertainment/studios/tv/2026/4/26/behind-the-scenes-of-jodi-sta-maria-s-delightful-appearance-on-kapamilya-deal-or-no-deal-2118
2026-04-26 23:47:05 [INFO] data.news_scraper - [15/89] https://www.abs-cbn.com/news/business/2026/4/22/guarding-tubbataha-protecting-a-world-heritage-reef-1009
2026-04-26 23:47:07 [INFO] data.news_scraper - [16/89] https://www.abs-cbn.com/news/regions/2026/4/24/mainit-na-kape-ipinanlaban-ng-lalaki-sa-holdaper-1120
2026-04-26 23:47:09 [INFO] data.news_scraper - [17/89] https://www.abs-cbn.com/news/regions/2026/4/26/afp-handang-humarap-sa-anumang-imbestigasyon-kaugnay-ng-engkuwentro-sa-toboso-1923
2026-04-26 23:47:11 [INFO] data.news_scraper - [18/89] https://www.abs-cbn.com/lifestyle/people-culture-events/2026/4/25/gandingan-awards-2026-michael-delizo-abs-cbn-programs-recognized-2211
2026-04-26 23:47:13 [INFO] data.news_scraper - [19/89] https://www.abs-cbn.com/lifestyle/health-beauty-fashion/2026/4/25/filipina-designer-turns-birthday-collection-into-celebrity-worn-jewelry-line-1400
2026-04-26 23:47:15 [INFO] data.news_scraper - [20/89] https://www.abs-cbn.com/news/nation/2026/4/25/sk-chairman-sa-maynila-inirereklamo-ng-pananakit-ng-buntis-na-kasintahan-1316
2026-04-26 23:47:17 [INFO] data.news_scraper - [21/89] https://www.abs-cbn.com/lifestyle/people-culture-events/2026/4/24/international-dance-day-fest-opens-with-standout-abt-performance-1609
2026-04-26 23:47:19 [INFO] data.news_scraper - [22/89] https://www.abs-cbn.com/sports/volleyball/2026/4/25/malabunga-marasigan-schnake-added-to-spikers-turf-all-star-cast-2020
2026-04-26 23:47:21 [INFO] data.news_scraper - [23/89] https://www.abs-cbn.com/news/health-science/2026/4/13/four-gifted-kids-create-one-animated-film-1617
2026-04-26 23:47:23 [INFO] data.news_scraper - [24/89] https://www.abs-cbn.com/sports/2026/4/25/eala-s-nmez-duo-exits-madrid-open-doubles-2204
2026-04-26 23:47:25 [INFO] data.news_scraper - [25/89] https://www.abs-cbn.com/entertainment/showbiz/celebrities/2026/4/24/dream-come-true-viral-baby-bloom-shiloh-finally-meets-bini-1954
2026-04-26 23:47:27 [INFO] data.news_scraper - [26/89] https://www.abs-cbn.com/news/nation/2026/4/26/-case-closed-on-confidential-funds-misuse-unexplained-wealth-vs-sara-duterte-ridon-says-1736
2026-04-26 23:47:29 [INFO] data.news_scraper - [27/89] https://www.abs-cbn.com/news/nation/2026/4/24/duterte-family-an-existential-threat-to-ph-democracy-trillanes-1618
2026-04-26 23:47:31 [INFO] data.news_scraper - [28/89] https://www.abs-cbn.com/news/regions/2026/4/26/tv-patrol-regional-april-26-2026-1730
2026-04-26 23:47:33 [INFO] data.news_scraper - [29/89] https://www.abs-cbn.com/entertainment/studios/tv/2026/4/25/in-photos-jessy-vilma-join-luis-birthday-bash-on-kapamilya-deal-or-no-deal-pilot-episode-2133
2026-04-26 23:47:35 [INFO] data.news_scraper - [30/89] https://www.abs-cbn.com/news/nation/2026/4/25/truck-bumulusok-sa-bangketa-sa-marikina-2-patay-1943
2026-04-26 23:47:37 [INFO] data.news_scraper - [31/89] https://www.abs-cbn.com/lifestyle/people-culture-events/2026/4/24/weekend-agenda-ive-international-dance-day-fest-dia-del-libro-and-more-0800
2026-04-26 23:47:38 [INFO] data.news_scraper - [32/89] https://www.abs-cbn.com/news/regions/2026/4/22/jeepney-driver-patay-matapos-barilin-sa-bacoor-cavite-0805
2026-04-26 23:47:40 [INFO] data.news_scraper - [33/89] https://www.abs-cbn.com/entertainment/showbiz/movies-series/2026/4/26/matty-juniosa-heads-to-britain-s-got-talent-finals-after-fresh-golden-buzzer-win-1051
2026-04-26 23:47:42 [INFO] data.news_scraper - [34/89] https://www.abs-cbn.com/news/nation/2026/4/26/ombudsman-blasts-online-leak-of-investigators-identities-in-relation-to-plunder-probe-1705
2026-04-26 23:47:44 [INFO] data.news_scraper - [35/89] https://www.abs-cbn.com/news/nation/2026/4/26/vida-says-finding-zaldy-co-definitely-not-impossible-2224
2026-04-26 23:47:46 [INFO] data.news_scraper - [36/89] https://www.abs-cbn.com/news/nation/2026/4/26/ntf-elcac-warns-filipinos-abroad-vs-being-drawn-into-armed-conflict-in-ph-1100
2026-04-26 23:47:48 [INFO] data.news_scraper - [37/89] https://www.abs-cbn.com/lifestyle/people-culture-events/2026/4/23/museo-del-galeon-traces-ph-s-rich-maritime-legacy-1931
2026-04-26 23:47:50 [INFO] data.news_scraper - [38/89] https://www.abs-cbn.com/entertainment/studios/tv/2026/4/26/kembot-mo-jodi-naka-showdown-si-sexbomb-jopay-kapamilya-deal-or-no-deal-2101
2026-04-26 23:47:52 [INFO] data.news_scraper - [39/89] https://www.abs-cbn.com/sports/othersports/2026/4/26/asian-beach-games-ph-women-s-relay-team-bags-silver-1418
2026-04-26 23:47:54 [INFO] data.news_scraper - [40/89] https://www.abs-cbn.com/news/nation/2026/4/25/stalled-delivery-the-systemic-breakdown-of-phlpost-1458
2026-04-26 23:47:56 [INFO] data.news_scraper - [41/89] https://www.abs-cbn.com/entertainment/studios/tv/2026/4/26/luis-nagulat-sa-birthday-message-ni-melai-sa-kanya-kapamilya-deal-or-no-deal-2107
2026-04-26 23:47:58 [INFO] data.news_scraper - [42/89] https://www.abs-cbn.com/news/regions/2026/4/23/3-patay-sa-operasyon-ng-pulisya-sa-zamboanga-1222
2026-04-26 23:48:00 [INFO] data.news_scraper - [43/89] https://www.abs-cbn.com/news/regions/2026/4/24/protesters-seek-truly-independent-probe-into-negros-occidental-clash-that-killed-19-1552
2026-04-26 23:48:03 [INFO] data.news_scraper - [44/89] https://www.abs-cbn.com/sports/volleyball/2026/4/25/uaap-nu-men-survive-ust-thriller-clinch-no-2-seed-1602
2026-04-26 23:48:05 [INFO] data.news_scraper - [45/89] https://www.abs-cbn.com/entertainment/showbiz/celebrities/2026/4/26/piolo-pascual-on-still-being-a-heartthrob-at-49-it-s-not-going-to-be-like-that-forever-1240
2026-04-26 23:48:07 [INFO] data.news_scraper - [46/89] https://www.abs-cbn.com/lifestyle/2026/4/26/furniture-brand-employs-charred-wood-to-elevate-local-luxury-design-1000
2026-04-26 23:48:09 [INFO] data.news_scraper - [47/89] https://www.abs-cbn.com/news/nation/2026/4/26/chairperson-ng-usc-ng-up-diliman-itinangging-npa-si-alyssa-alano-2254
2026-04-26 23:48:11 [INFO] data.news_scraper - [48/89] https://www.abs-cbn.com/entertainment/showbiz/celebrities/2026/4/25/kimpau-charms-global-fans-during-redwood-city-stop-of-world-tour-1712
2026-04-26 23:48:12 [INFO] data.news_scraper - [49/89] https://www.abs-cbn.com/entertainment/showbiz/celebrities/2026/4/25/watch-awra-briguela-gives-grocery-packs-to-jeepney-drivers-0914
2026-04-26 23:48:14 [INFO] data.news_scraper - [50/89] https://www.abs-cbn.com/sports/basketball/2026/4/25/pba-bolick-hits-dagger-4-as-nlex-sinks-terrafirma-1951
2026-04-26 23:48:17 [INFO] data.news_scraper - [51/89] https://www.abs-cbn.com/entertainment/studios/tv/2026/4/26/jodi-may-espesyal-na-mensahe-sa-birthday-ni-luis-kapamilya-deal-or-no-deal-2053
2026-04-26 23:48:18 [INFO] data.news_scraper - [52/89] https://www.abs-cbn.com/lifestyle/2026/4/26/a-word-on-the-word-the-unfiltered-shepherd-known-by-name-not-by-image-0706
2026-04-26 23:48:20 [INFO] data.news_scraper - [53/89] https://www.abs-cbn.com/news/regions/2026/4/24/-tao-po-mga-taga-obando-bulacan-apektado-ng-sunog-sa-navotas-landfill-2112
2026-04-26 23:48:22 [INFO] data.news_scraper - [54/89] https://www.abs-cbn.com/news/nation/2026/4/25/tension-flares-at-ltfrb-fuel-subsidy-payout-amid-queue-confusion-1608
2026-04-26 23:48:24 [INFO] data.news_scraper - [55/89] https://www.abs-cbn.com/news/business/2026/4/26/recto-denies-leviste-s-accusation-of-blocking-minimum-wage-increase-1815
2026-04-26 23:48:25 [INFO] data.news_scraper - [56/89] https://www.abs-cbn.com/entertainment/showbiz/events/2026/4/24/bini-unveils-international-stops-and-ticket-selling-details-for-signals-world-tour-2026-2346
2026-04-26 23:48:27 [INFO] data.news_scraper - [57/89] https://www.abs-cbn.com/lifestyle/people-culture-events/2026/4/24/cowgirls-of-masbate-rodeo-tackle-steers-stereotypes-1157
2026-04-26 23:48:30 [INFO] data.news_scraper - [58/89] https://www.abs-cbn.com/news/technology/2026/4/22/meaningful-homecoming-a-gift-for-ofws-0811
2026-04-26 23:48:32 [INFO] data.news_scraper - [59/89] https://www.abs-cbn.com/entertainment/showbiz/celebrities/2026/4/25/riehata-sb19-team-up-for-stella-dance-jam-in-ph-japan-friendship-year-celebration-0027
2026-04-26 23:48:34 [INFO] data.news_scraper - [60/89] https://www.abs-cbn.com/sports/basketball/2026/4/26/pba-ginebra-fends-off-titan-ultra-to-punch-quarterfinal-ticket-2222
2026-04-26 23:48:36 [INFO] data.news_scraper - [61/89] https://www.abs-cbn.com/news/nation/2026/4/25/pagkamatay-ng-5-detainee-sa-naaksidenteng-police-mobile-kaduda-duda-umano-1933
2026-04-26 23:48:38 [INFO] data.news_scraper - [62/89] https://www.abs-cbn.com/news/regions/2026/4/23/20-chinese-nationals-arrested-suspected-illegal-mining-discovered-in-davao-region-1714
2026-04-26 23:48:39 [INFO] data.news_scraper - [63/89] https://www.abs-cbn.com/news/nation/2026/4/25/remulla-confirms-freeze-order-on-romualdez-over-flood-control-probe-2234
2026-04-26 23:48:42 [INFO] data.news_scraper - [64/89] https://www.abs-cbn.com/entertainment/showbiz/celebrities/2026/4/26/exclusive-david-licauco-reveals-plans-for-his-own-resort-in-siargao-dream-big-start-small-0847
2026-04-26 23:48:44 [INFO] data.news_scraper - [65/89] https://www.abs-cbn.com/news/regions/2026/4/26/sawa-na-lumamon-ng-buong-baboy-nahuli-sa-marinduque-0830
2026-04-26 23:48:46 [INFO] data.news_scraper - [66/89] https://www.abs-cbn.com/news/nation/2026/4/26/vp-sara-duterte-s-husband-to-file-raps-over-bank-secrecy-data-privacy-1151
2026-04-26 23:48:48 [INFO] data.news_scraper - [67/89] https://www.abs-cbn.com/news/regions/2026/4/22/illegal-cigarette-manufacturing-warehouse-discovered-in-bago-city-1603
2026-04-26 23:48:50 [INFO] data.news_scraper - [68/89] https://www.abs-cbn.com/news/regions/2026/4/25/de-lima-seeks-urgent-probe-on-negros-military-operation-that-left-19-dead-1643
2026-04-26 23:48:53 [INFO] data.news_scraper - [69/89] https://www.abs-cbn.com/news/technology/2026/4/24/look-zero-fees-for-middle-east-digital-transactions-1214
2026-04-26 23:48:55 [INFO] data.news_scraper - [70/89] https://www.abs-cbn.com/lifestyle/people-culture-events/2026/4/26/anne-curtis-shares-endo-takeaways-expresses-pride-in-sister-jasmine-1059
2026-04-26 23:48:57 [INFO] data.news_scraper - [71/89] https://www.abs-cbn.com/sports/basketball/2026/4/26/uaap-3x3-opens-as-dela-rosa-apag-bring-fiba-experience-back-to-college-halfcourt-1708
2026-04-26 23:48:59 [INFO] data.news_scraper - [72/89] https://www.abs-cbn.com/news/regions/2026/4/22/6-passengers-rescued-after-motorbanca-capsizes-off-occidental-mindoro-1825
2026-04-26 23:49:01 [INFO] data.news_scraper - [73/89] https://www.abs-cbn.com/entertainment/showbiz/celebrities/2026/4/25/bini-jhoanna-fulfills-broadcasting-dream-with-surprise-weather-forecast-on-good-day-la-1507
2026-04-26 23:49:03 [INFO] data.news_scraper - [74/89] https://www.abs-cbn.com/news/business/2026/4/24/solar-panel-project-helps-communities-nationwide-1219
2026-04-26 23:49:05 [INFO] data.news_scraper - [75/89] https://www.abs-cbn.com/news/regions/2026/4/23/-huwag-kainin-tagum-city-agri-nagbabala-sa-ninakaw-na-nakalalasong-kamoteng-kahoy-1353
2026-04-26 23:49:07 [INFO] data.news_scraper - [76/89] https://www.abs-cbn.com/lifestyle/people-culture-events/2026/4/24/menchu-lauchengco-yulo-embraces-challenge-of-playing-maria-callas-in-master-class-1400
2026-04-26 23:49:08 [INFO] data.news_scraper - [77/89] https://www.abs-cbn.com/news/regions/2026/4/25/2-patay-matapos-ma-trap-sa-treasure-hunting-tunnel-sa-panabo-city-1700
2026-04-26 23:49:10 [INFO] data.news_scraper - [78/89] https://www.abs-cbn.com/news/business/2026/4/22/look-jollibee-is-now-leed-certified-1554
2026-04-26 23:49:12 [INFO] data.news_scraper - [79/89] https://www.abs-cbn.com/news/nation/2026/4/26/thousands-of-advocates-gather-in-pasay-city-to-push-for-landmark-autism-inclusion-law-0952
2026-04-26 23:49:14 [INFO] data.news_scraper - [80/89] https://www.abs-cbn.com/news/nation/2026/4/26/chr-probes-negros-occidental-clash-1235
2026-04-26 23:49:16 [INFO] data.news_scraper - [81/89] https://www.abs-cbn.com/sports/volleyball/2026/4/25/uaap-tigresses-eliminate-lady-tams-to-secure-postseason-berth-1808
2026-04-26 23:49:17 [INFO] data.news_scraper - [82/89] https://www.abs-cbn.com/entertainment/showbiz/events/2026/4/24/-one-of-the-biggest-blessings-direk-lauren-dyogi-looks-back-on-bini-s-coachella-experience-1413
2026-04-26 23:49:20 [INFO] data.news_scraper - [83/89] https://www.abs-cbn.com/news/nation/2026/4/24/4-pulis-6-detainee-sugatan-sa-pagbangga-ng-police-mobile-sa-pader-1632
2026-04-26 23:49:22 [INFO] data.news_scraper - [84/89] https://www.abs-cbn.com/entertainment/showbiz/celebrities/2026/4/25/dan-villegas-all-praises-for-jm-ibarra-and-fyang-smith-they-exceeded-my-expectations-2144
2026-04-26 23:49:24 [INFO] data.news_scraper - [85/89] https://www.abs-cbn.com/news/world/2026/4/26/man-armed-with-multiple-weapons-charged-at-security-checkpoint-trump-says-2031
2026-04-26 23:49:26 [INFO] data.news_scraper - [86/89] https://www.abs-cbn.com/news/regions/2026/4/26/company-consultant-patay-sa-pananambang-sa-calamba-laguna-1827
2026-04-26 23:49:27 [INFO] data.news_scraper - [87/89] https://www.abs-cbn.com/news/nation/2026/4/25/andres-says-icc-prosecution-ready-to-prove-credibility-of-witnesses-vs-duterte-1603
2026-04-26 23:49:30 [INFO] data.news_scraper - [88/89] https://www.abs-cbn.com/entertainment/showbiz/movies-series/2026/4/26/matty-juniosa-reacts-to-second-golden-buzzer-on-britain-s-got-talent-1231
2026-04-26 23:49:31 [INFO] data.news_scraper - [89/89] https://www.abs-cbn.com/news/regions/2026/4/26/consultant-ng-pribadong-kompanya-sa-calamba-patay-sa-ambush-1949
2026-04-26 23:49:34 [INFO] data.news_scraper - === SCRAPE COMPLETE === discovered=89 new=89 relevant=0 stored=0
2026-04-26 23:49:34 [INFO] main - Scraping complete. Stats: {'discovered': 89, 'new': 89, 'relevant': 0, 'stored': 0}
2026-04-26 23:50:12 [INFO] main - Running news scraping pipeline ...
2026-04-26 23:50:13 [INFO] data.news_scraper - === NEWS SCRAPING PIPELINE (ABS-CBN) === LLM: Groq (llama-3.3-70b)
2026-04-26 23:50:38 [INFO] data.news_scraper - Discovered 89 article URLs.
2026-04-26 23:50:58 [INFO] data.news_scraper - 89 new URLs to process.
2026-04-26 23:50:58 [INFO] data.news_scraper - [1/89] https://www.abs-cbn.com/news/regions/2026/4/25/2-patay-matapos-ma-trap-sa-treasure-hunting-tunnel-sa-panabo-city-1700
2026-04-26 23:51:00 [INFO] data.news_scraper - [2/89] https://www.abs-cbn.com/news/nation/2026/4/26/-case-closed-on-confidential-funds-misuse-unexplained-wealth-vs-sara-duterte-ridon-says-1736
2026-04-26 23:51:01 [INFO] data.news_scraper - [3/89] https://www.abs-cbn.com/news/regions/2026/4/23/3-patay-sa-operasyon-ng-pulisya-sa-zamboanga-1222
2026-04-26 23:51:03 [INFO] data.news_scraper - [4/89] https://www.abs-cbn.com/lifestyle/people-culture-events/2026/4/26/anne-curtis-shares-endo-takeaways-expresses-pride-in-sister-jasmine-1059
2026-04-26 23:51:05 [INFO] data.news_scraper - [5/89] https://www.abs-cbn.com/news/nation/2026/4/26/marcos-jr-vows-gov-t-services-won-t-be-paralyzed-amid-crisis-1423
2026-04-26 23:51:07 [INFO] data.news_scraper - [6/89] https://www.abs-cbn.com/entertainment/studios/tv/2026/4/26/jodi-may-espesyal-na-mensahe-sa-birthday-ni-luis-kapamilya-deal-or-no-deal-2053
2026-04-26 23:51:08 [INFO] data.news_scraper - [7/89] https://www.abs-cbn.com/entertainment/studios/tv/2026/4/26/luis-nagulat-sa-birthday-message-ni-melai-sa-kanya-kapamilya-deal-or-no-deal-2107
2026-04-26 23:51:10 [INFO] data.news_scraper - [8/89] https://www.abs-cbn.com/entertainment/showbiz/celebrities/2026/4/24/kiray-celis-is-pregnant-with-first-child-2126
2026-04-26 23:51:11 [INFO] data.news_scraper - [9/89] https://www.abs-cbn.com/news/nation/2026/4/26/vp-sara-duterte-s-husband-to-file-raps-over-bank-secrecy-data-privacy-1151
2026-04-26 23:51:13 [INFO] data.news_scraper - [10/89] https://www.abs-cbn.com/lifestyle/health-beauty-fashion/2026/4/25/filipina-designer-turns-birthday-collection-into-celebrity-worn-jewelry-line-1400
2026-04-26 23:51:15 [INFO] data.news_scraper - [11/89] https://www.abs-cbn.com/news/business/2026/4/26/recto-denies-leviste-s-accusation-of-blocking-minimum-wage-increase-1815
2026-04-26 23:51:16 [INFO] data.news_scraper - [12/89] https://www.abs-cbn.com/news/regions/2026/4/24/protesters-seek-truly-independent-probe-into-negros-occidental-clash-that-killed-19-1552
2026-04-26 23:51:18 [INFO] data.news_scraper - [13/89] https://www.abs-cbn.com/entertainment/showbiz/celebrities/2026/4/25/bini-jhoanna-fulfills-broadcasting-dream-with-surprise-weather-forecast-on-good-day-la-1507
2026-04-26 23:51:20 [INFO] data.news_scraper - [14/89] https://www.abs-cbn.com/news/regions/2026/4/24/-tao-po-mga-taga-obando-bulacan-apektado-ng-sunog-sa-navotas-landfill-2112
2026-04-26 23:51:22 [INFO] data.news_scraper - [15/89] https://www.abs-cbn.com/entertainment/studios/tv/2026/4/26/kembot-mo-jodi-naka-showdown-si-sexbomb-jopay-kapamilya-deal-or-no-deal-2101
2026-04-26 23:51:23 [INFO] data.news_scraper - [16/89] https://www.abs-cbn.com/news/regions/2026/4/23/-huwag-kainin-tagum-city-agri-nagbabala-sa-ninakaw-na-nakalalasong-kamoteng-kahoy-1353
2026-04-26 23:51:25 [INFO] data.news_scraper - [17/89] https://www.abs-cbn.com/news/nation/2026/4/24/4-pulis-6-detainee-sugatan-sa-pagbangga-ng-police-mobile-sa-pader-1632
2026-04-26 23:51:26 [INFO] data.news_scraper - [18/89] https://www.abs-cbn.com/news/regions/2026/4/22/jeepney-driver-patay-matapos-barilin-sa-bacoor-cavite-0805
2026-04-26 23:51:27 [INFO] data.news_scraper - [19/89] https://www.abs-cbn.com/news/business/2026/4/22/guarding-tubbataha-protecting-a-world-heritage-reef-1009
2026-04-26 23:51:29 [INFO] data.news_scraper - [20/89] https://www.abs-cbn.com/news/regions/2026/4/26/consultant-ng-pribadong-kompanya-sa-calamba-patay-sa-ambush-1949
2026-04-26 23:51:31 [INFO] data.news_scraper - [21/89] https://www.abs-cbn.com/entertainment/studios/tv/2026/4/26/behind-the-scenes-of-jodi-sta-maria-s-delightful-appearance-on-kapamilya-deal-or-no-deal-2118
2026-04-26 23:51:32 [INFO] data.news_scraper - [22/89] https://www.abs-cbn.com/news/regions/2026/4/25/de-lima-seeks-urgent-probe-on-negros-military-operation-that-left-19-dead-1643
2026-04-26 23:51:34 [INFO] data.news_scraper - [23/89] https://www.abs-cbn.com/news/regions/2026/4/22/illegal-cigarette-manufacturing-warehouse-discovered-in-bago-city-1603
2026-04-26 23:51:35 [INFO] data.news_scraper - [24/89] https://www.abs-cbn.com/sports/volleyball/2026/4/25/uaap-nu-men-survive-ust-thriller-clinch-no-2-seed-1602
2026-04-26 23:51:37 [INFO] data.news_scraper - [25/89] https://www.abs-cbn.com/entertainment/showbiz/celebrities/2026/4/26/piolo-pascual-on-still-being-a-heartthrob-at-49-it-s-not-going-to-be-like-that-forever-1240
2026-04-26 23:51:40 [INFO] data.news_scraper - [26/89] https://www.abs-cbn.com/news/technology/2026/4/24/look-zero-fees-for-middle-east-digital-transactions-1214
2026-04-26 23:51:41 [INFO] data.news_scraper - [27/89] https://www.abs-cbn.com/entertainment/showbiz/celebrities/2026/4/24/dream-come-true-viral-baby-bloom-shiloh-finally-meets-bini-1954
2026-04-26 23:51:43 [INFO] data.news_scraper - [28/89] https://www.abs-cbn.com/sports/volleyball/2026/4/25/uaap-di-ako-nag-final-year-para-lang-matalo-says-pepito-as-ust-enters-final-4-1936
2026-04-26 23:51:45 [INFO] data.news_scraper - [29/89] https://www.abs-cbn.com/news/nation/2026/4/25/pagkamatay-ng-5-detainee-sa-naaksidenteng-police-mobile-kaduda-duda-umano-1933
2026-04-26 23:51:47 [INFO] data.news_scraper - [30/89] https://www.abs-cbn.com/news/nation/2026/4/25/tension-flares-at-ltfrb-fuel-subsidy-payout-amid-queue-confusion-1608
2026-04-26 23:51:48 [INFO] data.news_scraper - [31/89] https://www.abs-cbn.com/lifestyle/people-culture-events/2026/4/23/museo-del-galeon-traces-ph-s-rich-maritime-legacy-1931
2026-04-26 23:51:51 [INFO] data.news_scraper - [32/89] https://www.abs-cbn.com/lifestyle/2026/4/26/a-word-on-the-word-the-unfiltered-shepherd-known-by-name-not-by-image-0706
2026-04-26 23:51:52 [INFO] data.news_scraper - [33/89] https://www.abs-cbn.com/entertainment/studios/tv/2026/4/25/in-photos-jessy-vilma-join-luis-birthday-bash-on-kapamilya-deal-or-no-deal-pilot-episode-2133
2026-04-26 23:51:54 [INFO] data.news_scraper - [34/89] https://www.abs-cbn.com/entertainment/showbiz/celebrities/2026/4/25/dan-villegas-all-praises-for-jm-ibarra-and-fyang-smith-they-exceeded-my-expectations-2144
2026-04-26 23:51:57 [INFO] data.news_scraper - [35/89] https://www.abs-cbn.com/sports/esports/2026/4/26/team-secret-misses-playoff-stage-anew-in-2026-vct-pacific-stage-1-2156
2026-04-26 23:51:59 [INFO] data.news_scraper - [36/89] https://www.abs-cbn.com/sports/volleyball/2026/4/26/uaap-tin-ubaldo-sets-sights-on-pvl-draft-after-completing-feu-journey-1431
2026-04-26 23:52:01 [INFO] data.news_scraper - [37/89] https://www.abs-cbn.com/entertainment/showbiz/movies-series/2026/4/26/matty-juniosa-reacts-to-second-golden-buzzer-on-britain-s-got-talent-1231
2026-04-26 23:52:03 [INFO] data.news_scraper - [38/89] https://www.abs-cbn.com/news/regions/2026/4/23/20-chinese-nationals-arrested-suspected-illegal-mining-discovered-in-davao-region-1714
2026-04-26 23:52:04 [INFO] data.news_scraper - [39/89] https://www.abs-cbn.com/news/health-science/2026/4/13/four-gifted-kids-create-one-animated-film-1617
2026-04-26 23:52:07 [INFO] data.news_scraper - [40/89] https://www.abs-cbn.com/sports/othersports/2026/4/26/asian-beach-games-ph-women-s-relay-team-bags-silver-1418
2026-04-26 23:52:08 [INFO] data.news_scraper - [41/89] https://www.abs-cbn.com/news/regions/2026/4/22/-parang-hindi-na-bago-ex-dilg-chief-is-marcos-new-peace-adviser-1029
2026-04-26 23:52:10 [INFO] data.news_scraper - [42/89] https://www.abs-cbn.com/news/business/2026/4/22/look-jollibee-is-now-leed-certified-1554
2026-04-26 23:52:11 [INFO] data.news_scraper - [43/89] https://www.abs-cbn.com/news/nation/2026/4/26/ntf-elcac-warns-filipinos-abroad-vs-being-drawn-into-armed-conflict-in-ph-1100
2026-04-26 23:52:14 [INFO] data.news_scraper - [44/89] https://www.abs-cbn.com/entertainment/showbiz/celebrities/2026/4/26/here-are-the-wedding-vows-of-ka-mangyan-and-julius-mantala-that-sealed-their-love-story-0938
2026-04-26 23:52:15 [INFO] data.news_scraper - [45/89] https://www.abs-cbn.com/news/regions/2026/4/26/afp-handang-humarap-sa-anumang-imbestigasyon-kaugnay-ng-engkuwentro-sa-toboso-1923
2026-04-26 23:52:17 [INFO] data.news_scraper - [46/89] https://www.abs-cbn.com/lifestyle/food-travel/2026/4/25/beng-hiang-returns-to-manila-with-hokkien-pop-up-at-edsa-shangri-la-1040
2026-04-26 23:52:18 [INFO] data.news_scraper - [47/89] https://www.abs-cbn.com/entertainment/showbiz/celebrities/2026/4/25/watch-awra-briguela-gives-grocery-packs-to-jeepney-drivers-0914
2026-04-26 23:52:20 [INFO] data.news_scraper - [48/89] https://www.abs-cbn.com/sports/volleyball/2026/4/25/malabunga-marasigan-schnake-added-to-spikers-turf-all-star-cast-2020
2026-04-26 23:52:22 [INFO] data.news_scraper - [49/89] https://www.abs-cbn.com/news/nation/2026/4/26/chairperson-ng-usc-ng-up-diliman-itinangging-npa-si-alyssa-alano-2254
2026-04-26 23:52:24 [INFO] data.news_scraper - [50/89] https://www.abs-cbn.com/sports/basketball/2026/4/26/uaap-3x3-opens-as-dela-rosa-apag-bring-fiba-experience-back-to-college-halfcourt-1708
2026-04-26 23:52:25 [INFO] data.news_scraper - [51/89] https://www.abs-cbn.com/entertainment/showbiz/celebrities/2026/4/26/exclusive-david-licauco-reveals-plans-for-his-own-resort-in-siargao-dream-big-start-small-0847
2026-04-26 23:52:27 [INFO] data.news_scraper - [52/89] https://www.abs-cbn.com/entertainment/showbiz/events/2026/4/24/-one-of-the-biggest-blessings-direk-lauren-dyogi-looks-back-on-bini-s-coachella-experience-1413
2026-04-26 23:52:29 [INFO] data.news_scraper - [53/89] https://www.abs-cbn.com/sports/2026/4/25/eala-s-nmez-duo-exits-madrid-open-doubles-2204
2026-04-26 23:52:31 [INFO] data.news_scraper - [54/89] https://www.abs-cbn.com/news/nation/2026/4/26/vida-says-finding-zaldy-co-definitely-not-impossible-2224
2026-04-26 23:52:33 [INFO] data.news_scraper - [55/89] https://www.abs-cbn.com/lifestyle/people-culture-events/2026/4/24/weekend-agenda-ive-international-dance-day-fest-dia-del-libro-and-more-0800
2026-04-26 23:52:34 [INFO] data.news_scraper - [56/89] https://www.abs-cbn.com/entertainment/showbiz/movies-series/2026/4/26/matty-juniosa-heads-to-britain-s-got-talent-finals-after-fresh-golden-buzzer-win-1051
2026-04-26 23:52:36 [INFO] data.news_scraper - [57/89] https://www.abs-cbn.com/news/nation/2026/4/25/truck-bumulusok-sa-bangketa-sa-marikina-2-patay-1943
2026-04-26 23:52:37 [INFO] data.news_scraper - [58/89] https://www.abs-cbn.com/news/technology/2026/4/22/meaningful-homecoming-a-gift-for-ofws-0811
2026-04-26 23:52:40 [INFO] data.news_scraper - [59/89] https://www.abs-cbn.com/sports/basketball/2026/4/26/pba-ginebra-fends-off-titan-ultra-to-punch-quarterfinal-ticket-2222
2026-04-26 23:52:41 [INFO] data.news_scraper - [60/89] https://www.abs-cbn.com/sports/volleyball/2026/4/25/uaap-tigresses-eliminate-lady-tams-to-secure-postseason-berth-1808
2026-04-26 23:52:42 [INFO] data.news_scraper - [61/89] https://www.abs-cbn.com/entertainment/showbiz/celebrities/2026/4/25/kimpau-charms-global-fans-during-redwood-city-stop-of-world-tour-1712
2026-04-26 23:52:44 [INFO] data.news_scraper - [62/89] https://www.abs-cbn.com/news/nation/2026/4/25/andres-says-icc-prosecution-ready-to-prove-credibility-of-witnesses-vs-duterte-1603
2026-04-26 23:52:46 [INFO] data.news_scraper - [63/89] https://www.abs-cbn.com/news/regions/2026/4/24/mainit-na-kape-ipinanlaban-ng-lalaki-sa-holdaper-1120
2026-04-26 23:52:47 [INFO] data.news_scraper - [64/89] https://www.abs-cbn.com/entertainment/showbiz/celebrities/2026/4/26/seth-fedelin-says-there-is-no-competition-with-jmfyang-donbelle-movie-projects-we-support-them-0950
2026-04-26 23:52:49 [INFO] data.news_scraper - [65/89] https://www.abs-cbn.com/news/nation/2026/4/26/chr-probes-negros-occidental-clash-1235
2026-04-26 23:52:51 [INFO] data.news_scraper - [66/89] https://www.abs-cbn.com/news/nation/2026/4/26/thousands-of-advocates-gather-in-pasay-city-to-push-for-landmark-autism-inclusion-law-0952
2026-04-26 23:52:53 [INFO] data.news_scraper - [67/89] https://www.abs-cbn.com/entertainment/showbiz/celebrities/2026/4/25/riehata-sb19-team-up-for-stella-dance-jam-in-ph-japan-friendship-year-celebration-0027
2026-04-26 23:52:54 [INFO] data.news_scraper - [68/89] https://www.abs-cbn.com/lifestyle/people-culture-events/2026/4/25/gandingan-awards-2026-michael-delizo-abs-cbn-programs-recognized-2211
2026-04-26 23:52:56 [INFO] data.news_scraper - [69/89] https://www.abs-cbn.com/sports/basketball/2026/4/25/pba-bolick-hits-dagger-4-as-nlex-sinks-terrafirma-1951
2026-04-26 23:52:58 [INFO] data.news_scraper - [70/89] https://www.abs-cbn.com/lifestyle/people-culture-events/2026/4/24/cowgirls-of-masbate-rodeo-tackle-steers-stereotypes-1157
2026-04-26 23:52:59 [INFO] data.news_scraper - [71/89] https://www.abs-cbn.com/lifestyle/food-travel/2026/4/23/ph-s-inasal-adobo-in-tasteatlas-list-of-world-s-best-chicken-dishes-1716
2026-04-26 23:53:01 [INFO] data.news_scraper - [72/89] https://www.abs-cbn.com/news/nation/2026/4/25/stalled-delivery-the-systemic-breakdown-of-phlpost-1458
2026-04-26 23:53:03 [INFO] data.news_scraper - [73/89] https://www.abs-cbn.com/lifestyle/people-culture-events/2026/4/24/international-dance-day-fest-opens-with-standout-abt-performance-1609
2026-04-26 23:53:05 [INFO] data.news_scraper - [74/89] https://www.abs-cbn.com/news/regions/2026/4/26/tv-patrol-regional-april-26-2026-1730
2026-04-26 23:53:06 [INFO] data.news_scraper - [75/89] https://www.abs-cbn.com/news/nation/2026/4/25/sk-chairman-sa-maynila-inirereklamo-ng-pananakit-ng-buntis-na-kasintahan-1316
2026-04-26 23:53:07 [INFO] data.news_scraper - [76/89] https://www.abs-cbn.com/news/nation/2026/4/26/doj-gets-lead-on-zaldy-co-s-capture-in-czech-republic-2019
2026-04-26 23:53:09 [INFO] data.news_scraper - [77/89] https://www.abs-cbn.com/news/business/2026/4/24/solar-panel-project-helps-communities-nationwide-1219
2026-04-26 23:53:10 [INFO] data.news_scraper - [78/89] https://www.abs-cbn.com/news/regions/2026/4/26/company-consultant-patay-sa-pananambang-sa-calamba-laguna-1827
2026-04-26 23:53:12 [INFO] data.news_scraper - [79/89] https://www.abs-cbn.com/lifestyle/2026/4/26/furniture-brand-employs-charred-wood-to-elevate-local-luxury-design-1000
2026-04-26 23:53:14 [INFO] data.news_scraper - [80/89] https://www.abs-cbn.com/sports/basketball/2026/4/25/pba-rain-or-shine-surges-past-magnolia-as-tensions-rose-in-4q-2230
2026-04-26 23:53:15 [INFO] data.news_scraper - [81/89] https://www.abs-cbn.com/lifestyle/people-culture-events/2026/4/24/menchu-lauchengco-yulo-embraces-challenge-of-playing-maria-callas-in-master-class-1400
2026-04-26 23:53:17 [INFO] data.news_scraper - [82/89] https://www.abs-cbn.com/sports/basketball/2026/4/26/pba-smith-leads-the-way-as-converge-dominates-import-less-phoenix-1941
2026-04-26 23:53:19 [INFO] data.news_scraper - [83/89] https://www.abs-cbn.com/news/regions/2026/4/22/6-passengers-rescued-after-motorbanca-capsizes-off-occidental-mindoro-1825
2026-04-26 23:53:20 [INFO] data.news_scraper - [84/89] https://www.abs-cbn.com/news/nation/2026/4/25/remulla-confirms-freeze-order-on-romualdez-over-flood-control-probe-2234
2026-04-26 23:53:22 [INFO] data.news_scraper - [85/89] https://www.abs-cbn.com/news/regions/2026/4/26/sawa-na-lumamon-ng-buong-baboy-nahuli-sa-marinduque-0830
2026-04-26 23:53:24 [INFO] data.news_scraper - [86/89] https://www.abs-cbn.com/entertainment/showbiz/events/2026/4/24/bini-unveils-international-stops-and-ticket-selling-details-for-signals-world-tour-2026-2346
2026-04-26 23:53:25 [INFO] data.news_scraper - [87/89] https://www.abs-cbn.com/news/nation/2026/4/26/ombudsman-blasts-online-leak-of-investigators-identities-in-relation-to-plunder-probe-1705
2026-04-26 23:53:27 [INFO] data.news_scraper - [88/89] https://www.abs-cbn.com/news/nation/2026/4/24/duterte-family-an-existential-threat-to-ph-democracy-trillanes-1618
2026-04-26 23:53:29 [INFO] data.news_scraper - [89/89] https://www.abs-cbn.com/news/world/2026/4/26/man-armed-with-multiple-weapons-charged-at-security-checkpoint-trump-says-2031
2026-04-26 23:53:31 [INFO] data.news_scraper - === SCRAPE COMPLETE === discovered=89 new=89 relevant=0 stored=0
2026-04-26 23:53:31 [INFO] main - Scraping complete. Stats: {'discovered': 89, 'new': 89, 'relevant': 0, 'stored': 0}
2026-04-26 23:55:08 [INFO] pipeline.trainer - === FULL TRAINING PIPELINE ===
2026-04-26 23:55:08 [INFO] data.fetcher - Fetching ALL food price records ...
2026-04-26 23:55:14 [INFO] data.fetcher - Fetched 14,621 rows total.
2026-04-26 23:55:14 [INFO] pipeline.trainer - Step 1/7 -- Preprocessing ...
2026-04-26 23:55:14 [INFO] data.preprocessor - Preprocessing 14,621 rows ...
2026-04-26 23:55:14 [INFO] data.preprocessor - Removed 49 duplicate rows.
2026-04-26 23:55:14 [INFO] data.preprocessor - Removed 15 outlier rows (>4.0σ).
2026-04-26 23:55:14 [INFO] data.preprocessor - Preprocessing complete -- 14,557 clean rows.
2026-04-26 23:55:14 [INFO] pipeline.trainer - Step 2/7 -- Feature engineering ...
2026-04-26 23:55:14 [INFO] features.temporal - Added 15 temporal features.
2026-04-26 23:55:14 [INFO] features.lag_features - Added 29 lag / rolling features.
2026-04-26 23:55:14 [INFO] features.categorical - Saved categorical mappings → D:\THESIS\model_trainer\artifacts\categorical_mappings.json
2026-04-26 23:55:14 [INFO] features.categorical - Encoded 4 categorical columns (111 unique values).
2026-04-26 23:55:15 [INFO] data.news_fetcher - Fetched 0 news articles from last 90 days.
2026-04-26 23:55:15 [INFO] features.news_sentiment - No news articles found -- zero-filling sentiment features.
2026-04-26 23:55:15 [INFO] pipeline.trainer - Step 3/7 -- Splitting data ...
2026-04-26 23:55:15 [INFO] pipeline.trainer - Step 4/7 -- Training LightGBM ...
2026-04-26 23:55:22 [INFO] models.lightgbm_model - LightGBM validation -- RMSE: 4.3980  MAE: 2.4113  MAPE: 2.17%
2026-04-26 23:55:22 [INFO] models.lightgbm_model - Saved LightGBM model → D:\THESIS\model_trainer\artifacts\lightgbm_model.txt
2026-04-26 23:55:30 [INFO] models.lightgbm_model - Trained quantile models for confidence intervals.
2026-04-26 23:55:30 [INFO] pipeline.trainer - Step 5/7 -- Training LSTM ...
2026-04-26 23:55:36 [INFO] models.lstm_model - Epoch   1/100  train_loss=0.155648  val_loss=0.034834
2026-04-26 23:56:12 [INFO] models.lstm_model - Epoch  10/100  train_loss=0.077803  val_loss=0.032290
2026-04-26 23:57:05 [INFO] models.lstm_model - Epoch  20/100  train_loss=0.062668  val_loss=0.029839
2026-04-26 23:57:57 [INFO] models.lstm_model - Epoch  30/100  train_loss=0.054702  val_loss=0.025818
2026-04-26 23:58:52 [INFO] models.lstm_model - Epoch  40/100  train_loss=0.046787  val_loss=0.030132
2026-04-26 23:59:46 [INFO] models.lstm_model - Epoch  50/100  train_loss=0.040356  val_loss=0.026169
2026-04-27 00:00:40 [INFO] models.lstm_model - Epoch  60/100  train_loss=0.031800  val_loss=0.026008
2026-04-27 00:01:28 [INFO] models.lstm_model - Epoch  70/100  train_loss=0.026927  val_loss=0.024332
2026-04-27 00:02:05 [INFO] models.lstm_model - Early stopping at epoch 77
2026-04-27 00:02:06 [INFO] models.lstm_model - LSTM validation -- RMSE: 18.5236  MAE: 8.5034  MAPE: 9.60%
2026-04-27 00:02:06 [INFO] pipeline.trainer - Step 6/7 -- Training ensemble ...
2026-04-27 00:02:06 [INFO] models.ensemble - Meta-model trained -- LightGBM coef: 0.5048, LSTM coef: 0.5048, intercept: -1.3988
2026-04-27 00:02:06 [INFO] models.ensemble - Ensemble (stacking) -- RMSE: 4.2710  MAE: 2.4739  MAPE: 3.38%
2026-04-27 00:02:06 [INFO] models.ensemble - Saved ensemble meta-model -> D:\THESIS\model_trainer\artifacts\ensemble_meta_model.pkl
2026-04-27 00:02:06 [INFO] pipeline.trainer - Step 7/7 -- Saving model version ...
2026-04-27 00:02:06 [INFO] models.model_store - Created model version v009_2026-04-26T16-02-06 (5 files)
2026-04-27 00:02:06 [INFO] pipeline.drift_detector - Saved reference distribution (14557 samples).
2026-04-27 00:02:06 [INFO] pipeline.trainer - === TRAINING COMPLETE ===
2026-04-27 00:02:06 [INFO] main - Training complete. Metrics: {'lgbm': {'rmse': 4.398036143510941, 'mae': 2.4113051996223906, 'mape': 2.169480833207227}, 'lstm': {'rmse': 18.523579720545385, 'mae': 8.503391115845753, 'mape': 9.596125069515725}, 'ensemble': {'rmse': 4.270966440735089, 'mae': 2.473947130865446, 'mape': 3.3803659852337047}, 'timestamp': '2026-04-26T16:02:06.205149+00:00', 'data_rows': 14557, 'mode': 'full'}
2026-04-27 00:14:45 [INFO] pipeline.trainer - === FULL TRAINING PIPELINE ===
2026-04-27 00:14:45 [INFO] data.fetcher - Fetching ALL food price records ...
2026-04-27 00:14:52 [INFO] data.fetcher - Fetched 14,128 rows total.
2026-04-27 00:14:52 [INFO] pipeline.trainer - Step 1/7 -- Preprocessing ...
2026-04-27 00:14:52 [INFO] data.preprocessor - Preprocessing 14,128 rows ...
2026-04-27 00:14:52 [INFO] data.preprocessor - Removed 73 duplicate rows.
2026-04-27 00:14:52 [INFO] data.preprocessor - Removed 13 outlier rows (>4.0σ).
2026-04-27 00:14:52 [INFO] data.preprocessor - Preprocessing complete -- 14,042 clean rows.
2026-04-27 00:14:52 [INFO] pipeline.trainer - Step 2/7 -- Feature engineering ...
2026-04-27 00:14:52 [INFO] features.temporal - Added 15 temporal features.
2026-04-27 00:14:52 [INFO] features.lag_features - Added 29 lag / rolling features.
2026-04-27 00:14:52 [INFO] features.categorical - Saved categorical mappings → D:\THESIS\model_trainer\artifacts\categorical_mappings.json
2026-04-27 00:14:52 [INFO] features.categorical - Encoded 4 categorical columns (110 unique values).
2026-04-27 00:14:53 [INFO] data.news_fetcher - Fetched 0 news articles from last 90 days.
2026-04-27 00:14:53 [INFO] features.news_sentiment - No news articles found -- zero-filling sentiment features.
2026-04-27 00:14:53 [INFO] pipeline.trainer - Step 3/7 -- Splitting data ...
2026-04-27 00:14:53 [INFO] pipeline.trainer - Step 4/7 -- Training LightGBM ...
2026-04-27 00:15:09 [INFO] models.lightgbm_model - LightGBM validation -- RMSE: 4.0906  MAE: 2.2952  MAPE: 2.17%
2026-04-27 00:15:09 [INFO] models.lightgbm_model - Saved LightGBM model → D:\THESIS\model_trainer\artifacts\lightgbm_model.txt
2026-04-27 00:15:33 [INFO] models.lightgbm_model - Trained quantile models for confidence intervals.
2026-04-27 00:15:33 [INFO] pipeline.trainer - Step 5/7 -- Training LSTM ...
2026-04-27 00:15:33 [INFO] models.lstm_model - LSTM using 25 input features: ['price_index', 'price_lag_1d', 'price_lag_3d', 'price_lag_7d', 'price_lag_14d', 'price_lag_30d', 'price_rolling_mean_3d', 'price_rolling_mean_7d', 'price_rolling_mean_14d', 'price_rolling_mean_30d', 'price_rolling_std_7d', 'price_rolling_std_14d', 'price_pct_change_1d', 'price_pct_change_7d', 'price_volatility_14d', 'price_rsi_14d', 'price_macd', 'month_sin', 'month_cos', 'dow_sin', 'dow_cos', 'is_wet_season', 'is_christmas_season', 'news_volume_7d', 'supply_shock_flag']
2026-04-27 00:15:34 [INFO] pipeline.trainer - LSTM sequences — train: 9920, val: 1192, features: 25
2026-04-27 00:15:46 [INFO] models.lstm_model - Epoch   1/100  train=0.009562  val=0.010375  lr=9.76e-04
2026-04-27 00:17:00 [INFO] models.lstm_model - Epoch  10/100  train=0.004255  val=0.009615  lr=1.00e-03
2026-04-27 00:18:19 [INFO] models.lstm_model - Epoch  20/100  train=0.004321  val=0.012238  lr=5.00e-04
2026-04-27 00:19:08 [INFO] models.lstm_model - Early stopping at epoch 26
2026-04-27 00:19:08 [INFO] models.lstm_model - LSTM validation — RMSE: 48.9084  MAE: 41.8656  MAPE: 154.67%
2026-04-27 00:19:08 [INFO] pipeline.trainer - Step 6/7 -- Training ensemble ...
2026-04-27 00:19:08 [INFO] pipeline.trainer - Ensemble training with 1192 aligned predictions.
2026-04-27 00:19:08 [INFO] models.ensemble - Meta-model trained -- LightGBM coef: 1.0024, LSTM coef: 0.0017, intercept: -1.0706
2026-04-27 00:19:08 [INFO] models.ensemble - Ensemble (stacking) -- RMSE: 3.6309  MAE: 2.0951  MAPE: 1.93%
2026-04-27 00:19:08 [INFO] models.ensemble - Saved ensemble meta-model -> D:\THESIS\model_trainer\artifacts\ensemble_meta_model.pkl
2026-04-27 00:19:08 [INFO] pipeline.trainer - Step 7/7 -- Saving model version ...
2026-04-27 00:19:09 [INFO] models.model_store - Created model version v010_2026-04-26T16-19-08 (5 files)
2026-04-27 00:19:09 [INFO] pipeline.drift_detector - Saved reference distribution (14042 samples).
2026-04-27 00:19:09 [INFO] pipeline.trainer - === TRAINING COMPLETE ===
2026-04-27 00:19:09 [INFO] main - Training complete. Metrics: {'lgbm': {'rmse': 4.090563718825656, 'mae': 2.295197618692099, 'mape': 2.1661845417014587}, 'lstm': {'rmse': 48.90843484933806, 'mae': 41.86559091439983, 'mape': 154.67098493677975}, 'ensemble': {'rmse': 3.6309346546098054, 'mae': 2.0950629439094643, 'mape': 1.9343738683506373}, 'timestamp': '2026-04-26T16:19:08.950627+00:00', 'data_rows': 14042, 'mode': 'full'}
2026-04-27 00:25:02 [INFO] pipeline.trainer - === FULL TRAINING PIPELINE ===
2026-04-27 00:25:02 [INFO] data.fetcher - Fetching ALL food price records ...
2026-04-27 00:25:08 [INFO] data.fetcher - Fetched 14,216 rows total.
2026-04-27 00:25:08 [INFO] pipeline.trainer - Step 1/7 -- Preprocessing ...
2026-04-27 00:25:08 [INFO] data.preprocessor - Preprocessing 14,216 rows ...
2026-04-27 00:25:08 [INFO] data.preprocessor - Removed 65 duplicate rows.
2026-04-27 00:25:08 [INFO] data.preprocessor - Removed 14 outlier rows (>4.0σ).
2026-04-27 00:25:08 [INFO] data.preprocessor - Preprocessing complete -- 14,137 clean rows.
2026-04-27 00:25:08 [INFO] pipeline.trainer - Step 2/7 -- Feature engineering ...
2026-04-27 00:25:08 [INFO] features.temporal - Added 15 temporal features.
2026-04-27 00:25:09 [INFO] features.lag_features - Added 29 lag / rolling features.
2026-04-27 00:25:09 [INFO] features.categorical - Saved categorical mappings → D:\THESIS\model_trainer\artifacts\categorical_mappings.json
2026-04-27 00:25:09 [INFO] features.categorical - Encoded 4 categorical columns (114 unique values).
2026-04-27 00:25:09 [INFO] data.news_fetcher - Fetched 0 news articles from last 90 days.
2026-04-27 00:25:09 [INFO] features.news_sentiment - No news articles found -- zero-filling sentiment features.
2026-04-27 00:25:09 [INFO] pipeline.trainer - Step 3/7 -- Splitting data ...
2026-04-27 00:25:09 [INFO] pipeline.trainer - Step 4/7 -- Training LightGBM ...
2026-04-27 00:25:18 [INFO] models.lightgbm_model - LightGBM validation -- RMSE: 4.0854  MAE: 2.2516  MAPE: 2.21%
2026-04-27 00:25:18 [INFO] models.lightgbm_model - Saved LightGBM model → D:\THESIS\model_trainer\artifacts\lightgbm_model.txt
2026-04-27 00:25:42 [INFO] models.lightgbm_model - Trained quantile models for confidence intervals.
2026-04-27 00:25:42 [INFO] pipeline.trainer - Step 5/7 -- Training LSTM ...
2026-04-27 00:25:42 [INFO] models.lstm_model - LSTM using 25 input features: ['price_index', 'price_lag_1d', 'price_lag_3d', 'price_lag_7d', 'price_lag_14d', 'price_lag_30d', 'price_rolling_mean_3d', 'price_rolling_mean_7d', 'price_rolling_mean_14d', 'price_rolling_mean_30d', 'price_rolling_std_7d', 'price_rolling_std_14d', 'price_pct_change_1d', 'price_pct_change_7d', 'price_volatility_14d', 'price_rsi_14d', 'price_macd', 'month_sin', 'month_cos', 'dow_sin', 'dow_cos', 'is_wet_season', 'is_christmas_season', 'news_volume_7d', 'supply_shock_flag']
2026-04-27 00:25:43 [INFO] pipeline.trainer - LSTM sequences — train: 10015, val: 1192, features: 25
2026-04-27 00:25:58 [INFO] models.lstm_model - Epoch   1/200  train=0.135147  val=0.107054  lr=1.00e-03  ~MAPE=24.7%
2026-04-27 00:27:28 [INFO] models.lstm_model - Epoch  10/200  train=0.084688  val=0.117933  lr=1.00e-03  ~MAPE=46.9%
2026-04-27 00:29:37 [INFO] models.lstm_model - Epoch  20/200  train=0.072899  val=0.117392  lr=5.00e-04  ~MAPE=56.9%
2026-04-27 00:31:27 [INFO] models.lstm_model - Epoch  30/200  train=0.050774  val=0.095403  lr=2.50e-04  ~MAPE=50.5%
2026-04-27 00:33:25 [INFO] models.lstm_model - Epoch  40/200  train=0.040597  val=0.098460  lr=2.50e-04  ~MAPE=52.2%
2026-04-27 00:35:31 [INFO] models.lstm_model - Epoch  50/200  train=0.032065  val=0.102874  lr=1.25e-04  ~MAPE=49.6%
2026-04-27 00:37:39 [INFO] models.lstm_model - Epoch  60/200  train=0.027262  val=0.101633  lr=3.13e-05  ~MAPE=50.3%
2026-04-27 00:38:15 [INFO] models.lstm_model - Early stopping at epoch 63
2026-04-27 00:38:15 [INFO] models.lstm_model - LSTM validation — RMSE: 37.0810  MAE: 26.2269  MAPE: 90.86%
2026-04-27 00:38:15 [INFO] pipeline.trainer - Step 6/7 -- Training ensemble ...
2026-04-27 00:38:16 [INFO] pipeline.trainer - Ensemble training with 1192 aligned predictions.
2026-04-27 00:38:16 [INFO] models.ensemble - Meta-model trained -- LightGBM coef: 1.0056, LSTM coef: 0.0000, intercept: -0.7647
2026-04-27 00:38:16 [INFO] models.ensemble - Ensemble (stacking) -- RMSE: 3.5390  MAE: 2.0084  MAPE: 1.78%
2026-04-27 00:38:16 [INFO] models.ensemble - Saved ensemble meta-model -> D:\THESIS\model_trainer\artifacts\ensemble_meta_model.pkl
2026-04-27 00:38:16 [INFO] pipeline.trainer - Step 7/7 -- Saving model version ...
2026-04-27 00:38:16 [INFO] models.model_store - Pruned old version: v001_2026-04-26T11-37-44
2026-04-27 00:38:16 [INFO] models.model_store - Created model version v011_2026-04-26T16-38-16 (5 files)
2026-04-27 00:38:16 [INFO] pipeline.drift_detector - Saved reference distribution (14137 samples).
2026-04-27 00:38:16 [INFO] pipeline.trainer - === TRAINING COMPLETE ===
2026-04-27 00:38:16 [INFO] main - Training complete. Metrics: {'lgbm': {'rmse': 4.08537643016055, 'mae': 2.251558549416196, 'mape': 2.2073708236851366}, 'lstm': {'rmse': 37.081044170401775, 'mae': 26.226925353747887, 'mape': 90.85982986530271}, 'ensemble': {'rmse': 3.5390267253110297, 'mae': 2.0084203092028177, 'mape': 1.7788702044442335}, 'timestamp': '2026-04-26T16:38:16.484316+00:00', 'data_rows': 14137, 'mode': 'full'}
2026-04-27 00:43:23 [INFO] pipeline.trainer - === FULL TRAINING PIPELINE ===
2026-04-27 00:43:23 [INFO] data.fetcher - Fetching ALL food price records ...
2026-04-27 00:43:31 [INFO] data.fetcher - Fetched 15,226 rows total.
2026-04-27 00:43:31 [INFO] pipeline.trainer - Step 1/7 -- Preprocessing ...
2026-04-27 00:43:31 [INFO] data.preprocessor - Preprocessing 15,226 rows ...
2026-04-27 00:43:31 [INFO] data.preprocessor - Removed 26 duplicate rows.
2026-04-27 00:43:31 [INFO] data.preprocessor - Removed 18 outlier rows (>4.0σ).
2026-04-27 00:43:31 [INFO] data.preprocessor - Preprocessing complete -- 15,182 clean rows.
2026-04-27 00:43:31 [INFO] pipeline.trainer - Step 2/7 -- Feature engineering ...
2026-04-27 00:43:31 [INFO] features.temporal - Added 15 temporal features.
2026-04-27 00:43:31 [INFO] features.lag_features - Added 29 lag / rolling features.
2026-04-27 00:43:31 [INFO] features.categorical - Saved categorical mappings → D:\THESIS\model_trainer\artifacts\categorical_mappings.json
2026-04-27 00:43:31 [INFO] features.categorical - Encoded 4 categorical columns (115 unique values).
2026-04-27 00:43:32 [INFO] data.news_fetcher - Fetched 0 news articles from last 90 days.
2026-04-27 00:43:32 [INFO] features.news_sentiment - No news articles found -- zero-filling sentiment features.
2026-04-27 00:43:32 [INFO] pipeline.trainer - Step 3/7 -- Splitting data ...
2026-04-27 00:43:32 [INFO] pipeline.trainer - Step 4/7 -- Training LightGBM ...
2026-04-27 00:43:47 [INFO] models.lightgbm_model - LightGBM validation -- RMSE: 4.2647  MAE: 2.4102  MAPE: 2.25%
2026-04-27 00:43:47 [INFO] models.lightgbm_model - Saved LightGBM model → D:\THESIS\model_trainer\artifacts\lightgbm_model.txt
2026-04-27 00:44:14 [INFO] models.lightgbm_model - Trained quantile models for confidence intervals.
2026-04-27 00:44:14 [INFO] pipeline.trainer - Step 5/7 -- Training LSTM ...
2026-04-27 00:44:14 [INFO] models.lstm_model - LSTM using 11 input features: ['price_index', 'price_lag_1d', 'price_lag_7d', 'price_rolling_mean_7d', 'price_rolling_mean_30d', 'price_pct_change_1d', 'month_sin', 'month_cos', 'dow_sin', 'dow_cos', 'supply_shock_flag']
2026-04-27 00:44:14 [INFO] pipeline.trainer - LSTM sequences — train: 11060, val: 1192, features: 11
2026-04-27 00:44:26 [INFO] models.lstm_model - Epoch   1/200  train=0.142485  val=0.103891  lr=1.00e-03  ~MAPE=29.1%
2026-04-27 00:45:55 [INFO] models.lstm_model - Epoch  10/200  train=0.097205  val=0.087877  lr=1.00e-03  ~MAPE=18.9%
2026-04-27 00:47:23 [INFO] models.lstm_model - Epoch  20/200  train=0.070058  val=0.071714  lr=1.00e-03  ~MAPE=26.5%
2026-04-27 00:48:45 [INFO] models.lstm_model - Epoch  30/200  train=0.057372  val=0.078945  lr=1.00e-03  ~MAPE=31.2%
2026-04-27 00:50:10 [INFO] models.lstm_model - Epoch  40/200  train=0.043958  val=0.074051  lr=5.00e-04  ~MAPE=11.4%
2026-04-27 00:51:38 [INFO] models.lstm_model - Epoch  50/200  train=0.037888  val=0.082017  lr=2.50e-04  ~MAPE=18.7%
2026-04-27 00:52:20 [INFO] models.lstm_model - Early stopping at epoch 54
2026-04-27 00:52:20 [INFO] models.lstm_model - LSTM validation — RMSE: 32.2176  MAE: 18.8869  MAPE: 38.42%
2026-04-27 00:52:20 [INFO] pipeline.trainer - Step 6/7 -- Training ensemble ...
2026-04-27 00:52:21 [INFO] pipeline.trainer - Ensemble training with 1192 aligned predictions.
2026-04-27 00:52:21 [INFO] models.ensemble - Meta-model trained -- LightGBM coef: 1.0059, LSTM coef: 0.0021, intercept: -1.2175
2026-04-27 00:52:21 [INFO] models.ensemble - Ensemble (stacking) -- RMSE: 3.6994  MAE: 2.0993  MAPE: 1.86%
2026-04-27 00:52:21 [INFO] models.ensemble - Saved ensemble meta-model -> D:\THESIS\model_trainer\artifacts\ensemble_meta_model.pkl
2026-04-27 00:52:21 [INFO] pipeline.trainer - Step 7/7 -- Saving model version ...
2026-04-27 00:52:21 [INFO] models.model_store - Pruned old version: v002_2026-04-26T11-43-22
2026-04-27 00:52:21 [INFO] models.model_store - Created model version v011_2026-04-26T16-52-21 (5 files)
2026-04-27 00:52:21 [INFO] pipeline.drift_detector - Saved reference distribution (15182 samples).
2026-04-27 00:52:21 [INFO] pipeline.trainer - === TRAINING COMPLETE ===
2026-04-27 00:52:21 [INFO] main - Training complete. Metrics: {'lgbm': {'rmse': 4.264668638780853, 'mae': 2.4101776874599254, 'mape': 2.2529310388118207}, 'lstm': {'rmse': 32.217648809739956, 'mae': 18.886894593974887, 'mape': 38.41826682490003}, 'ensemble': {'rmse': 3.6993575784499795, 'mae': 2.099321004091276, 'mape': 1.8641378040299479}, 'timestamp': '2026-04-26T16:52:21.236098+00:00', 'data_rows': 15182, 'mode': 'full'}
2026-04-27 00:54:38 [INFO] pipeline.trainer - === FULL TRAINING PIPELINE ===
2026-04-27 00:54:38 [INFO] data.fetcher - Fetching ALL food price records ...
2026-04-27 00:54:45 [INFO] data.fetcher - Fetched 15,394 rows total.
2026-04-27 00:54:45 [INFO] pipeline.trainer - Step 1/7 -- Preprocessing ...
2026-04-27 00:54:45 [INFO] data.preprocessor - Preprocessing 15,394 rows ...
2026-04-27 00:54:45 [INFO] data.preprocessor - Removed 38 duplicate rows.
2026-04-27 00:54:45 [INFO] data.preprocessor - Removed 18 outlier rows (>4.0σ).
2026-04-27 00:54:45 [INFO] data.preprocessor - Preprocessing complete -- 15,338 clean rows.
2026-04-27 00:54:45 [INFO] pipeline.trainer - Step 2/7 -- Feature engineering ...
2026-04-27 00:54:45 [INFO] features.temporal - Added 15 temporal features.
2026-04-27 00:54:45 [INFO] features.lag_features - Added 29 lag / rolling features.
2026-04-27 00:54:45 [INFO] features.categorical - Saved categorical mappings → D:\THESIS\model_trainer\artifacts\categorical_mappings.json
2026-04-27 00:54:45 [INFO] features.categorical - Encoded 4 categorical columns (115 unique values).
2026-04-27 00:54:46 [INFO] data.news_fetcher - Fetched 0 news articles from last 90 days.
2026-04-27 00:54:46 [INFO] features.news_sentiment - No news articles found -- zero-filling sentiment features.
2026-04-27 00:54:46 [INFO] pipeline.trainer - Step 3/7 -- Splitting data ...
2026-04-27 00:54:46 [INFO] pipeline.trainer - Step 4/7 -- Training LightGBM ...
2026-04-27 00:54:55 [INFO] models.lightgbm_model - LightGBM validation -- RMSE: 4.2223  MAE: 2.3434  MAPE: 2.24%
2026-04-27 00:54:55 [INFO] models.lightgbm_model - Saved LightGBM model → D:\THESIS\model_trainer\artifacts\lightgbm_model.txt
2026-04-27 00:55:08 [INFO] models.lightgbm_model - Trained quantile models for confidence intervals.
2026-04-27 00:55:08 [INFO] pipeline.trainer - Step 5/7 -- Training LSTM ...
2026-04-27 00:55:08 [INFO] models.lstm_model - LSTM using 11 input features: ['price_index', 'price_lag_1d', 'price_lag_7d', 'price_rolling_mean_7d', 'price_rolling_mean_30d', 'price_pct_change_1d', 'month_sin', 'month_cos', 'dow_sin', 'dow_cos', 'supply_shock_flag']
2026-04-27 00:55:09 [INFO] pipeline.trainer - LSTM sequences — train: 11216, val: 1192, features: 11
2026-04-27 00:55:17 [ERROR] pipeline.trainer - LSTM training failed: LSTMModel._denormalize_targets() missing 1 required positional argument: 'product_name'
2026-04-27 00:55:17 [INFO] pipeline.trainer - Step 6/7 -- Training ensemble ...
2026-04-27 00:55:17 [INFO] pipeline.trainer - Step 7/7 -- Saving model version ...
2026-04-27 00:55:17 [INFO] models.model_store - Pruned old version: v003_2026-04-26T11-49-02
2026-04-27 00:55:17 [INFO] models.model_store - Created model version v011_2026-04-26T16-55-17 (5 files)
2026-04-27 00:55:17 [INFO] pipeline.drift_detector - Saved reference distribution (15338 samples).
2026-04-27 00:55:17 [INFO] pipeline.trainer - === TRAINING COMPLETE ===
2026-04-27 00:55:17 [INFO] main - Training complete. Metrics: {'lgbm': {'rmse': 4.222316488384793, 'mae': 2.343398324779222, 'mape': 2.236651150128016}, 'lstm': {}, 'ensemble': {}, 'timestamp': '2026-04-26T16:55:17.123911+00:00', 'data_rows': 15338, 'mode': 'full'}
2026-04-27 01:01:59 [INFO] pipeline.trainer - === FULL TRAINING PIPELINE ===
2026-04-27 01:01:59 [INFO] data.fetcher - Fetching ALL food price records ...
2026-04-27 01:02:04 [INFO] pipeline.trainer - === FULL TRAINING PIPELINE ===
2026-04-27 01:02:04 [INFO] data.fetcher - Fetching ALL food price records ...
2026-04-27 01:02:06 [INFO] data.fetcher - Fetched 16,307 rows total.
2026-04-27 01:02:06 [INFO] pipeline.trainer - Step 1/7 -- Preprocessing ...
2026-04-27 01:02:06 [INFO] data.preprocessor - Preprocessing 16,307 rows ...
2026-04-27 01:02:06 [INFO] data.preprocessor - Removed 12 duplicate rows.
2026-04-27 01:02:06 [INFO] data.preprocessor - Removed 17 outlier rows (>4.0σ).
2026-04-27 01:02:06 [INFO] data.preprocessor - Preprocessing complete -- 16,278 clean rows.
2026-04-27 01:02:06 [INFO] pipeline.trainer - Step 2/7 -- Feature engineering ...
2026-04-27 01:02:06 [INFO] features.temporal - Added 15 temporal features.
2026-04-27 01:02:06 [INFO] features.lag_features - Added 29 lag / rolling features.
2026-04-27 01:02:06 [INFO] features.categorical - Saved categorical mappings → D:\THESIS\model_trainer\artifacts\categorical_mappings.json
2026-04-27 01:02:06 [INFO] features.categorical - Encoded 4 categorical columns (115 unique values).
2026-04-27 01:02:07 [INFO] data.news_fetcher - Fetched 0 news articles from last 90 days.
2026-04-27 01:02:07 [INFO] features.news_sentiment - No news articles found -- zero-filling sentiment features.
2026-04-27 01:02:07 [INFO] pipeline.trainer - Step 3/7 -- Splitting data ...
2026-04-27 01:02:07 [INFO] pipeline.trainer - Step 4/7 -- Training LightGBM ...
2026-04-27 01:02:09 [INFO] data.fetcher - Fetched 16,307 rows total.
2026-04-27 01:02:09 [INFO] pipeline.trainer - Step 1/7 -- Preprocessing ...
2026-04-27 01:02:09 [INFO] data.preprocessor - Preprocessing 16,307 rows ...
2026-04-27 01:02:09 [INFO] data.preprocessor - Removed 12 duplicate rows.
2026-04-27 01:02:10 [INFO] data.preprocessor - Removed 17 outlier rows (>4.0σ).
2026-04-27 01:02:10 [INFO] data.preprocessor - Preprocessing complete -- 16,278 clean rows.
2026-04-27 01:02:10 [INFO] pipeline.trainer - Step 2/7 -- Feature engineering ...
2026-04-27 01:02:10 [INFO] features.temporal - Added 15 temporal features.
2026-04-27 01:02:10 [INFO] features.lag_features - Added 29 lag / rolling features.
2026-04-27 01:02:10 [INFO] features.categorical - Saved categorical mappings → D:\THESIS\model_trainer\artifacts\categorical_mappings.json
2026-04-27 01:02:10 [INFO] features.categorical - Encoded 4 categorical columns (115 unique values).
2026-04-27 01:02:11 [INFO] data.news_fetcher - Fetched 0 news articles from last 90 days.
2026-04-27 01:02:11 [INFO] features.news_sentiment - No news articles found -- zero-filling sentiment features.
2026-04-27 01:02:11 [INFO] pipeline.trainer - Step 3/7 -- Splitting data ...
2026-04-27 01:02:11 [INFO] pipeline.trainer - Step 4/7 -- Training LightGBM ...
2026-04-27 01:02:22 [INFO] models.lightgbm_model - LightGBM validation -- RMSE: 4.1046  MAE: 2.3412  MAPE: 2.23%
2026-04-27 01:02:22 [INFO] models.lightgbm_model - Saved LightGBM model → D:\THESIS\model_trainer\artifacts\lightgbm_model.txt
2026-04-27 01:02:31 [INFO] models.lightgbm_model - LightGBM validation -- RMSE: 4.1046  MAE: 2.3412  MAPE: 2.23%
2026-04-27 01:02:31 [INFO] models.lightgbm_model - Saved LightGBM model → D:\THESIS\model_trainer\artifacts\lightgbm_model.txt
2026-04-27 01:02:53 [INFO] models.lightgbm_model - Trained quantile models for confidence intervals.
2026-04-27 01:02:53 [INFO] pipeline.trainer - Step 5/7 -- Training LSTM ...
2026-04-27 01:02:53 [INFO] models.lstm_model - LSTM using 11 input features: ['price_index', 'price_lag_1d', 'price_lag_7d', 'price_rolling_mean_7d', 'price_rolling_mean_30d', 'price_pct_change_1d', 'month_sin', 'month_cos', 'dow_sin', 'dow_cos', 'supply_shock_flag']
2026-04-27 01:02:54 [INFO] pipeline.trainer - LSTM sequences — train: 12156, val: 1192, features: 11
2026-04-27 01:02:59 [INFO] models.lightgbm_model - Trained quantile models for confidence intervals.
2026-04-27 01:02:59 [INFO] pipeline.trainer - Step 5/7 -- Training LSTM ...
2026-04-27 01:02:59 [INFO] models.lstm_model - LSTM using 11 input features: ['price_index', 'price_lag_1d', 'price_lag_7d', 'price_rolling_mean_7d', 'price_rolling_mean_30d', 'price_pct_change_1d', 'month_sin', 'month_cos', 'dow_sin', 'dow_cos', 'supply_shock_flag']
2026-04-27 01:03:00 [INFO] pipeline.trainer - LSTM sequences — train: 12156, val: 1192, features: 11
2026-04-27 01:03:08 [INFO] models.lstm_model - Epoch   1/200  train=0.708235  val=1.008951  lr=1.00e-03
2026-04-27 01:03:15 [INFO] models.lstm_model - Epoch   1/200  train=0.712853  val=1.002123  lr=1.00e-03
2026-04-27 01:05:07 [INFO] models.lstm_model - Epoch  10/200  train=0.517575  val=0.867648  lr=1.00e-03
2026-04-27 01:05:14 [INFO] models.lstm_model - Epoch  10/200  train=0.511280  val=0.775911  lr=1.00e-03
2026-04-27 01:07:39 [INFO] models.lstm_model - Epoch  20/200  train=0.475787  val=0.804870  lr=1.00e-03
2026-04-27 01:07:48 [INFO] models.lstm_model - Epoch  20/200  train=0.468700  val=0.781709  lr=5.00e-04
2026-04-27 01:09:45 [INFO] models.lstm_model - Epoch  30/200  train=0.356828  val=0.761004  lr=5.00e-04
2026-04-27 01:09:55 [INFO] models.lstm_model - Epoch  30/200  train=0.424085  val=0.860016  lr=2.50e-04
2026-04-27 01:12:15 [INFO] models.lstm_model - Epoch  40/200  train=0.254133  val=0.781893  lr=2.50e-04
2026-04-27 01:12:25 [INFO] models.lstm_model - Epoch  40/200  train=0.390517  val=0.884804  lr=1.25e-04
2026-04-27 01:12:25 [INFO] models.lstm_model - Early stopping at epoch 40
2026-04-27 01:12:25 [INFO] models.lstm_model - LSTM validation — RMSE: 36.2011  MAE: 18.8185  MAPE: 20.94%
2026-04-27 01:12:25 [INFO] pipeline.trainer - Step 6/7 -- Training ensemble ...
2026-04-27 01:12:26 [INFO] pipeline.trainer - Ensemble training with 1192 aligned predictions.
2026-04-27 01:12:26 [INFO] models.ensemble - Meta-model trained -- LightGBM coef: 1.0037, LSTM coef: 0.0011, intercept: -0.6802
2026-04-27 01:12:26 [INFO] models.ensemble - Ensemble (stacking) -- RMSE: 3.7969  MAE: 2.2171  MAPE: 2.08%
2026-04-27 01:12:26 [INFO] models.ensemble - Saved ensemble meta-model -> D:\THESIS\model_trainer\artifacts\ensemble_meta_model.pkl
2026-04-27 01:12:26 [INFO] pipeline.trainer - Step 7/7 -- Saving model version ...
2026-04-27 01:12:26 [INFO] models.model_store - Pruned old version: v004_2026-04-26T11-51-02
2026-04-27 01:12:26 [INFO] models.model_store - Created model version v011_2026-04-26T17-12-26 (5 files)
2026-04-27 01:12:26 [INFO] pipeline.drift_detector - Saved reference distribution (16278 samples).
2026-04-27 01:12:26 [INFO] pipeline.trainer - === TRAINING COMPLETE ===
2026-04-27 01:12:26 [INFO] main - Training complete. Metrics: {'lgbm': {'rmse': 4.104601622722938, 'mae': 2.3412468352458413, 'mape': 2.2317488305230153}, 'lstm': {'rmse': 36.20107433111079, 'mae': 18.81851533859368, 'mape': 20.937861381994608}, 'ensemble': {'rmse': 3.7968841869130063, 'mae': 2.2171368295686893, 'mape': 2.084299735198668}, 'timestamp': '2026-04-26T17:12:26.236346+00:00', 'data_rows': 16278, 'mode': 'full'}
2026-04-27 01:13:43 [INFO] models.lstm_model - Epoch  50/200  train=0.174539  val=0.885019  lr=1.25e-04
2026-04-27 01:15:08 [INFO] models.lstm_model - Epoch  60/200  train=0.151804  val=0.899473  lr=6.25e-05
2026-04-27 01:15:17 [INFO] models.lstm_model - Early stopping at epoch 61
2026-04-27 01:15:17 [INFO] models.lstm_model - LSTM validation — RMSE: 36.2011  MAE: 18.8185  MAPE: 20.94%
2026-04-27 01:15:17 [INFO] pipeline.trainer - Step 6/7 -- Training ensemble ...
2026-04-27 01:15:18 [INFO] pipeline.trainer - Ensemble training with 1192 aligned predictions.
2026-04-27 01:15:18 [INFO] models.ensemble - Meta-model trained -- LightGBM coef: 1.0037, LSTM coef: 0.0011, intercept: -0.6802
2026-04-27 01:15:18 [INFO] models.ensemble - Ensemble (stacking) -- RMSE: 3.7969  MAE: 2.2171  MAPE: 2.08%
2026-04-27 01:15:18 [INFO] models.ensemble - Saved ensemble meta-model -> D:\THESIS\model_trainer\artifacts\ensemble_meta_model.pkl
2026-04-27 01:15:18 [INFO] pipeline.trainer - Step 7/7 -- Saving model version ...
2026-04-27 01:15:18 [INFO] models.model_store - Pruned old version: v005_2026-04-26T11-51-06
2026-04-27 01:15:18 [INFO] models.model_store - Created model version v011_2026-04-26T17-15-18 (5 files)
2026-04-27 01:15:18 [INFO] pipeline.drift_detector - Saved reference distribution (16278 samples).
2026-04-27 01:15:18 [INFO] pipeline.trainer - === TRAINING COMPLETE ===
2026-04-27 01:15:18 [INFO] main - Training complete. Metrics: {'lgbm': {'rmse': 4.104601622722938, 'mae': 2.3412468352458413, 'mape': 2.2317488305230153}, 'lstm': {'rmse': 36.20107433111079, 'mae': 18.81851533859368, 'mape': 20.937861381994608}, 'ensemble': {'rmse': 3.7968841869130063, 'mae': 2.2171368295686893, 'mape': 2.084299735198668}, 'timestamp': '2026-04-26T17:15:18.298617+00:00', 'data_rows': 16278, 'mode': 'full'}
2026-04-27 01:20:07 [INFO] pipeline.trainer - === FULL TRAINING PIPELINE ===
2026-04-27 01:20:07 [INFO] data.fetcher - Fetching ALL food price records ...
2026-04-27 01:20:15 [INFO] data.fetcher - Fetched 17,211 rows total.
2026-04-27 01:20:15 [INFO] pipeline.trainer - Step 1/7 -- Preprocessing ...
2026-04-27 01:20:15 [INFO] data.preprocessor - Preprocessing 17,211 rows ...
2026-04-27 01:20:15 [WARNING] data.preprocessor - Dropped 2 invalid rows (null/negative price).
2026-04-27 01:20:15 [INFO] data.preprocessor - Removed 35 duplicate rows.
2026-04-27 01:20:15 [INFO] data.preprocessor - Removed 17 outlier rows (>4.0σ).
2026-04-27 01:20:15 [INFO] data.preprocessor - Preprocessing complete -- 17,157 clean rows.
2026-04-27 01:20:15 [INFO] pipeline.trainer - Step 2/7 -- Feature engineering ...
2026-04-27 01:20:15 [INFO] features.temporal - Added 15 temporal features.
2026-04-27 01:20:15 [INFO] features.lag_features - Added 29 lag / rolling features.
2026-04-27 01:20:15 [INFO] features.categorical - Saved categorical mappings → D:\THESIS\model_trainer\artifacts\categorical_mappings.json
2026-04-27 01:20:15 [INFO] features.categorical - Encoded 4 categorical columns (115 unique values).
2026-04-27 01:20:16 [INFO] data.news_fetcher - Fetched 0 news articles from last 90 days.
2026-04-27 01:20:16 [INFO] features.news_sentiment - No news articles found -- zero-filling sentiment features.
2026-04-27 01:20:16 [INFO] pipeline.trainer - Step 3/7 -- Splitting data ...
2026-04-27 01:20:16 [INFO] pipeline.trainer - Step 4/7 -- Training LightGBM ...
2026-04-27 01:20:24 [INFO] models.lightgbm_model - LightGBM validation -- RMSE: 4.0615  MAE: 2.2434  MAPE: 2.17%
2026-04-27 01:20:24 [INFO] models.lightgbm_model - Saved LightGBM model → D:\THESIS\model_trainer\artifacts\lightgbm_model.txt
2026-04-27 01:20:27 [INFO] main - Starting API server on 0.0.0.0:8000
2026-04-27 01:20:35 [INFO] api.main - FOODCAST API starting up ...
2026-04-27 01:20:39 [INFO] models.lightgbm_model - Trained quantile models for confidence intervals.
2026-04-27 01:20:39 [INFO] pipeline.trainer - Step 5/7 -- Training LSTM ...
2026-04-27 01:20:39 [INFO] models.lstm_model - LSTM using 11 input features: ['price_index', 'price_lag_1d', 'price_lag_7d', 'price_rolling_mean_7d', 'price_rolling_mean_30d', 'price_pct_change_1d', 'month_sin', 'month_cos', 'dow_sin', 'dow_cos', 'supply_shock_flag']
2026-04-27 01:20:39 [INFO] pipeline.trainer - LSTM sequences — train: 13035, val: 1192, features: 11
2026-04-27 01:20:47 [INFO] models.registry - Loading models into registry ...
2026-04-27 01:20:47 [INFO] models.lightgbm_model - Loaded LightGBM model ← D:\THESIS\model_trainer\artifacts\lightgbm_model.txt
2026-04-27 01:20:47 [INFO] models.lstm_model - Loaded LSTM model ← D:\THESIS\model_trainer\artifacts\lstm_model.pt (11 features)
2026-04-27 01:20:47 [INFO] models.ensemble - Loaded ensemble meta-model <- D:\THESIS\model_trainer\artifacts\ensemble_meta_model.pkl
2026-04-27 01:20:47 [INFO] models.registry - Model registry loaded successfully.
2026-04-27 01:20:50 [INFO] data.preprocessor - Preprocessing 197 rows ...
2026-04-27 01:20:50 [INFO] data.preprocessor - Preprocessing complete -- 197 clean rows.
2026-04-27 01:20:50 [INFO] features.temporal - Added 15 temporal features.
2026-04-27 01:20:50 [INFO] features.lag_features - Added 29 lag / rolling features.
2026-04-27 01:20:50 [INFO] features.categorical - Loaded categorical mappings from D:\THESIS\model_trainer\artifacts\categorical_mappings.json
2026-04-27 01:20:50 [INFO] models.lstm_model - Epoch   1/200  train=0.698002  val=1.064400  lr=1.00e-03
2026-04-27 01:20:51 [INFO] data.news_fetcher - Fetched 0 news articles from last 90 days.
2026-04-27 01:20:51 [INFO] features.news_sentiment - No news articles found -- zero-filling sentiment features.
2026-04-27 01:20:53 [INFO] data.news_fetcher - Fetched 0 news articles from last 14 days.
2026-04-27 01:21:15 [INFO] data.preprocessor - Preprocessing 197 rows ...
2026-04-27 01:21:15 [INFO] data.preprocessor - Preprocessing complete -- 197 clean rows.
2026-04-27 01:21:15 [INFO] features.temporal - Added 15 temporal features.
2026-04-27 01:21:15 [INFO] features.lag_features - Added 29 lag / rolling features.
2026-04-27 01:21:15 [INFO] features.categorical - Loaded categorical mappings from D:\THESIS\model_trainer\artifacts\categorical_mappings.json
2026-04-27 01:21:16 [INFO] data.news_fetcher - Fetched 0 news articles from last 90 days.
2026-04-27 01:21:16 [INFO] features.news_sentiment - No news articles found -- zero-filling sentiment features.
2026-04-27 01:21:18 [INFO] data.news_fetcher - Fetched 0 news articles from last 14 days.
2026-04-27 01:21:44 [INFO] data.preprocessor - Preprocessing 197 rows ...
2026-04-27 01:21:44 [INFO] data.preprocessor - Preprocessing complete -- 197 clean rows.
2026-04-27 01:21:44 [INFO] features.temporal - Added 15 temporal features.
2026-04-27 01:21:44 [INFO] features.lag_features - Added 29 lag / rolling features.
2026-04-27 01:21:44 [INFO] features.categorical - Loaded categorical mappings from D:\THESIS\model_trainer\artifacts\categorical_mappings.json
2026-04-27 01:21:45 [INFO] data.news_fetcher - Fetched 0 news articles from last 90 days.
2026-04-27 01:21:45 [INFO] features.news_sentiment - No news articles found -- zero-filling sentiment features.
2026-04-27 01:21:47 [INFO] data.news_fetcher - Fetched 0 news articles from last 14 days.
2026-04-27 01:22:15 [INFO] data.preprocessor - Preprocessing 365 rows ...
2026-04-27 01:22:15 [INFO] data.preprocessor - Preprocessing complete -- 365 clean rows.
2026-04-27 01:22:15 [INFO] features.temporal - Added 15 temporal features.
2026-04-27 01:22:15 [INFO] features.lag_features - Added 29 lag / rolling features.
2026-04-27 01:22:15 [INFO] features.categorical - Loaded categorical mappings from D:\THESIS\model_trainer\artifacts\categorical_mappings.json
2026-04-27 01:22:15 [INFO] models.lstm_model - Epoch  10/200  train=0.494261  val=0.878610  lr=1.00e-03
2026-04-27 01:22:16 [INFO] data.news_fetcher - Fetched 0 news articles from last 90 days.
2026-04-27 01:22:16 [INFO] features.news_sentiment - No news articles found -- zero-filling sentiment features.
2026-04-27 01:22:17 [INFO] data.news_fetcher - Fetched 0 news articles from last 14 days.
2026-04-27 01:22:38 [INFO] data.preprocessor - Preprocessing 365 rows ...
2026-04-27 01:22:38 [INFO] data.preprocessor - Preprocessing complete -- 365 clean rows.
2026-04-27 01:22:38 [INFO] features.temporal - Added 15 temporal features.
2026-04-27 01:22:38 [INFO] features.lag_features - Added 29 lag / rolling features.
2026-04-27 01:22:38 [INFO] features.categorical - Loaded categorical mappings from D:\THESIS\model_trainer\artifacts\categorical_mappings.json
2026-04-27 01:22:39 [INFO] data.news_fetcher - Fetched 0 news articles from last 90 days.
2026-04-27 01:22:39 [INFO] features.news_sentiment - No news articles found -- zero-filling sentiment features.
2026-04-27 01:22:40 [INFO] data.news_fetcher - Fetched 0 news articles from last 14 days.
2026-04-27 01:23:45 [INFO] models.lstm_model - Epoch  20/200  train=0.460122  val=0.838859  lr=5.00e-04
2026-04-27 01:24:38 [INFO] data.preprocessor - Preprocessing 197 rows ...
2026-04-27 01:24:38 [INFO] data.preprocessor - Preprocessing complete -- 197 clean rows.
2026-04-27 01:24:38 [INFO] features.temporal - Added 15 temporal features.
2026-04-27 01:24:38 [INFO] features.lag_features - Added 29 lag / rolling features.
2026-04-27 01:24:38 [INFO] features.categorical - Loaded categorical mappings from D:\THESIS\model_trainer\artifacts\categorical_mappings.json
2026-04-27 01:24:39 [INFO] data.news_fetcher - Fetched 0 news articles from last 90 days.
2026-04-27 01:24:39 [INFO] features.news_sentiment - No news articles found -- zero-filling sentiment features.
2026-04-27 01:24:41 [INFO] data.news_fetcher - Fetched 0 news articles from last 14 days.
2026-04-27 01:25:27 [INFO] models.lstm_model - Epoch  30/200  train=0.422294  val=0.901549  lr=2.50e-04
2026-04-27 01:26:21 [INFO] models.lstm_model - Early stopping at epoch 35
2026-04-27 01:26:21 [INFO] models.lstm_model - LSTM validation — RMSE: 37.9384  MAE: 19.7507  MAPE: 21.40%
2026-04-27 01:26:21 [INFO] pipeline.trainer - Step 6/7 -- Training ensemble ...
2026-04-27 01:26:21 [INFO] pipeline.trainer - Ensemble training with 1192 aligned predictions.
2026-04-27 01:26:22 [INFO] models.ensemble - Meta-model trained -- LightGBM coef: 1.0109, LSTM coef: 0.0021, intercept: -1.3478
2026-04-27 01:26:22 [INFO] models.ensemble - Ensemble (stacking) -- RMSE: 3.6274  MAE: 2.0765  MAPE: 1.88%
2026-04-27 01:26:22 [INFO] models.ensemble - Saved ensemble meta-model -> D:\THESIS\model_trainer\artifacts\ensemble_meta_model.pkl
2026-04-27 01:26:22 [INFO] pipeline.trainer - Step 7/7 -- Saving model version ...
2026-04-27 01:26:22 [INFO] models.model_store - Pruned old version: v006_2026-04-26T12-13-34
2026-04-27 01:26:22 [INFO] models.model_store - Created model version v011_2026-04-26T17-26-22 (5 files)
2026-04-27 01:26:22 [INFO] pipeline.drift_detector - Saved reference distribution (17157 samples).
2026-04-27 01:26:22 [INFO] pipeline.trainer - === TRAINING COMPLETE ===
2026-04-27 01:26:22 [INFO] main - Training complete. Metrics: {'lgbm': {'rmse': 4.061478988183381, 'mae': 2.2434100099187626, 'mape': 2.1661029430838172}, 'lstm': {'rmse': 37.93838526025271, 'mae': 19.750675367444956, 'mape': 21.396940536010124}, 'ensemble': {'rmse': 3.627360354413762, 'mae': 2.076529033197085, 'mape': 1.8766983795013015}, 'timestamp': '2026-04-26T17:26:22.004104+00:00', 'data_rows': 17157, 'mode': 'full'}
2026-04-27 01:26:44 [INFO] data.preprocessor - Preprocessing 197 rows ...
2026-04-27 01:26:44 [INFO] data.preprocessor - Preprocessing complete -- 197 clean rows.
2026-04-27 01:26:44 [INFO] features.temporal - Added 15 temporal features.
2026-04-27 01:26:44 [INFO] features.lag_features - Added 29 lag / rolling features.
2026-04-27 01:26:44 [INFO] features.categorical - Loaded categorical mappings from D:\THESIS\model_trainer\artifacts\categorical_mappings.json
2026-04-27 01:26:45 [INFO] data.news_fetcher - Fetched 0 news articles from last 90 days.
2026-04-27 01:26:45 [INFO] features.news_sentiment - No news articles found -- zero-filling sentiment features.
2026-04-27 01:26:46 [INFO] data.news_fetcher - Fetched 0 news articles from last 14 days.
2026-04-27 01:27:11 [INFO] data.preprocessor - Preprocessing 197 rows ...
2026-04-27 01:27:11 [INFO] data.preprocessor - Preprocessing complete -- 197 clean rows.
2026-04-27 01:27:11 [INFO] features.temporal - Added 15 temporal features.
2026-04-27 01:27:11 [INFO] features.lag_features - Added 29 lag / rolling features.
2026-04-27 01:27:11 [INFO] features.categorical - Loaded categorical mappings from D:\THESIS\model_trainer\artifacts\categorical_mappings.json
2026-04-27 01:27:11 [INFO] data.news_fetcher - Fetched 0 news articles from last 90 days.
2026-04-27 01:27:11 [INFO] features.news_sentiment - No news articles found -- zero-filling sentiment features.
2026-04-27 01:27:13 [INFO] data.news_fetcher - Fetched 0 news articles from last 14 days.
2026-04-27 01:27:19 [INFO] data.preprocessor - Preprocessing 197 rows ...
2026-04-27 01:27:19 [INFO] data.preprocessor - Preprocessing complete -- 197 clean rows.
2026-04-27 01:27:19 [INFO] features.temporal - Added 15 temporal features.
2026-04-27 01:27:19 [INFO] features.lag_features - Added 29 lag / rolling features.
2026-04-27 01:27:19 [INFO] features.categorical - Loaded categorical mappings from D:\THESIS\model_trainer\artifacts\categorical_mappings.json
2026-04-27 01:27:20 [INFO] data.news_fetcher - Fetched 0 news articles from last 90 days.
2026-04-27 01:27:20 [INFO] features.news_sentiment - No news articles found -- zero-filling sentiment features.
2026-04-27 01:27:21 [INFO] data.news_fetcher - Fetched 0 news articles from last 14 days.
2026-04-27 01:30:25 [INFO] data.preprocessor - Preprocessing 197 rows ...
2026-04-27 01:30:25 [INFO] data.preprocessor - Preprocessing complete -- 197 clean rows.
2026-04-27 01:30:25 [INFO] features.temporal - Added 15 temporal features.
2026-04-27 01:30:25 [INFO] features.lag_features - Added 29 lag / rolling features.
2026-04-27 01:30:25 [INFO] features.categorical - Loaded categorical mappings from D:\THESIS\model_trainer\artifacts\categorical_mappings.json
2026-04-27 01:30:26 [INFO] data.news_fetcher - Fetched 0 news articles from last 90 days.
2026-04-27 01:30:26 [INFO] features.news_sentiment - No news articles found -- zero-filling sentiment features.
2026-04-27 01:30:27 [INFO] data.news_fetcher - Fetched 0 news articles from last 14 days.
2026-04-27 01:30:35 [INFO] main - Starting API server on 0.0.0.0:8000
2026-04-27 01:30:41 [INFO] api.main - FOODCAST API starting up ...
2026-04-27 01:30:46 [INFO] models.registry - Loading models into registry ...
2026-04-27 01:30:46 [INFO] models.lightgbm_model - Loaded LightGBM model ← D:\THESIS\model_trainer\artifacts\lightgbm_model.txt
2026-04-27 01:30:46 [INFO] models.lstm_model - Loaded LSTM model ← D:\THESIS\model_trainer\artifacts\lstm_model.pt (11 features)
2026-04-27 01:30:46 [INFO] models.ensemble - Loaded ensemble meta-model <- D:\THESIS\model_trainer\artifacts\ensemble_meta_model.pkl
2026-04-27 01:30:46 [INFO] models.registry - Model registry loaded successfully.
2026-04-27 01:30:48 [INFO] data.preprocessor - Preprocessing 197 rows ...
2026-04-27 01:30:48 [INFO] data.preprocessor - Preprocessing complete -- 197 clean rows.
2026-04-27 01:30:48 [INFO] features.temporal - Added 15 temporal features.
2026-04-27 01:30:48 [INFO] features.lag_features - Added 29 lag / rolling features.
2026-04-27 01:30:48 [INFO] features.categorical - Loaded categorical mappings from D:\THESIS\model_trainer\artifacts\categorical_mappings.json
2026-04-27 01:30:48 [INFO] data.news_fetcher - Fetched 0 news articles from last 90 days.
2026-04-27 01:30:48 [INFO] features.news_sentiment - No news articles found -- zero-filling sentiment features.
2026-04-27 01:30:48 [INFO] features.temporal - Added 15 temporal features.
2026-04-27 01:30:48 [INFO] features.lag_features - Added 29 lag / rolling features.
2026-04-27 01:30:49 [INFO] data.news_fetcher - Fetched 0 news articles from last 90 days.
2026-04-27 01:30:49 [INFO] features.news_sentiment - No news articles found -- zero-filling sentiment features.
2026-04-27 01:30:49 [INFO] features.temporal - Added 15 temporal features.
2026-04-27 01:30:49 [INFO] features.lag_features - Added 29 lag / rolling features.
2026-04-27 01:30:49 [INFO] data.news_fetcher - Fetched 0 news articles from last 90 days.
2026-04-27 01:30:49 [INFO] features.news_sentiment - No news articles found -- zero-filling sentiment features.
2026-04-27 01:30:49 [INFO] features.temporal - Added 15 temporal features.
2026-04-27 01:30:49 [INFO] features.lag_features - Added 29 lag / rolling features.
2026-04-27 01:30:49 [INFO] data.news_fetcher - Fetched 0 news articles from last 90 days.
2026-04-27 01:30:49 [INFO] features.news_sentiment - No news articles found -- zero-filling sentiment features.
2026-04-27 01:30:49 [INFO] features.temporal - Added 15 temporal features.
2026-04-27 01:30:49 [INFO] features.lag_features - Added 29 lag / rolling features.
2026-04-27 01:30:50 [INFO] data.news_fetcher - Fetched 0 news articles from last 90 days.
2026-04-27 01:30:50 [INFO] features.news_sentiment - No news articles found -- zero-filling sentiment features.
2026-04-27 01:30:50 [INFO] features.temporal - Added 15 temporal features.
2026-04-27 01:30:50 [INFO] features.lag_features - Added 29 lag / rolling features.
2026-04-27 01:30:50 [INFO] data.news_fetcher - Fetched 0 news articles from last 90 days.
2026-04-27 01:30:50 [INFO] features.news_sentiment - No news articles found -- zero-filling sentiment features.
2026-04-27 01:30:50 [INFO] features.temporal - Added 15 temporal features.
2026-04-27 01:30:50 [INFO] features.lag_features - Added 29 lag / rolling features.
2026-04-27 01:30:50 [INFO] data.news_fetcher - Fetched 0 news articles from last 90 days.
2026-04-27 01:30:50 [INFO] features.news_sentiment - No news articles found -- zero-filling sentiment features.
2026-04-27 01:30:50 [INFO] features.temporal - Added 15 temporal features.
2026-04-27 01:30:50 [INFO] features.lag_features - Added 29 lag / rolling features.
2026-04-27 01:30:51 [INFO] data.news_fetcher - Fetched 0 news articles from last 90 days.
2026-04-27 01:30:51 [INFO] features.news_sentiment - No news articles found -- zero-filling sentiment features.
2026-04-27 01:30:52 [INFO] data.news_fetcher - Fetched 0 news articles from last 14 days.
2026-04-27 01:37:04 [INFO] models.registry - Loading models into registry ...
2026-04-27 01:37:04 [INFO] models.lightgbm_model - Loaded LightGBM model ← D:\THESIS\model_trainer\artifacts\lightgbm_model.txt
2026-04-27 01:37:04 [INFO] models.lstm_model - Loaded LSTM model ← D:\THESIS\model_trainer\artifacts\lstm_model.pt (11 features)
2026-04-27 01:37:04 [INFO] models.ensemble - Loaded ensemble meta-model <- D:\THESIS\model_trainer\artifacts\ensemble_meta_model.pkl
2026-04-27 01:37:04 [INFO] models.registry - Model registry loaded successfully.
2026-04-27 01:39:54 [INFO] models.registry - Loading models into registry ...
2026-04-27 01:39:54 [INFO] models.lightgbm_model - Loaded LightGBM model ← D:\THESIS\model_trainer\artifacts\lightgbm_model.txt
2026-04-27 01:39:54 [INFO] models.lstm_model - Loaded LSTM model ← D:\THESIS\model_trainer\artifacts\lstm_model.pt (11 features)
2026-04-27 01:39:54 [INFO] models.ensemble - Loaded ensemble meta-model <- D:\THESIS\model_trainer\artifacts\ensemble_meta_model.pkl
2026-04-27 01:39:54 [INFO] models.registry - Model registry loaded successfully.
2026-04-27 01:39:56 [INFO] data.preprocessor - Preprocessing 197 rows ...
2026-04-27 01:39:56 [INFO] data.preprocessor - Preprocessing complete -- 197 clean rows.
2026-04-27 01:39:56 [INFO] features.temporal - Added 15 temporal features.
2026-04-27 01:39:56 [INFO] features.lag_features - Added 29 lag / rolling features.
2026-04-27 01:39:56 [INFO] features.categorical - Loaded categorical mappings from D:\THESIS\model_trainer\artifacts\categorical_mappings.json
2026-04-27 01:39:57 [INFO] data.news_fetcher - Fetched 0 news articles from last 90 days.
2026-04-27 01:39:57 [INFO] features.news_sentiment - No news articles found -- zero-filling sentiment features.
2026-04-27 01:39:57 [INFO] features.temporal - Added 15 temporal features.
2026-04-27 01:39:57 [INFO] features.lag_features - Added 29 lag / rolling features.
2026-04-27 01:39:57 [INFO] data.news_fetcher - Fetched 0 news articles from last 90 days.
2026-04-27 01:39:57 [INFO] features.news_sentiment - No news articles found -- zero-filling sentiment features.
2026-04-27 01:39:57 [INFO] features.temporal - Added 15 temporal features.
2026-04-27 01:39:57 [INFO] features.lag_features - Added 29 lag / rolling features.
2026-04-27 01:39:58 [INFO] data.news_fetcher - Fetched 0 news articles from last 90 days.
2026-04-27 01:39:58 [INFO] features.news_sentiment - No news articles found -- zero-filling sentiment features.
2026-04-27 01:39:58 [INFO] features.temporal - Added 15 temporal features.
2026-04-27 01:39:58 [INFO] features.lag_features - Added 29 lag / rolling features.
2026-04-27 01:39:58 [INFO] data.news_fetcher - Fetched 0 news articles from last 90 days.
2026-04-27 01:39:58 [INFO] features.news_sentiment - No news articles found -- zero-filling sentiment features.
2026-04-27 01:39:58 [INFO] features.temporal - Added 15 temporal features.
2026-04-27 01:39:58 [INFO] features.lag_features - Added 29 lag / rolling features.
2026-04-27 01:39:58 [INFO] data.news_fetcher - Fetched 0 news articles from last 90 days.
2026-04-27 01:39:58 [INFO] features.news_sentiment - No news articles found -- zero-filling sentiment features.
2026-04-27 01:39:58 [INFO] features.temporal - Added 15 temporal features.
2026-04-27 01:39:58 [INFO] features.lag_features - Added 29 lag / rolling features.
2026-04-27 01:39:59 [INFO] data.news_fetcher - Fetched 0 news articles from last 90 days.
2026-04-27 01:39:59 [INFO] features.news_sentiment - No news articles found -- zero-filling sentiment features.
2026-04-27 01:39:59 [INFO] features.temporal - Added 15 temporal features.
2026-04-27 01:39:59 [INFO] features.lag_features - Added 29 lag / rolling features.
2026-04-27 01:39:59 [INFO] data.news_fetcher - Fetched 0 news articles from last 90 days.
2026-04-27 01:39:59 [INFO] features.news_sentiment - No news articles found -- zero-filling sentiment features.
2026-04-27 01:39:59 [INFO] features.temporal - Added 15 temporal features.
2026-04-27 01:39:59 [INFO] features.lag_features - Added 29 lag / rolling features.
2026-04-27 01:39:59 [INFO] data.news_fetcher - Fetched 0 news articles from last 90 days.
2026-04-27 01:39:59 [INFO] features.news_sentiment - No news articles found -- zero-filling sentiment features.
2026-04-27 01:40:01 [INFO] data.news_fetcher - Fetched 0 news articles from last 14 days.
2026-04-27 01:40:54 [INFO] data.preprocessor - Preprocessing 197 rows ...
2026-04-27 01:40:54 [INFO] data.preprocessor - Preprocessing complete -- 197 clean rows.
2026-04-27 01:40:54 [INFO] features.temporal - Added 15 temporal features.
2026-04-27 01:40:54 [INFO] features.lag_features - Added 29 lag / rolling features.
2026-04-27 01:40:54 [INFO] features.categorical - Loaded categorical mappings from D:\THESIS\model_trainer\artifacts\categorical_mappings.json
2026-04-27 01:40:55 [INFO] data.news_fetcher - Fetched 0 news articles from last 90 days.
2026-04-27 01:40:55 [INFO] features.news_sentiment - No news articles found -- zero-filling sentiment features.
2026-04-27 01:40:55 [INFO] features.temporal - Added 15 temporal features.
2026-04-27 01:40:55 [INFO] features.lag_features - Added 29 lag / rolling features.
2026-04-27 01:40:55 [INFO] data.news_fetcher - Fetched 0 news articles from last 90 days.
2026-04-27 01:40:55 [INFO] features.news_sentiment - No news articles found -- zero-filling sentiment features.
2026-04-27 01:40:55 [INFO] features.temporal - Added 15 temporal features.
2026-04-27 01:40:55 [INFO] features.lag_features - Added 29 lag / rolling features.
2026-04-27 01:40:55 [INFO] data.news_fetcher - Fetched 0 news articles from last 90 days.
2026-04-27 01:40:55 [INFO] features.news_sentiment - No news articles found -- zero-filling sentiment features.
2026-04-27 01:40:55 [INFO] features.temporal - Added 15 temporal features.
2026-04-27 01:40:55 [INFO] features.lag_features - Added 29 lag / rolling features.
2026-04-27 01:40:55 [INFO] data.news_fetcher - Fetched 0 news articles from last 90 days.
2026-04-27 01:40:55 [INFO] features.news_sentiment - No news articles found -- zero-filling sentiment features.
2026-04-27 01:40:56 [INFO] features.temporal - Added 15 temporal features.
2026-04-27 01:40:56 [INFO] features.lag_features - Added 29 lag / rolling features.
2026-04-27 01:40:56 [INFO] data.news_fetcher - Fetched 0 news articles from last 90 days.
2026-04-27 01:40:56 [INFO] features.news_sentiment - No news articles found -- zero-filling sentiment features.
2026-04-27 01:40:56 [INFO] features.temporal - Added 15 temporal features.
2026-04-27 01:40:56 [INFO] features.lag_features - Added 29 lag / rolling features.
2026-04-27 01:40:56 [INFO] data.news_fetcher - Fetched 0 news articles from last 90 days.
2026-04-27 01:40:56 [INFO] features.news_sentiment - No news articles found -- zero-filling sentiment features.
2026-04-27 01:40:56 [INFO] features.temporal - Added 15 temporal features.
2026-04-27 01:40:56 [INFO] features.lag_features - Added 29 lag / rolling features.
2026-04-27 01:40:56 [INFO] data.news_fetcher - Fetched 0 news articles from last 90 days.
2026-04-27 01:40:56 [INFO] features.news_sentiment - No news articles found -- zero-filling sentiment features.
2026-04-27 01:40:57 [INFO] features.temporal - Added 15 temporal features.
2026-04-27 01:40:57 [INFO] features.lag_features - Added 29 lag / rolling features.
2026-04-27 01:40:57 [INFO] data.news_fetcher - Fetched 0 news articles from last 90 days.
2026-04-27 01:40:57 [INFO] features.news_sentiment - No news articles found -- zero-filling sentiment features.
2026-04-27 01:40:58 [INFO] data.news_fetcher - Fetched 0 news articles from last 14 days.
2026-04-27 01:43:01 [INFO] models.registry - Loading models into registry ...
2026-04-27 01:43:01 [INFO] models.lightgbm_model - Loaded LightGBM model ← D:\THESIS\model_trainer\artifacts\lightgbm_model.txt
2026-04-27 01:43:01 [INFO] models.lstm_model - Loaded LSTM model ← D:\THESIS\model_trainer\artifacts\lstm_model.pt (11 features)
2026-04-27 01:43:01 [INFO] models.ensemble - Loaded ensemble meta-model <- D:\THESIS\model_trainer\artifacts\ensemble_meta_model.pkl
2026-04-27 01:43:01 [INFO] models.registry - Model registry loaded successfully.
2026-04-27 01:43:03 [INFO] data.preprocessor - Preprocessing 197 rows ...
2026-04-27 01:43:03 [INFO] data.preprocessor - Preprocessing complete -- 197 clean rows.
2026-04-27 01:43:03 [INFO] features.temporal - Added 15 temporal features.
2026-04-27 01:43:03 [INFO] features.lag_features - Added 29 lag / rolling features.
2026-04-27 01:43:03 [INFO] features.categorical - Loaded categorical mappings from D:\THESIS\model_trainer\artifacts\categorical_mappings.json
2026-04-27 01:43:03 [INFO] data.news_fetcher - Fetched 0 news articles from last 90 days.
2026-04-27 01:43:03 [INFO] features.news_sentiment - No news articles found -- zero-filling sentiment features.
2026-04-27 01:43:03 [INFO] features.temporal - Added 15 temporal features.
2026-04-27 01:43:03 [INFO] features.lag_features - Added 29 lag / rolling features.
2026-04-27 01:43:04 [INFO] data.news_fetcher - Fetched 0 news articles from last 90 days.
2026-04-27 01:43:04 [INFO] features.news_sentiment - No news articles found -- zero-filling sentiment features.
2026-04-27 01:43:04 [INFO] features.temporal - Added 15 temporal features.
2026-04-27 01:43:04 [INFO] features.lag_features - Added 29 lag / rolling features.
2026-04-27 01:43:04 [INFO] data.news_fetcher - Fetched 0 news articles from last 90 days.
2026-04-27 01:43:04 [INFO] features.news_sentiment - No news articles found -- zero-filling sentiment features.
2026-04-27 01:43:04 [INFO] features.temporal - Added 15 temporal features.
2026-04-27 01:43:04 [INFO] features.lag_features - Added 29 lag / rolling features.
2026-04-27 01:43:04 [INFO] data.news_fetcher - Fetched 0 news articles from last 90 days.
2026-04-27 01:43:04 [INFO] features.news_sentiment - No news articles found -- zero-filling sentiment features.
2026-04-27 01:43:05 [INFO] features.temporal - Added 15 temporal features.
2026-04-27 01:43:05 [INFO] features.lag_features - Added 29 lag / rolling features.
2026-04-27 01:43:05 [INFO] data.news_fetcher - Fetched 0 news articles from last 90 days.
2026-04-27 01:43:05 [INFO] features.news_sentiment - No news articles found -- zero-filling sentiment features.
2026-04-27 01:43:05 [INFO] features.temporal - Added 15 temporal features.
2026-04-27 01:43:05 [INFO] features.lag_features - Added 29 lag / rolling features.
2026-04-27 01:43:05 [INFO] data.news_fetcher - Fetched 0 news articles from last 90 days.
2026-04-27 01:43:05 [INFO] features.news_sentiment - No news articles found -- zero-filling sentiment features.
2026-04-27 01:43:05 [INFO] features.temporal - Added 15 temporal features.
2026-04-27 01:43:05 [INFO] features.lag_features - Added 29 lag / rolling features.
2026-04-27 01:43:05 [INFO] data.news_fetcher - Fetched 0 news articles from last 90 days.
2026-04-27 01:43:05 [INFO] features.news_sentiment - No news articles found -- zero-filling sentiment features.
2026-04-27 01:43:06 [INFO] features.temporal - Added 15 temporal features.
2026-04-27 01:43:06 [INFO] features.lag_features - Added 29 lag / rolling features.
2026-04-27 01:43:06 [INFO] data.news_fetcher - Fetched 0 news articles from last 90 days.
2026-04-27 01:43:06 [INFO] features.news_sentiment - No news articles found -- zero-filling sentiment features.
2026-04-27 01:43:07 [INFO] data.news_fetcher - Fetched 0 news articles from last 14 days.
2026-04-27 01:44:04 [INFO] models.registry - Loading models into registry ...
2026-04-27 01:44:04 [INFO] models.lightgbm_model - Loaded LightGBM model ← D:\THESIS\model_trainer\artifacts\lightgbm_model.txt
2026-04-27 01:44:04 [INFO] models.lstm_model - Loaded LSTM model ← D:\THESIS\model_trainer\artifacts\lstm_model.pt (11 features)
2026-04-27 01:44:04 [INFO] models.ensemble - Loaded ensemble meta-model <- D:\THESIS\model_trainer\artifacts\ensemble_meta_model.pkl
2026-04-27 01:44:04 [INFO] models.registry - Model registry loaded successfully.
2026-04-27 01:45:17 [INFO] models.registry - Loading models into registry ...
2026-04-27 01:45:17 [INFO] models.lightgbm_model - Loaded LightGBM model ← D:\THESIS\model_trainer\artifacts\lightgbm_model.txt
2026-04-27 01:45:17 [INFO] models.lstm_model - Loaded LSTM model ← D:\THESIS\model_trainer\artifacts\lstm_model.pt (11 features)
2026-04-27 01:45:17 [INFO] models.ensemble - Loaded ensemble meta-model <- D:\THESIS\model_trainer\artifacts\ensemble_meta_model.pkl
2026-04-27 01:45:17 [INFO] models.registry - Model registry loaded successfully.
2026-04-27 01:45:19 [INFO] data.preprocessor - Preprocessing 197 rows ...
2026-04-27 01:45:19 [INFO] data.preprocessor - Preprocessing complete -- 197 clean rows.
2026-04-27 01:45:19 [INFO] features.temporal - Added 15 temporal features.
2026-04-27 01:46:14 [INFO] models.registry - Loading models into registry ...
2026-04-27 01:46:14 [INFO] models.lightgbm_model - Loaded LightGBM model ← D:\THESIS\model_trainer\artifacts\lightgbm_model.txt
2026-04-27 01:46:14 [INFO] models.lstm_model - Loaded LSTM model ← D:\THESIS\model_trainer\artifacts\lstm_model.pt (11 features)
2026-04-27 01:46:14 [INFO] models.ensemble - Loaded ensemble meta-model <- D:\THESIS\model_trainer\artifacts\ensemble_meta_model.pkl
2026-04-27 01:46:14 [INFO] models.registry - Model registry loaded successfully.
2026-04-27 01:46:15 [INFO] data.preprocessor - Preprocessing 197 rows ...
2026-04-27 01:46:15 [INFO] data.preprocessor - Preprocessing complete -- 197 clean rows.
2026-04-27 01:46:15 [INFO] features.temporal - Added 15 temporal features.
2026-04-27 01:46:15 [INFO] features.lag_features - Added 29 lag / rolling features.
2026-04-27 01:47:46 [INFO] models.registry - Loading models into registry ...
2026-04-27 01:47:46 [INFO] models.lightgbm_model - Loaded LightGBM model ← D:\THESIS\model_trainer\artifacts\lightgbm_model.txt
2026-04-27 01:47:46 [INFO] models.lstm_model - Loaded LSTM model ← D:\THESIS\model_trainer\artifacts\lstm_model.pt (11 features)
2026-04-27 01:47:46 [INFO] models.ensemble - Loaded ensemble meta-model <- D:\THESIS\model_trainer\artifacts\ensemble_meta_model.pkl
2026-04-27 01:47:46 [INFO] models.registry - Model registry loaded successfully.
2026-04-27 01:47:48 [INFO] data.preprocessor - Preprocessing 197 rows ...
2026-04-27 01:47:48 [INFO] data.preprocessor - Preprocessing complete -- 197 clean rows.
2026-04-27 01:47:48 [INFO] features.temporal - Added 15 temporal features.
2026-04-27 01:47:48 [INFO] features.lag_features - Added 29 lag / rolling features.
2026-04-27 01:47:48 [INFO] features.categorical - Loaded categorical mappings from D:\THESIS\model_trainer\artifacts\categorical_mappings.json
2026-04-27 01:47:49 [INFO] data.news_fetcher - Fetched 0 news articles from last 90 days.
2026-04-27 01:47:49 [INFO] features.news_sentiment - No news articles found -- zero-filling sentiment features.
2026-04-27 01:47:49 [INFO] features.temporal - Added 15 temporal features.
2026-04-27 01:47:49 [INFO] features.lag_features - Added 29 lag / rolling features.
2026-04-27 01:47:49 [INFO] data.news_fetcher - Fetched 0 news articles from last 90 days.
2026-04-27 01:47:49 [INFO] features.news_sentiment - No news articles found -- zero-filling sentiment features.
2026-04-27 01:47:49 [INFO] features.temporal - Added 15 temporal features.
2026-04-27 01:47:49 [INFO] features.lag_features - Added 29 lag / rolling features.
2026-04-27 01:47:50 [INFO] data.news_fetcher - Fetched 0 news articles from last 90 days.
2026-04-27 01:47:50 [INFO] features.news_sentiment - No news articles found -- zero-filling sentiment features.
2026-04-27 01:47:50 [INFO] features.temporal - Added 15 temporal features.
2026-04-27 01:47:50 [INFO] features.lag_features - Added 29 lag / rolling features.
2026-04-27 01:47:50 [INFO] data.news_fetcher - Fetched 0 news articles from last 90 days.
2026-04-27 01:47:50 [INFO] features.news_sentiment - No news articles found -- zero-filling sentiment features.
2026-04-27 01:47:50 [INFO] features.temporal - Added 15 temporal features.
2026-04-27 01:47:50 [INFO] features.lag_features - Added 29 lag / rolling features.
2026-04-27 01:47:50 [INFO] data.news_fetcher - Fetched 0 news articles from last 90 days.
2026-04-27 01:47:50 [INFO] features.news_sentiment - No news articles found -- zero-filling sentiment features.
2026-04-27 01:47:50 [INFO] features.temporal - Added 15 temporal features.
2026-04-27 01:47:50 [INFO] features.lag_features - Added 29 lag / rolling features.
2026-04-27 01:47:51 [INFO] data.news_fetcher - Fetched 0 news articles from last 90 days.
2026-04-27 01:47:51 [INFO] features.news_sentiment - No news articles found -- zero-filling sentiment features.
2026-04-27 01:47:51 [INFO] features.temporal - Added 15 temporal features.
2026-04-27 01:47:51 [INFO] features.lag_features - Added 29 lag / rolling features.
2026-04-27 01:47:51 [INFO] data.news_fetcher - Fetched 0 news articles from last 90 days.
2026-04-27 01:47:51 [INFO] features.news_sentiment - No news articles found -- zero-filling sentiment features.
2026-04-27 01:47:51 [INFO] features.temporal - Added 15 temporal features.
2026-04-27 01:47:51 [INFO] features.lag_features - Added 29 lag / rolling features.
2026-04-27 01:47:51 [INFO] data.news_fetcher - Fetched 0 news articles from last 90 days.
2026-04-27 01:47:51 [INFO] features.news_sentiment - No news articles found -- zero-filling sentiment features.
2026-04-27 01:47:52 [INFO] data.news_fetcher - Fetched 0 news articles from last 14 days.
2026-04-27 01:48:37 [INFO] models.registry - Loading models into registry ...
2026-04-27 01:48:37 [INFO] models.lightgbm_model - Loaded LightGBM model ← D:\THESIS\model_trainer\artifacts\lightgbm_model.txt
2026-04-27 01:48:37 [INFO] models.lstm_model - Loaded LSTM model ← D:\THESIS\model_trainer\artifacts\lstm_model.pt (11 features)
2026-04-27 01:48:37 [INFO] models.ensemble - Loaded ensemble meta-model <- D:\THESIS\model_trainer\artifacts\ensemble_meta_model.pkl
2026-04-27 01:48:37 [INFO] models.registry - Model registry loaded successfully.
2026-04-27 01:50:59 [INFO] data.preprocessor - Preprocessing 197 rows ...
2026-04-27 01:50:59 [INFO] data.preprocessor - Preprocessing complete -- 197 clean rows.
2026-04-27 01:50:59 [INFO] features.temporal - Added 15 temporal features.
2026-04-27 01:50:59 [INFO] features.lag_features - Added 29 lag / rolling features.
2026-04-27 01:50:59 [INFO] features.categorical - Loaded categorical mappings from D:\THESIS\model_trainer\artifacts\categorical_mappings.json
2026-04-27 01:51:00 [INFO] data.news_fetcher - Fetched 0 news articles from last 90 days.
2026-04-27 01:51:00 [INFO] features.news_sentiment - No news articles found -- zero-filling sentiment features.
2026-04-27 01:51:00 [INFO] features.temporal - Added 15 temporal features.
2026-04-27 01:51:00 [INFO] features.lag_features - Added 29 lag / rolling features.
2026-04-27 01:51:00 [INFO] data.news_fetcher - Fetched 0 news articles from last 90 days.
2026-04-27 01:51:00 [INFO] features.news_sentiment - No news articles found -- zero-filling sentiment features.
2026-04-27 01:51:00 [INFO] features.temporal - Added 15 temporal features.
2026-04-27 01:51:00 [INFO] features.lag_features - Added 29 lag / rolling features.
2026-04-27 01:51:01 [INFO] data.news_fetcher - Fetched 0 news articles from last 90 days.
2026-04-27 01:51:01 [INFO] features.news_sentiment - No news articles found -- zero-filling sentiment features.
2026-04-27 01:51:01 [INFO] features.temporal - Added 15 temporal features.
2026-04-27 01:51:01 [INFO] features.lag_features - Added 29 lag / rolling features.
2026-04-27 01:51:01 [INFO] data.news_fetcher - Fetched 0 news articles from last 90 days.
2026-04-27 01:51:01 [INFO] features.news_sentiment - No news articles found -- zero-filling sentiment features.
2026-04-27 01:51:01 [INFO] features.temporal - Added 15 temporal features.
2026-04-27 01:51:01 [INFO] features.lag_features - Added 29 lag / rolling features.
2026-04-27 01:51:01 [INFO] data.news_fetcher - Fetched 0 news articles from last 90 days.
2026-04-27 01:51:01 [INFO] features.news_sentiment - No news articles found -- zero-filling sentiment features.
2026-04-27 01:51:01 [INFO] features.temporal - Added 15 temporal features.
2026-04-27 01:51:01 [INFO] features.lag_features - Added 29 lag / rolling features.
2026-04-27 01:51:02 [INFO] data.news_fetcher - Fetched 0 news articles from last 90 days.
2026-04-27 01:51:02 [INFO] features.news_sentiment - No news articles found -- zero-filling sentiment features.
2026-04-27 01:51:02 [INFO] features.temporal - Added 15 temporal features.
2026-04-27 01:51:02 [INFO] features.lag_features - Added 29 lag / rolling features.
2026-04-27 01:51:02 [INFO] data.news_fetcher - Fetched 0 news articles from last 90 days.
2026-04-27 01:51:02 [INFO] features.news_sentiment - No news articles found -- zero-filling sentiment features.
2026-04-27 01:51:02 [INFO] features.temporal - Added 15 temporal features.
2026-04-27 01:51:02 [INFO] features.lag_features - Added 29 lag / rolling features.
2026-04-27 01:51:02 [INFO] data.news_fetcher - Fetched 0 news articles from last 90 days.
2026-04-27 01:51:02 [INFO] features.news_sentiment - No news articles found -- zero-filling sentiment features.
2026-04-27 01:51:03 [INFO] data.news_fetcher - Fetched 0 news articles from last 14 days.
2026-04-27 01:57:44 [INFO] main - Starting API server on 0.0.0.0:8000
2026-04-27 01:57:50 [INFO] api.main - FOODCAST API starting up ...
2026-04-27 01:57:56 [INFO] main - Starting API server on 0.0.0.0:8000
2026-04-27 01:58:01 [INFO] api.main - FOODCAST API starting up ...
2026-04-27 01:58:13 [INFO] models.registry - Loading models into registry ...
2026-04-27 01:58:13 [INFO] models.lightgbm_model - Loaded LightGBM model ← D:\THESIS\model_trainer\artifacts\lightgbm_model.txt
2026-04-27 01:58:13 [INFO] models.lstm_model - Loaded LSTM model ← D:\THESIS\model_trainer\artifacts\lstm_model.pt (11 features)
2026-04-27 01:58:13 [INFO] models.ensemble - Loaded ensemble meta-model <- D:\THESIS\model_trainer\artifacts\ensemble_meta_model.pkl
2026-04-27 01:58:13 [INFO] models.registry - Model registry loaded successfully.
2026-04-27 01:58:15 [INFO] data.preprocessor - Preprocessing 197 rows ...
2026-04-27 01:58:15 [INFO] data.preprocessor - Preprocessing complete -- 197 clean rows.
2026-04-27 01:58:15 [INFO] features.temporal - Added 15 temporal features.
2026-04-27 01:58:15 [INFO] features.lag_features - Added 29 lag / rolling features.
2026-04-27 01:58:15 [INFO] features.categorical - Loaded categorical mappings from D:\THESIS\model_trainer\artifacts\categorical_mappings.json
2026-04-27 01:58:16 [INFO] data.news_fetcher - Fetched 0 news articles from last 90 days.
2026-04-27 01:58:16 [INFO] features.news_sentiment - No news articles found -- zero-filling sentiment features.
2026-04-27 01:58:16 [INFO] features.temporal - Added 15 temporal features.
2026-04-27 01:58:16 [INFO] features.lag_features - Added 29 lag / rolling features.
2026-04-27 01:58:16 [INFO] data.news_fetcher - Fetched 0 news articles from last 90 days.
2026-04-27 01:58:16 [INFO] features.news_sentiment - No news articles found -- zero-filling sentiment features.
2026-04-27 01:58:16 [INFO] features.temporal - Added 15 temporal features.
2026-04-27 01:58:16 [INFO] features.lag_features - Added 29 lag / rolling features.
2026-04-27 01:58:17 [INFO] data.news_fetcher - Fetched 0 news articles from last 90 days.
2026-04-27 01:58:17 [INFO] features.news_sentiment - No news articles found -- zero-filling sentiment features.
2026-04-27 01:58:17 [INFO] features.temporal - Added 15 temporal features.
2026-04-27 01:58:17 [INFO] features.lag_features - Added 29 lag / rolling features.
2026-04-27 01:58:17 [INFO] data.news_fetcher - Fetched 0 news articles from last 90 days.
2026-04-27 01:58:17 [INFO] features.news_sentiment - No news articles found -- zero-filling sentiment features.
2026-04-27 01:58:17 [INFO] features.temporal - Added 15 temporal features.
2026-04-27 01:58:17 [INFO] features.lag_features - Added 29 lag / rolling features.
2026-04-27 01:58:17 [INFO] data.news_fetcher - Fetched 0 news articles from last 90 days.
2026-04-27 01:58:17 [INFO] features.news_sentiment - No news articles found -- zero-filling sentiment features.
2026-04-27 01:58:17 [INFO] features.temporal - Added 15 temporal features.
2026-04-27 01:58:17 [INFO] features.lag_features - Added 29 lag / rolling features.
2026-04-27 01:58:18 [INFO] data.news_fetcher - Fetched 0 news articles from last 90 days.
2026-04-27 01:58:18 [INFO] features.news_sentiment - No news articles found -- zero-filling sentiment features.
2026-04-27 01:58:18 [INFO] features.temporal - Added 15 temporal features.
2026-04-27 01:58:18 [INFO] features.lag_features - Added 29 lag / rolling features.
2026-04-27 01:58:18 [INFO] data.news_fetcher - Fetched 0 news articles from last 90 days.
2026-04-27 01:58:18 [INFO] features.news_sentiment - No news articles found -- zero-filling sentiment features.
2026-04-27 01:58:18 [INFO] features.temporal - Added 15 temporal features.
2026-04-27 01:58:18 [INFO] features.lag_features - Added 29 lag / rolling features.
2026-04-27 01:58:18 [INFO] data.news_fetcher - Fetched 0 news articles from last 90 days.
2026-04-27 01:58:18 [INFO] features.news_sentiment - No news articles found -- zero-filling sentiment features.
2026-04-27 01:58:20 [INFO] data.news_fetcher - Fetched 0 news articles from last 14 days.
2026-04-27 02:00:04 [INFO] main - Starting API server on 0.0.0.0:8000
2026-04-27 02:00:09 [INFO] api.main - FOODCAST API starting up ...
2026-04-27 02:01:11 [INFO] models.registry - Loading models into registry ...
2026-04-27 02:01:11 [INFO] models.lightgbm_model - Loaded LightGBM model ← D:\THESIS\model_trainer\artifacts\lightgbm_model.txt
2026-04-27 02:01:11 [INFO] models.lstm_model - Loaded LSTM model ← D:\THESIS\model_trainer\artifacts\lstm_model.pt (11 features)
2026-04-27 02:01:11 [INFO] models.ensemble - Loaded ensemble meta-model <- D:\THESIS\model_trainer\artifacts\ensemble_meta_model.pkl
2026-04-27 02:01:11 [INFO] models.registry - Model registry loaded successfully.
2026-04-27 02:01:13 [INFO] data.preprocessor - Preprocessing 197 rows ...
2026-04-27 02:01:13 [INFO] data.preprocessor - Preprocessing complete -- 197 clean rows.
2026-04-27 02:01:13 [INFO] features.temporal - Added 15 temporal features.
2026-04-27 02:01:13 [INFO] features.lag_features - Added 29 lag / rolling features.
2026-04-27 02:01:13 [INFO] features.categorical - Loaded categorical mappings from D:\THESIS\model_trainer\artifacts\categorical_mappings.json
2026-04-27 02:01:14 [INFO] data.news_fetcher - Fetched 0 news articles from last 90 days.
2026-04-27 02:01:14 [INFO] features.news_sentiment - No news articles found -- zero-filling sentiment features.
2026-04-27 02:01:14 [INFO] features.temporal - Added 15 temporal features.
2026-04-27 02:01:14 [INFO] features.lag_features - Added 29 lag / rolling features.
2026-04-27 02:01:14 [INFO] data.news_fetcher - Fetched 0 news articles from last 90 days.
2026-04-27 02:01:14 [INFO] features.news_sentiment - No news articles found -- zero-filling sentiment features.
2026-04-27 02:01:14 [INFO] features.temporal - Added 15 temporal features.
2026-04-27 02:01:14 [INFO] features.lag_features - Added 29 lag / rolling features.
2026-04-27 02:01:14 [INFO] data.news_fetcher - Fetched 0 news articles from last 90 days.
2026-04-27 02:01:14 [INFO] features.news_sentiment - No news articles found -- zero-filling sentiment features.
2026-04-27 02:01:14 [INFO] features.temporal - Added 15 temporal features.
2026-04-27 02:01:14 [INFO] features.lag_features - Added 29 lag / rolling features.
2026-04-27 02:01:15 [INFO] data.news_fetcher - Fetched 0 news articles from last 90 days.
2026-04-27 02:01:15 [INFO] features.news_sentiment - No news articles found -- zero-filling sentiment features.
2026-04-27 02:01:15 [INFO] features.temporal - Added 15 temporal features.
2026-04-27 02:01:15 [INFO] features.lag_features - Added 29 lag / rolling features.
2026-04-27 02:01:15 [INFO] data.news_fetcher - Fetched 0 news articles from last 90 days.
2026-04-27 02:01:15 [INFO] features.news_sentiment - No news articles found -- zero-filling sentiment features.
2026-04-27 02:01:15 [INFO] features.temporal - Added 15 temporal features.
2026-04-27 02:01:15 [INFO] features.lag_features - Added 29 lag / rolling features.
2026-04-27 02:01:15 [INFO] data.news_fetcher - Fetched 0 news articles from last 90 days.
2026-04-27 02:01:15 [INFO] features.news_sentiment - No news articles found -- zero-filling sentiment features.
2026-04-27 02:01:15 [INFO] features.temporal - Added 15 temporal features.
2026-04-27 02:01:15 [INFO] features.lag_features - Added 29 lag / rolling features.
2026-04-27 02:01:16 [INFO] data.news_fetcher - Fetched 0 news articles from last 90 days.
2026-04-27 02:01:16 [INFO] features.news_sentiment - No news articles found -- zero-filling sentiment features.
2026-04-27 02:01:16 [INFO] features.temporal - Added 15 temporal features.
2026-04-27 02:01:16 [INFO] features.lag_features - Added 29 lag / rolling features.
2026-04-27 02:01:16 [INFO] data.news_fetcher - Fetched 0 news articles from last 90 days.
2026-04-27 02:01:16 [INFO] features.news_sentiment - No news articles found -- zero-filling sentiment features.
2026-04-27 02:01:17 [INFO] data.news_fetcher - Fetched 0 news articles from last 14 days.
2026-04-27 02:04:53 [INFO] pipeline.trainer - === INCREMENTAL TRAINING PIPELINE ===
2026-04-27 02:04:53 [INFO] data.fetcher - Fetching ALL food price records ...
2026-04-27 02:05:00 [INFO] data.fetcher - Fetched 17,211 rows total.
2026-04-27 02:05:00 [INFO] pipeline.trainer - Step 1/7 -- Preprocessing ...
2026-04-27 02:05:00 [INFO] data.preprocessor - Preprocessing 17,211 rows ...
2026-04-27 02:05:00 [WARNING] data.preprocessor - Dropped 2 invalid rows (null/negative price).
2026-04-27 02:05:00 [INFO] data.preprocessor - Removed 35 duplicate rows.
2026-04-27 02:05:00 [INFO] data.preprocessor - Removed 17 outlier rows (>4.0σ).
2026-04-27 02:05:00 [INFO] data.preprocessor - Preprocessing complete -- 17,157 clean rows.
2026-04-27 02:05:00 [INFO] pipeline.trainer - Step 2/7 -- Feature engineering ...
2026-04-27 02:05:00 [INFO] features.temporal - Added 15 temporal features.
2026-04-27 02:05:01 [INFO] features.lag_features - Added 30 lag / rolling features.
2026-04-27 02:05:01 [INFO] features.categorical - Loaded categorical mappings from D:\THESIS\model_trainer\artifacts\categorical_mappings.json
2026-04-27 02:05:01 [INFO] data.news_fetcher - Fetched 0 news articles from last 90 days.
2026-04-27 02:05:01 [INFO] features.news_sentiment - No news articles found -- zero-filling sentiment features.
2026-04-27 02:05:01 [INFO] pipeline.trainer - Step 3/7 -- Splitting data ...
2026-04-27 02:05:01 [INFO] pipeline.trainer - Step 4/7 -- Training LightGBM ...
2026-04-27 02:05:01 [INFO] models.lightgbm_model - Incremental training -- loaded model from disk.
2026-04-27 02:05:13 [INFO] pipeline.trainer - === FULL TRAINING PIPELINE ===
2026-04-27 02:05:13 [INFO] data.fetcher - Fetching ALL food price records ...
2026-04-27 02:05:18 [INFO] data.fetcher - Fetched 17,211 rows total.
2026-04-27 02:05:18 [INFO] pipeline.trainer - Step 1/7 -- Preprocessing ...
2026-04-27 02:05:18 [INFO] data.preprocessor - Preprocessing 17,211 rows ...
2026-04-27 02:05:18 [WARNING] data.preprocessor - Dropped 2 invalid rows (null/negative price).
2026-04-27 02:05:18 [INFO] data.preprocessor - Removed 35 duplicate rows.
2026-04-27 02:05:18 [INFO] data.preprocessor - Removed 17 outlier rows (>4.0σ).
2026-04-27 02:05:18 [INFO] data.preprocessor - Preprocessing complete -- 17,157 clean rows.
2026-04-27 02:05:18 [INFO] pipeline.trainer - Step 2/7 -- Feature engineering ...
2026-04-27 02:05:18 [INFO] features.temporal - Added 15 temporal features.
2026-04-27 02:05:19 [INFO] features.lag_features - Added 30 lag / rolling features.
2026-04-27 02:05:19 [INFO] features.categorical - Saved categorical mappings → D:\THESIS\model_trainer\artifacts\categorical_mappings.json
2026-04-27 02:05:19 [INFO] features.categorical - Encoded 4 categorical columns (115 unique values).
2026-04-27 02:05:19 [INFO] data.news_fetcher - Fetched 0 news articles from last 90 days.
2026-04-27 02:05:19 [INFO] features.news_sentiment - No news articles found -- zero-filling sentiment features.
2026-04-27 02:05:19 [INFO] pipeline.trainer - Step 3/7 -- Splitting data ...
2026-04-27 02:05:19 [INFO] pipeline.trainer - Step 4/7 -- Training LightGBM ...
2026-04-27 02:05:26 [INFO] models.lightgbm_model - LightGBM validation -- RMSE: 9.0732  MAE: 4.9955  MAPE: 5.08%
2026-04-27 02:05:26 [INFO] models.lightgbm_model - Saved LightGBM model → D:\THESIS\model_trainer\artifacts\lightgbm_model.txt
2026-04-27 02:05:40 [INFO] models.lightgbm_model - Trained quantile models for confidence intervals.
2026-04-27 02:05:40 [INFO] pipeline.trainer - Step 5/7 -- Training LSTM ...
2026-04-27 02:05:40 [INFO] models.lstm_model - LSTM using 11 input features: ['price_index', 'price_lag_1d', 'price_lag_7d', 'price_rolling_mean_7d', 'price_rolling_mean_30d', 'price_pct_change_1d', 'month_sin', 'month_cos', 'dow_sin', 'dow_cos', 'supply_shock_flag']
2026-04-27 02:05:40 [INFO] pipeline.trainer - LSTM sequences — train: 13035, val: 1192, features: 11
2026-04-27 02:05:51 [INFO] models.lstm_model - Epoch   1/200  train=0.128502  val=0.174645  lr=1.00e-03
2026-04-27 02:07:08 [INFO] models.lstm_model - Epoch  10/200  train=0.103331  val=0.183174  lr=1.00e-03
2026-04-27 02:08:37 [INFO] models.lstm_model - Epoch  20/200  train=0.100023  val=0.190969  lr=2.50e-04
2026-04-27 02:10:09 [INFO] models.lstm_model - Epoch  30/200  train=0.089093  val=0.199267  lr=1.25e-04
2026-04-27 02:10:26 [INFO] models.lstm_model - Early stopping at epoch 32
2026-04-27 02:10:26 [INFO] models.lstm_model - LSTM validation — RMSE: 0.4157  MAE: 0.2220  MAPE: 24.48%
2026-04-27 02:10:26 [INFO] pipeline.trainer - Step 6/7 -- Training ensemble ...
2026-04-27 02:10:26 [INFO] pipeline.trainer - Ensemble training with 1192 aligned predictions.
2026-04-27 02:10:26 [INFO] models.ensemble - Meta-model trained -- LightGBM coef: 1.0092, LSTM coef: 14.6360, intercept: -15.7312
2026-04-27 02:10:26 [INFO] models.ensemble - Ensemble (stacking) -- RMSE: 9.5252  MAE: 5.2461  MAPE: 5.33%
2026-04-27 02:10:26 [INFO] models.ensemble - Saved ensemble meta-model -> D:\THESIS\model_trainer\artifacts\ensemble_meta_model.pkl
2026-04-27 02:10:26 [INFO] pipeline.trainer - Step 7/7 -- Saving model version ...
2026-04-27 02:10:26 [INFO] models.model_store - Pruned old version: v007_2026-04-26T12-29-16
2026-04-27 02:10:26 [INFO] models.model_store - Created model version v011_2026-04-26T18-10-26 (5 files)
2026-04-27 02:10:26 [INFO] pipeline.drift_detector - Saved reference distribution (17157 samples).
2026-04-27 02:10:26 [INFO] pipeline.trainer - === TRAINING COMPLETE ===
2026-04-27 02:10:26 [INFO] main - Training complete. Metrics: {'lgbm': {'rmse': 9.073158353102682, 'mae': 4.995549260391306, 'mape': 5.0841273511260265}, 'lstm': {'rmse': 0.4156897858614936, 'mae': 0.22195596074394303, 'mape': 24.482096359408352}, 'ensemble': {'rmse': 9.525226202815135, 'mae': 5.246148863078179, 'mape': 5.326684878850421}, 'timestamp': '2026-04-26T18:10:26.442092+00:00', 'data_rows': 17157, 'mode': 'full'}
2026-04-27 02:11:35 [INFO] main - Starting API server on 0.0.0.0:8000
2026-04-27 02:11:40 [INFO] api.main - FOODCAST API starting up ...
2026-04-27 02:11:40 [INFO] models.registry - Loading models into registry ...
2026-04-27 02:11:40 [INFO] models.lightgbm_model - Loaded LightGBM model ← D:\THESIS\model_trainer\artifacts\lightgbm_model.txt
2026-04-27 02:11:40 [INFO] models.lstm_model - Loaded LSTM model ← D:\THESIS\model_trainer\artifacts\lstm_model.pt (11 features)
2026-04-27 02:11:40 [INFO] models.ensemble - Loaded ensemble meta-model <- D:\THESIS\model_trainer\artifacts\ensemble_meta_model.pkl
2026-04-27 02:11:40 [INFO] models.registry - Model registry loaded successfully.
2026-04-27 02:11:43 [INFO] data.preprocessor - Preprocessing 197 rows ...
2026-04-27 02:11:43 [INFO] data.preprocessor - Preprocessing complete -- 197 clean rows.
2026-04-27 02:11:43 [INFO] features.temporal - Added 15 temporal features.
2026-04-27 02:11:43 [INFO] features.lag_features - Added 30 lag / rolling features.
2026-04-27 02:11:43 [INFO] features.categorical - Loaded categorical mappings from D:\THESIS\model_trainer\artifacts\categorical_mappings.json
2026-04-27 02:11:43 [INFO] data.news_fetcher - Fetched 0 news articles from last 90 days.
2026-04-27 02:11:43 [INFO] features.news_sentiment - No news articles found -- zero-filling sentiment features.
2026-04-27 02:11:43 [INFO] features.temporal - Added 15 temporal features.
2026-04-27 02:11:43 [INFO] features.lag_features - Added 30 lag / rolling features.
2026-04-27 02:11:44 [INFO] data.news_fetcher - Fetched 0 news articles from last 90 days.
2026-04-27 02:11:44 [INFO] features.news_sentiment - No news articles found -- zero-filling sentiment features.
2026-04-27 02:11:44 [INFO] features.temporal - Added 15 temporal features.
2026-04-27 02:11:44 [INFO] features.lag_features - Added 30 lag / rolling features.
2026-04-27 02:11:44 [INFO] data.news_fetcher - Fetched 0 news articles from last 90 days.
2026-04-27 02:11:44 [INFO] features.news_sentiment - No news articles found -- zero-filling sentiment features.
2026-04-27 02:11:44 [INFO] features.temporal - Added 15 temporal features.
2026-04-27 02:11:44 [INFO] features.lag_features - Added 30 lag / rolling features.
2026-04-27 02:11:44 [INFO] data.news_fetcher - Fetched 0 news articles from last 90 days.
2026-04-27 02:11:44 [INFO] features.news_sentiment - No news articles found -- zero-filling sentiment features.
2026-04-27 02:11:44 [INFO] features.temporal - Added 15 temporal features.
2026-04-27 02:11:44 [INFO] features.lag_features - Added 30 lag / rolling features.
2026-04-27 02:11:45 [INFO] data.news_fetcher - Fetched 0 news articles from last 90 days.
2026-04-27 02:11:45 [INFO] features.news_sentiment - No news articles found -- zero-filling sentiment features.
2026-04-27 02:11:45 [INFO] features.temporal - Added 15 temporal features.
2026-04-27 02:11:45 [INFO] features.lag_features - Added 30 lag / rolling features.
2026-04-27 02:11:45 [INFO] data.news_fetcher - Fetched 0 news articles from last 90 days.
2026-04-27 02:11:45 [INFO] features.news_sentiment - No news articles found -- zero-filling sentiment features.
2026-04-27 02:11:45 [INFO] features.temporal - Added 15 temporal features.
2026-04-27 02:11:45 [INFO] features.lag_features - Added 30 lag / rolling features.
2026-04-27 02:11:45 [INFO] data.news_fetcher - Fetched 0 news articles from last 90 days.
2026-04-27 02:11:45 [INFO] features.news_sentiment - No news articles found -- zero-filling sentiment features.
2026-04-27 02:11:45 [INFO] features.temporal - Added 15 temporal features.
2026-04-27 02:11:46 [INFO] features.lag_features - Added 30 lag / rolling features.
2026-04-27 02:11:46 [INFO] data.news_fetcher - Fetched 0 news articles from last 90 days.
2026-04-27 02:11:46 [INFO] features.news_sentiment - No news articles found -- zero-filling sentiment features.
2026-04-27 02:11:47 [INFO] data.news_fetcher - Fetched 0 news articles from last 14 days.
2026-04-27 02:11:56 [INFO] data.preprocessor - Preprocessing 197 rows ...
2026-04-27 02:11:56 [INFO] data.preprocessor - Preprocessing complete -- 197 clean rows.
2026-04-27 02:11:56 [INFO] features.temporal - Added 15 temporal features.
2026-04-27 02:11:56 [INFO] features.lag_features - Added 30 lag / rolling features.
2026-04-27 02:11:56 [INFO] features.categorical - Loaded categorical mappings from D:\THESIS\model_trainer\artifacts\categorical_mappings.json
2026-04-27 02:11:57 [INFO] data.news_fetcher - Fetched 0 news articles from last 90 days.
2026-04-27 02:11:57 [INFO] features.news_sentiment - No news articles found -- zero-filling sentiment features.
2026-04-27 02:11:57 [INFO] features.temporal - Added 15 temporal features.
2026-04-27 02:11:57 [INFO] features.lag_features - Added 30 lag / rolling features.
2026-04-27 02:11:57 [INFO] data.news_fetcher - Fetched 0 news articles from last 90 days.
2026-04-27 02:11:57 [INFO] features.news_sentiment - No news articles found -- zero-filling sentiment features.
2026-04-27 02:11:57 [INFO] features.temporal - Added 15 temporal features.
2026-04-27 02:11:57 [INFO] features.lag_features - Added 30 lag / rolling features.
2026-04-27 02:11:57 [INFO] data.news_fetcher - Fetched 0 news articles from last 90 days.
2026-04-27 02:11:57 [INFO] features.news_sentiment - No news articles found -- zero-filling sentiment features.
2026-04-27 02:11:57 [INFO] features.temporal - Added 15 temporal features.
2026-04-27 02:11:57 [INFO] features.lag_features - Added 30 lag / rolling features.
2026-04-27 02:11:58 [INFO] data.news_fetcher - Fetched 0 news articles from last 90 days.
2026-04-27 02:11:58 [INFO] features.news_sentiment - No news articles found -- zero-filling sentiment features.
2026-04-27 02:11:58 [INFO] features.temporal - Added 15 temporal features.
2026-04-27 02:11:58 [INFO] features.lag_features - Added 30 lag / rolling features.
2026-04-27 02:11:58 [INFO] data.news_fetcher - Fetched 0 news articles from last 90 days.
2026-04-27 02:11:58 [INFO] features.news_sentiment - No news articles found -- zero-filling sentiment features.
2026-04-27 02:11:58 [INFO] features.temporal - Added 15 temporal features.
2026-04-27 02:11:58 [INFO] features.lag_features - Added 30 lag / rolling features.
2026-04-27 02:11:58 [INFO] data.news_fetcher - Fetched 0 news articles from last 90 days.
2026-04-27 02:11:58 [INFO] features.news_sentiment - No news articles found -- zero-filling sentiment features.
2026-04-27 02:11:58 [INFO] features.temporal - Added 15 temporal features.
2026-04-27 02:11:58 [INFO] features.lag_features - Added 30 lag / rolling features.
2026-04-27 02:11:59 [INFO] data.news_fetcher - Fetched 0 news articles from last 90 days.
2026-04-27 02:11:59 [INFO] features.news_sentiment - No news articles found -- zero-filling sentiment features.
2026-04-27 02:11:59 [INFO] features.temporal - Added 15 temporal features.
2026-04-27 02:11:59 [INFO] features.lag_features - Added 30 lag / rolling features.
2026-04-27 02:11:59 [INFO] data.news_fetcher - Fetched 0 news articles from last 90 days.
2026-04-27 02:11:59 [INFO] features.news_sentiment - No news articles found -- zero-filling sentiment features.
2026-04-27 02:12:00 [INFO] data.news_fetcher - Fetched 0 news articles from last 14 days.
2026-04-27 02:14:23 [INFO] data.preprocessor - Preprocessing 197 rows ...
2026-04-27 02:14:23 [INFO] data.preprocessor - Preprocessing complete -- 197 clean rows.
2026-04-27 02:14:23 [INFO] features.temporal - Added 15 temporal features.
2026-04-27 02:14:23 [INFO] features.lag_features - Added 30 lag / rolling features.
2026-04-27 02:14:23 [INFO] features.categorical - Loaded categorical mappings from D:\THESIS\model_trainer\artifacts\categorical_mappings.json
2026-04-27 02:14:23 [INFO] data.news_fetcher - Fetched 0 news articles from last 90 days.
2026-04-27 02:14:23 [INFO] features.news_sentiment - No news articles found -- zero-filling sentiment features.
2026-04-27 02:14:24 [INFO] features.temporal - Added 15 temporal features.
2026-04-27 02:14:24 [INFO] features.lag_features - Added 30 lag / rolling features.
2026-04-27 02:14:24 [INFO] data.news_fetcher - Fetched 0 news articles from last 90 days.
2026-04-27 02:14:24 [INFO] features.news_sentiment - No news articles found -- zero-filling sentiment features.
2026-04-27 02:14:24 [INFO] features.temporal - Added 15 temporal features.
2026-04-27 02:14:24 [INFO] features.lag_features - Added 30 lag / rolling features.
2026-04-27 02:14:24 [INFO] data.news_fetcher - Fetched 0 news articles from last 90 days.
2026-04-27 02:14:24 [INFO] features.news_sentiment - No news articles found -- zero-filling sentiment features.
2026-04-27 02:14:24 [INFO] features.temporal - Added 15 temporal features.
2026-04-27 02:14:24 [INFO] features.lag_features - Added 30 lag / rolling features.
2026-04-27 02:14:24 [INFO] data.news_fetcher - Fetched 0 news articles from last 90 days.
2026-04-27 02:14:24 [INFO] features.news_sentiment - No news articles found -- zero-filling sentiment features.
2026-04-27 02:14:25 [INFO] features.temporal - Added 15 temporal features.
2026-04-27 02:14:25 [INFO] features.lag_features - Added 30 lag / rolling features.
2026-04-27 02:14:25 [INFO] data.news_fetcher - Fetched 0 news articles from last 90 days.
2026-04-27 02:14:25 [INFO] features.news_sentiment - No news articles found -- zero-filling sentiment features.
2026-04-27 02:14:25 [INFO] features.temporal - Added 15 temporal features.
2026-04-27 02:14:25 [INFO] features.lag_features - Added 30 lag / rolling features.
2026-04-27 02:14:25 [INFO] data.news_fetcher - Fetched 0 news articles from last 90 days.
2026-04-27 02:14:25 [INFO] features.news_sentiment - No news articles found -- zero-filling sentiment features.
2026-04-27 02:14:25 [INFO] features.temporal - Added 15 temporal features.
2026-04-27 02:14:25 [INFO] features.lag_features - Added 30 lag / rolling features.
2026-04-27 02:14:25 [INFO] data.news_fetcher - Fetched 0 news articles from last 90 days.
2026-04-27 02:14:25 [INFO] features.news_sentiment - No news articles found -- zero-filling sentiment features.
2026-04-27 02:14:26 [INFO] features.temporal - Added 15 temporal features.
2026-04-27 02:14:26 [INFO] features.lag_features - Added 30 lag / rolling features.
2026-04-27 02:14:26 [INFO] data.news_fetcher - Fetched 0 news articles from last 90 days.
2026-04-27 02:14:26 [INFO] features.news_sentiment - No news articles found -- zero-filling sentiment features.
2026-04-27 02:14:27 [INFO] data.news_fetcher - Fetched 0 news articles from last 14 days.
2026-04-27 02:22:57 [INFO] data.fetcher - Fetching ALL food price records ...
2026-04-27 02:23:03 [INFO] data.fetcher - Fetched 17,211 rows total.
2026-04-27 02:23:03 [INFO] data.preprocessor - Preprocessing 17,211 rows ...
2026-04-27 02:23:03 [WARNING] data.preprocessor - Dropped 2 invalid rows (null/negative price).
2026-04-27 02:23:03 [INFO] data.preprocessor - Removed 35 duplicate rows.
2026-04-27 02:23:03 [INFO] data.preprocessor - Removed 17 outlier rows (>4.0σ).
2026-04-27 02:23:03 [INFO] data.preprocessor - Preprocessing complete -- 17,157 clean rows.
2026-04-27 02:23:03 [INFO] features.temporal - Added 15 temporal features.
2026-04-27 02:23:03 [INFO] features.lag_features - Added 30 lag / rolling features.
2026-04-27 02:23:03 [INFO] features.categorical - Saved categorical mappings → D:\THESIS\model_trainer\artifacts\categorical_mappings.json
2026-04-27 02:23:03 [INFO] features.categorical - Encoded 4 categorical columns (115 unique values).
2026-04-27 02:23:04 [INFO] data.news_fetcher - Fetched 0 news articles from last 90 days.
2026-04-27 02:23:04 [INFO] features.news_sentiment - No news articles found -- zero-filling sentiment features.
2026-04-27 02:24:37 [INFO] data.fetcher - Fetching ALL food price records ...
2026-04-27 02:24:44 [INFO] data.fetcher - Fetched 17,211 rows total.
2026-04-27 02:24:44 [INFO] data.preprocessor - Preprocessing 17,211 rows ...
2026-04-27 02:24:44 [WARNING] data.preprocessor - Dropped 2 invalid rows (null/negative price).
2026-04-27 02:24:44 [INFO] data.preprocessor - Removed 35 duplicate rows.
2026-04-27 02:24:44 [INFO] data.preprocessor - Removed 17 outlier rows (>4.0σ).
2026-04-27 02:24:44 [INFO] data.preprocessor - Preprocessing complete -- 17,157 clean rows.
2026-04-27 02:24:44 [INFO] features.temporal - Added 15 temporal features.
2026-04-27 02:24:44 [INFO] features.lag_features - Added 30 lag / rolling features.
2026-04-27 02:24:44 [INFO] features.categorical - Saved categorical mappings → D:\THESIS\model_trainer\artifacts\categorical_mappings.json
2026-04-27 02:24:44 [INFO] features.categorical - Encoded 4 categorical columns (115 unique values).
2026-04-27 02:24:45 [INFO] data.news_fetcher - Fetched 0 news articles from last 90 days.
2026-04-27 02:24:45 [INFO] features.news_sentiment - No news articles found -- zero-filling sentiment features.
2026-04-27 02:25:32 [INFO] data.fetcher - Fetching ALL food price records ...
2026-04-27 02:25:39 [INFO] data.fetcher - Fetched 17,211 rows total.
2026-04-27 02:25:39 [INFO] data.preprocessor - Preprocessing 17,211 rows ...
2026-04-27 02:25:39 [WARNING] data.preprocessor - Dropped 2 invalid rows (null/negative price).
2026-04-27 02:25:39 [INFO] data.preprocessor - Removed 35 duplicate rows.
2026-04-27 02:25:39 [INFO] data.preprocessor - Removed 17 outlier rows (>4.0σ).
2026-04-27 02:25:39 [INFO] data.preprocessor - Preprocessing complete -- 17,157 clean rows.
2026-04-27 02:25:39 [INFO] features.temporal - Added 15 temporal features.
2026-04-27 02:25:39 [INFO] features.lag_features - Added 30 lag / rolling features.
2026-04-27 02:25:39 [INFO] features.categorical - Saved categorical mappings → D:\THESIS\model_trainer\artifacts\categorical_mappings.json
2026-04-27 02:25:39 [INFO] features.categorical - Encoded 4 categorical columns (115 unique values).
2026-04-27 02:25:40 [INFO] data.news_fetcher - Fetched 0 news articles from last 90 days.
2026-04-27 02:25:40 [INFO] features.news_sentiment - No news articles found -- zero-filling sentiment features.
2026-04-27 02:25:40 [INFO] models.lstm_model - Loaded LSTM model ← D:\THESIS\model_trainer\artifacts\lstm_model.pt (11 features)
2026-04-27 02:25:46 [INFO] pipeline.trainer - === FULL TRAINING PIPELINE ===
2026-04-27 02:25:46 [INFO] data.fetcher - Fetching ALL food price records ...
2026-04-27 02:25:51 [INFO] data.fetcher - Fetched 17,211 rows total.
2026-04-27 02:25:51 [INFO] pipeline.trainer - Step 1/7 -- Preprocessing ...
2026-04-27 02:25:51 [INFO] data.preprocessor - Preprocessing 17,211 rows ...
2026-04-27 02:25:51 [WARNING] data.preprocessor - Dropped 2 invalid rows (null/negative price).
2026-04-27 02:25:51 [INFO] data.preprocessor - Removed 35 duplicate rows.
2026-04-27 02:25:51 [INFO] data.preprocessor - Removed 17 outlier rows (>4.0σ).
2026-04-27 02:25:51 [INFO] data.preprocessor - Preprocessing complete -- 17,157 clean rows.
2026-04-27 02:25:51 [INFO] pipeline.trainer - Step 2/7 -- Feature engineering ...
2026-04-27 02:25:51 [INFO] features.temporal - Added 15 temporal features.
2026-04-27 02:25:52 [INFO] features.lag_features - Added 30 lag / rolling features.
2026-04-27 02:25:52 [INFO] features.categorical - Saved categorical mappings → D:\THESIS\model_trainer\artifacts\categorical_mappings.json
2026-04-27 02:25:52 [INFO] features.categorical - Encoded 4 categorical columns (115 unique values).
2026-04-27 02:25:52 [INFO] data.news_fetcher - Fetched 0 news articles from last 90 days.
2026-04-27 02:25:52 [INFO] features.news_sentiment - No news articles found -- zero-filling sentiment features.
2026-04-27 02:25:53 [INFO] pipeline.trainer - Step 3/7 -- Splitting data ...
2026-04-27 02:25:53 [INFO] pipeline.trainer - Step 4/7 -- Training LightGBM ...
2026-04-27 02:26:01 [INFO] models.lightgbm_model - LightGBM validation -- RMSE: 9.0732  MAE: 4.9955  MAPE: 5.08%
2026-04-27 02:26:01 [INFO] models.lightgbm_model - Saved LightGBM model → D:\THESIS\model_trainer\artifacts\lightgbm_model.txt
2026-04-27 02:26:13 [INFO] models.lightgbm_model - Trained quantile models for confidence intervals.
2026-04-27 02:26:13 [INFO] pipeline.trainer - Step 5/7 -- Training LSTM ...
2026-04-27 02:26:13 [INFO] models.lstm_model - LSTM using 11 input features: ['price_index', 'price_lag_1d', 'price_lag_7d', 'price_rolling_mean_7d', 'price_rolling_mean_30d', 'price_pct_change_1d', 'month_sin', 'month_cos', 'dow_sin', 'dow_cos', 'supply_shock_flag']
2026-04-27 02:26:14 [INFO] pipeline.trainer - LSTM sequences — train: 13035, val: 1192, features: 11
2026-04-27 02:26:23 [INFO] models.lstm_model - Epoch   1/200  train=0.129420  val=0.174226  lr=1.00e-03
2026-04-27 02:26:39 [INFO] data.fetcher - Fetching ALL food price records ...
2026-04-27 02:26:45 [INFO] data.fetcher - Fetched 17,211 rows total.
2026-04-27 02:26:45 [INFO] data.preprocessor - Preprocessing 17,211 rows ...
2026-04-27 02:26:45 [WARNING] data.preprocessor - Dropped 2 invalid rows (null/negative price).
2026-04-27 02:26:45 [INFO] data.preprocessor - Removed 35 duplicate rows.
2026-04-27 02:26:45 [INFO] data.preprocessor - Removed 17 outlier rows (>4.0σ).
2026-04-27 02:26:45 [INFO] data.preprocessor - Preprocessing complete -- 17,157 clean rows.
2026-04-27 02:26:45 [INFO] features.temporal - Added 15 temporal features.
2026-04-27 02:26:46 [INFO] features.lag_features - Added 30 lag / rolling features.
2026-04-27 02:26:46 [INFO] features.categorical - Saved categorical mappings → D:\THESIS\model_trainer\artifacts\categorical_mappings.json
2026-04-27 02:26:46 [INFO] features.categorical - Encoded 4 categorical columns (115 unique values).
2026-04-27 02:26:46 [INFO] data.news_fetcher - Fetched 0 news articles from last 90 days.
2026-04-27 02:26:46 [INFO] features.news_sentiment - No news articles found -- zero-filling sentiment features.
2026-04-27 02:26:46 [INFO] models.lstm_model - Loaded LSTM model ← D:\THESIS\model_trainer\artifacts\lstm_model.pt (11 features)
2026-04-27 02:27:42 [INFO] models.lstm_model - Epoch  10/200  train=0.103113  val=0.174770  lr=1.00e-03
2026-04-27 02:28:42 [INFO] data.fetcher - Fetching ALL food price records ...
2026-04-27 02:28:49 [INFO] data.fetcher - Fetched 17,211 rows total.
2026-04-27 02:28:49 [INFO] data.preprocessor - Preprocessing 17,211 rows ...
2026-04-27 02:28:49 [WARNING] data.preprocessor - Dropped 2 invalid rows (null/negative price).
2026-04-27 02:28:49 [INFO] data.preprocessor - Removed 35 duplicate rows.
2026-04-27 02:28:49 [INFO] data.preprocessor - Removed 17 outlier rows (>4.0σ).
2026-04-27 02:28:49 [INFO] data.preprocessor - Preprocessing complete -- 17,157 clean rows.
2026-04-27 02:28:49 [INFO] features.temporal - Added 15 temporal features.
2026-04-27 02:28:50 [INFO] features.lag_features - Added 30 lag / rolling features.
2026-04-27 02:28:50 [INFO] features.categorical - Saved categorical mappings → D:\THESIS\model_trainer\artifacts\categorical_mappings.json
2026-04-27 02:28:50 [INFO] features.categorical - Encoded 4 categorical columns (115 unique values).
2026-04-27 02:28:50 [INFO] data.news_fetcher - Fetched 0 news articles from last 90 days.
2026-04-27 02:28:50 [INFO] features.news_sentiment - No news articles found -- zero-filling sentiment features.
2026-04-27 02:28:51 [INFO] models.lstm_model - Loaded LSTM model ← D:\THESIS\model_trainer\artifacts\lstm_model.pt (11 features)
2026-04-27 02:28:51 [INFO] models.lstm_model - Loaded LSTM model ← D:\THESIS\model_trainer\artifacts\lstm_model.pt (11 features)
2026-04-27 02:29:28 [INFO] models.lstm_model - Epoch  20/200  train=0.098292  val=0.187049  lr=5.00e-04
2026-04-27 02:30:59 [INFO] models.lstm_model - Epoch  30/200  train=0.092487  val=0.199293  lr=2.50e-04
2026-04-27 02:31:42 [INFO] models.lstm_model - Early stopping at epoch 34
2026-04-27 02:31:42 [INFO] models.lstm_model - LSTM validation — RMSE: 0.4171  MAE: 0.2233  MAPE: 24.40%
2026-04-27 02:31:42 [INFO] pipeline.trainer - Step 6/7 -- Training ensemble ...
2026-04-27 02:31:43 [INFO] pipeline.trainer - Ensemble training with 1192 aligned predictions.
2026-04-27 02:31:43 [INFO] models.ensemble - Meta-model trained -- LightGBM coef: 1.0089, LSTM coef: 6.7643, intercept: -7.8541
2026-04-27 02:31:43 [INFO] models.ensemble - Ensemble (stacking) -- RMSE: 9.5446  MAE: 5.2553  MAPE: 5.33%
2026-04-27 02:31:43 [INFO] models.ensemble - Saved ensemble meta-model -> D:\THESIS\model_trainer\artifacts\ensemble_meta_model.pkl
2026-04-27 02:31:43 [INFO] pipeline.trainer - Step 7/7 -- Saving model version ...
2026-04-27 02:31:43 [INFO] models.model_store - Pruned old version: v008_2026-04-26T12-52-59
2026-04-27 02:31:43 [INFO] models.model_store - Created model version v011_2026-04-26T18-31-43 (5 files)
2026-04-27 02:31:43 [INFO] pipeline.drift_detector - Saved reference distribution (17157 samples).
2026-04-27 02:31:43 [INFO] pipeline.trainer - === TRAINING COMPLETE ===
2026-04-27 02:31:43 [INFO] main - Training complete. Metrics: {'lgbm': {'rmse': 9.073158353102682, 'mae': 4.995549260391306, 'mape': 5.0841273511260265}, 'lstm': {'rmse': 0.41710219029870865, 'mae': 0.22326841791121443, 'mape': 24.404232912277443}, 'ensemble': {'rmse': 9.544551483671633, 'mae': 5.255327707997762, 'mape': 5.3319766194760625}, 'timestamp': '2026-04-26T18:31:43.021337+00:00', 'data_rows': 17157, 'mode': 'full'}
2026-04-27 02:31:54 [INFO] data.fetcher - Fetching ALL food price records ...
2026-04-27 02:32:02 [INFO] data.fetcher - Fetched 17,211 rows total.
2026-04-27 02:32:27 [INFO] data.fetcher - Fetching ALL food price records ...
2026-04-27 02:32:32 [INFO] data.fetcher - Fetched 17,211 rows total.
2026-04-27 02:37:01 [INFO] data.fetcher - Fetching ALL food price records ...
2026-04-27 02:37:07 [INFO] data.fetcher - Fetched 17,211 rows total.
2026-04-27 02:37:07 [INFO] data.preprocessor - Preprocessing 17,211 rows ...
2026-04-27 02:37:07 [WARNING] data.preprocessor - Dropped 2 invalid rows (null/negative price).
2026-04-27 02:37:07 [INFO] data.preprocessor - Removed 35 duplicate rows.
2026-04-27 02:37:08 [INFO] data.preprocessor - Removed 17 outlier rows (>4.0σ).
2026-04-27 02:37:08 [INFO] data.preprocessor - Preprocessing complete -- 17,157 clean rows.
2026-04-27 02:37:08 [INFO] features.temporal - Added 15 temporal features.
2026-04-27 02:37:08 [INFO] features.lag_features - Added 30 lag / rolling features.
2026-04-27 02:37:08 [INFO] features.categorical - Saved categorical mappings → D:\THESIS\model_trainer\artifacts\categorical_mappings.json
2026-04-27 02:37:08 [INFO] features.categorical - Encoded 4 categorical columns (115 unique values).
2026-04-27 02:37:09 [INFO] data.news_fetcher - Fetched 0 news articles from last 90 days.
2026-04-27 02:37:09 [INFO] features.news_sentiment - No news articles found -- zero-filling sentiment features.
2026-04-27 02:37:09 [INFO] models.lstm_model - Loaded LSTM model ← D:\THESIS\model_trainer\artifacts\lstm_model.pt (11 features)
2026-04-27 02:37:39 [INFO] data.fetcher - Fetching ALL food price records ...
2026-04-27 02:37:45 [INFO] data.fetcher - Fetched 17,211 rows total.
2026-04-27 02:37:45 [INFO] data.preprocessor - Preprocessing 17,211 rows ...
2026-04-27 02:37:45 [WARNING] data.preprocessor - Dropped 2 invalid rows (null/negative price).
2026-04-27 02:37:45 [INFO] data.preprocessor - Removed 35 duplicate rows.
2026-04-27 02:37:45 [INFO] data.preprocessor - Removed 17 outlier rows (>4.0σ).
2026-04-27 02:37:45 [INFO] data.preprocessor - Preprocessing complete -- 17,157 clean rows.
2026-04-27 02:37:45 [INFO] features.temporal - Added 15 temporal features.
2026-04-27 02:37:46 [INFO] features.lag_features - Added 30 lag / rolling features.
2026-04-27 02:37:46 [INFO] features.categorical - Saved categorical mappings → D:\THESIS\model_trainer\artifacts\categorical_mappings.json
2026-04-27 02:37:46 [INFO] features.categorical - Encoded 4 categorical columns (115 unique values).
2026-04-27 02:37:48 [INFO] data.news_fetcher - Fetched 0 news articles from last 90 days.
2026-04-27 02:37:48 [INFO] features.news_sentiment - No news articles found -- zero-filling sentiment features.
2026-04-27 02:37:48 [INFO] models.lstm_model - Loaded LSTM model ← D:\THESIS\model_trainer\artifacts\lstm_model.pt (11 features)
2026-04-27 02:37:48 [INFO] models.lstm_model - Loaded LSTM model ← D:\THESIS\model_trainer\artifacts\lstm_model.pt (11 features)
2026-04-27 02:38:14 [INFO] data.fetcher - Fetching ALL food price records ...
2026-04-27 02:38:21 [INFO] data.fetcher - Fetched 17,211 rows total.
2026-04-27 02:38:21 [INFO] data.preprocessor - Preprocessing 17,211 rows ...
2026-04-27 02:38:21 [WARNING] data.preprocessor - Dropped 2 invalid rows (null/negative price).
2026-04-27 02:38:21 [INFO] data.preprocessor - Removed 35 duplicate rows.
2026-04-27 02:38:21 [INFO] data.preprocessor - Removed 17 outlier rows (>4.0σ).
2026-04-27 02:38:21 [INFO] data.preprocessor - Preprocessing complete -- 17,157 clean rows.
2026-04-27 02:38:21 [INFO] features.temporal - Added 15 temporal features.
2026-04-27 02:38:21 [INFO] features.lag_features - Added 30 lag / rolling features.
2026-04-27 02:38:21 [INFO] features.categorical - Saved categorical mappings → D:\THESIS\model_trainer\artifacts\categorical_mappings.json
2026-04-27 02:38:21 [INFO] features.categorical - Encoded 4 categorical columns (115 unique values).
2026-04-27 02:38:22 [INFO] data.news_fetcher - Fetched 0 news articles from last 90 days.
2026-04-27 02:38:22 [INFO] features.news_sentiment - No news articles found -- zero-filling sentiment features.
2026-04-27 02:38:22 [INFO] models.lstm_model - Loaded LSTM model ← D:\THESIS\model_trainer\artifacts\lstm_model.pt (11 features)
2026-04-27 02:38:22 [INFO] models.lstm_model - Loaded LSTM model ← D:\THESIS\model_trainer\artifacts\lstm_model.pt (11 features)
2026-04-27 02:38:27 [INFO] pipeline.trainer - === FULL TRAINING PIPELINE ===
2026-04-27 02:38:27 [INFO] data.fetcher - Fetching ALL food price records ...
2026-04-27 02:38:33 [INFO] data.fetcher - Fetched 17,211 rows total.
2026-04-27 02:38:33 [INFO] pipeline.trainer - Step 1/7 -- Preprocessing ...
2026-04-27 02:38:33 [INFO] data.preprocessor - Preprocessing 17,211 rows ...
2026-04-27 02:38:33 [WARNING] data.preprocessor - Dropped 2 invalid rows (null/negative price).
2026-04-27 02:38:33 [INFO] data.preprocessor - Removed 35 duplicate rows.
2026-04-27 02:38:33 [INFO] data.preprocessor - Removed 17 outlier rows (>4.0σ).
2026-04-27 02:38:33 [INFO] data.preprocessor - Preprocessing complete -- 17,157 clean rows.
2026-04-27 02:38:33 [INFO] pipeline.trainer - Step 2/7 -- Feature engineering ...
2026-04-27 02:38:33 [INFO] features.temporal - Added 15 temporal features.
2026-04-27 02:38:33 [INFO] features.lag_features - Added 30 lag / rolling features.
2026-04-27 02:38:33 [INFO] features.categorical - Saved categorical mappings → D:\THESIS\model_trainer\artifacts\categorical_mappings.json
2026-04-27 02:38:33 [INFO] features.categorical - Encoded 4 categorical columns (115 unique values).
2026-04-27 02:38:34 [INFO] data.news_fetcher - Fetched 0 news articles from last 90 days.
2026-04-27 02:38:34 [INFO] features.news_sentiment - No news articles found -- zero-filling sentiment features.
2026-04-27 02:38:34 [INFO] pipeline.trainer - Step 3/7 -- Splitting data ...
2026-04-27 02:38:34 [INFO] pipeline.trainer - Step 4/7 -- Training LightGBM ...
2026-04-27 02:38:43 [INFO] models.lightgbm_model - LightGBM validation -- RMSE: 9.0732  MAE: 4.9955  MAPE: 5.08%
2026-04-27 02:38:43 [INFO] models.lightgbm_model - Saved LightGBM model → D:\THESIS\model_trainer\artifacts\lightgbm_model.txt
2026-04-27 02:39:04 [INFO] models.lightgbm_model - Trained quantile models for confidence intervals.
2026-04-27 02:39:04 [INFO] pipeline.trainer - Step 5/7 -- Training LSTM ...
2026-04-27 02:39:04 [INFO] models.lstm_model - LSTM using 11 input features: ['price_index', 'price_lag_1d', 'price_lag_7d', 'price_rolling_mean_7d', 'price_rolling_mean_30d', 'price_pct_change_1d', 'month_sin', 'month_cos', 'dow_sin', 'dow_cos', 'supply_shock_flag']
2026-04-27 02:39:04 [ERROR] pipeline.trainer - LSTM training failed: too many values to unpack (expected 3, got 4)
2026-04-27 02:39:04 [INFO] pipeline.trainer - Step 6/7 -- Training ensemble ...
2026-04-27 02:39:04 [INFO] pipeline.trainer - Step 7/7 -- Saving model version ...
2026-04-27 02:39:04 [INFO] models.model_store - Pruned old version: v009_2026-04-26T16-02-06
2026-04-27 02:39:04 [INFO] models.model_store - Created model version v011_2026-04-26T18-39-04 (5 files)
2026-04-27 02:39:04 [INFO] pipeline.drift_detector - Saved reference distribution (17157 samples).
2026-04-27 02:39:04 [INFO] pipeline.trainer - === TRAINING COMPLETE ===
2026-04-27 02:39:04 [INFO] main - Training complete. Metrics: {'lgbm': {'rmse': 9.073158353102682, 'mae': 4.995549260391306, 'mape': 5.0841273511260265}, 'lstm': {}, 'ensemble': {}, 'timestamp': '2026-04-26T18:39:04.801062+00:00', 'data_rows': 17157, 'mode': 'full'}
2026-04-27 02:39:24 [INFO] data.fetcher - Fetching ALL food price records ...
2026-04-27 02:39:29 [INFO] data.fetcher - Fetched 17,211 rows total.
2026-04-27 02:40:16 [INFO] data.fetcher - Fetching ALL food price records ...
2026-04-27 02:40:22 [INFO] data.fetcher - Fetched 17,211 rows total.
2026-04-27 02:40:22 [INFO] data.preprocessor - Preprocessing 17,211 rows ...
2026-04-27 02:40:22 [WARNING] data.preprocessor - Dropped 2 invalid rows (null/negative price).
2026-04-27 02:40:22 [INFO] data.preprocessor - Removed 35 duplicate rows.
2026-04-27 02:40:22 [INFO] data.preprocessor - Removed 17 outlier rows (>4.0σ).
2026-04-27 02:40:22 [INFO] data.preprocessor - Preprocessing complete -- 17,157 clean rows.
2026-04-27 02:40:22 [INFO] features.temporal - Added 15 temporal features.
2026-04-27 02:40:22 [INFO] features.lag_features - Added 30 lag / rolling features.
2026-04-27 02:40:22 [INFO] features.categorical - Saved categorical mappings → D:\THESIS\model_trainer\artifacts\categorical_mappings.json
2026-04-27 02:40:22 [INFO] features.categorical - Encoded 4 categorical columns (115 unique values).
2026-04-27 02:40:23 [INFO] data.news_fetcher - Fetched 0 news articles from last 90 days.
2026-04-27 02:40:23 [INFO] features.news_sentiment - No news articles found -- zero-filling sentiment features.
2026-04-27 02:40:23 [INFO] models.lstm_model - Loaded LSTM model ← D:\THESIS\model_trainer\artifacts\lstm_model.pt (11 features)
2026-04-27 02:40:31 [INFO] pipeline.trainer - === FULL TRAINING PIPELINE ===
2026-04-27 02:40:31 [INFO] data.fetcher - Fetching ALL food price records ...
2026-04-27 02:40:36 [INFO] data.fetcher - Fetched 17,211 rows total.
2026-04-27 02:40:36 [INFO] pipeline.trainer - Step 1/7 -- Preprocessing ...
2026-04-27 02:40:36 [INFO] data.preprocessor - Preprocessing 17,211 rows ...
2026-04-27 02:40:36 [WARNING] data.preprocessor - Dropped 2 invalid rows (null/negative price).
2026-04-27 02:40:36 [INFO] data.preprocessor - Removed 35 duplicate rows.
2026-04-27 02:40:36 [INFO] data.preprocessor - Removed 17 outlier rows (>4.0σ).
2026-04-27 02:40:36 [INFO] data.preprocessor - Preprocessing complete -- 17,157 clean rows.
2026-04-27 02:40:36 [INFO] pipeline.trainer - Step 2/7 -- Feature engineering ...
2026-04-27 02:40:36 [INFO] features.temporal - Added 15 temporal features.
2026-04-27 02:40:37 [INFO] features.lag_features - Added 30 lag / rolling features.
2026-04-27 02:40:37 [INFO] features.categorical - Saved categorical mappings → D:\THESIS\model_trainer\artifacts\categorical_mappings.json
2026-04-27 02:40:37 [INFO] features.categorical - Encoded 4 categorical columns (115 unique values).
2026-04-27 02:40:37 [INFO] data.news_fetcher - Fetched 0 news articles from last 90 days.
2026-04-27 02:40:37 [INFO] features.news_sentiment - No news articles found -- zero-filling sentiment features.
2026-04-27 02:40:37 [INFO] pipeline.trainer - Step 3/7 -- Splitting data ...
2026-04-27 02:40:37 [INFO] pipeline.trainer - Step 4/7 -- Training LightGBM ...
2026-04-27 02:40:45 [INFO] models.lightgbm_model - LightGBM validation -- RMSE: 9.0732  MAE: 4.9955  MAPE: 5.08%
2026-04-27 02:40:46 [INFO] models.lightgbm_model - Saved LightGBM model → D:\THESIS\model_trainer\artifacts\lightgbm_model.txt
2026-04-27 02:41:03 [INFO] models.lightgbm_model - Trained quantile models for confidence intervals.
2026-04-27 02:41:03 [INFO] pipeline.trainer - Step 5/7 -- Training LSTM ...
2026-04-27 02:41:03 [INFO] models.lstm_model - LSTM using 11 input features: ['price_index', 'price_lag_1d', 'price_lag_7d', 'price_rolling_mean_7d', 'price_rolling_mean_30d', 'price_pct_change_1d', 'month_sin', 'month_cos', 'dow_sin', 'dow_cos', 'supply_shock_flag']
2026-04-27 02:41:03 [ERROR] pipeline.trainer - LSTM training failed: too many values to unpack (expected 3, got 4)
2026-04-27 02:41:03 [INFO] pipeline.trainer - Step 6/7 -- Training ensemble ...
2026-04-27 02:41:03 [INFO] pipeline.trainer - Step 7/7 -- Saving model version ...
2026-04-27 02:41:03 [INFO] models.model_store - Pruned old version: v010_2026-04-26T16-19-08
2026-04-27 02:41:03 [INFO] models.model_store - Created model version v011_2026-04-26T18-41-03 (5 files)
2026-04-27 02:41:03 [INFO] pipeline.drift_detector - Saved reference distribution (17157 samples).
2026-04-27 02:41:03 [INFO] pipeline.trainer - === TRAINING COMPLETE ===
2026-04-27 02:41:03 [INFO] main - Training complete. Metrics: {'lgbm': {'rmse': 9.073158353102682, 'mae': 4.995549260391306, 'mape': 5.0841273511260265}, 'lstm': {}, 'ensemble': {}, 'timestamp': '2026-04-26T18:41:03.364942+00:00', 'data_rows': 17157, 'mode': 'full'}
2026-04-27 02:42:00 [INFO] data.fetcher - Fetching ALL food price records ...
2026-04-27 02:42:06 [INFO] data.fetcher - Fetched 17,211 rows total.
2026-04-27 02:42:06 [INFO] data.preprocessor - Preprocessing 17,211 rows ...
2026-04-27 02:42:06 [WARNING] data.preprocessor - Dropped 2 invalid rows (null/negative price).
2026-04-27 02:42:06 [INFO] data.preprocessor - Removed 35 duplicate rows.
2026-04-27 02:42:06 [INFO] data.preprocessor - Removed 17 outlier rows (>4.0σ).
2026-04-27 02:42:06 [INFO] data.preprocessor - Preprocessing complete -- 17,157 clean rows.
2026-04-27 02:42:06 [INFO] features.temporal - Added 15 temporal features.
2026-04-27 02:42:07 [INFO] features.lag_features - Added 30 lag / rolling features.
2026-04-27 02:42:07 [INFO] features.categorical - Saved categorical mappings → D:\THESIS\model_trainer\artifacts\categorical_mappings.json
2026-04-27 02:42:07 [INFO] features.categorical - Encoded 4 categorical columns (115 unique values).
2026-04-27 02:42:07 [INFO] data.news_fetcher - Fetched 0 news articles from last 90 days.
2026-04-27 02:42:07 [INFO] features.news_sentiment - No news articles found -- zero-filling sentiment features.
2026-04-27 02:42:07 [INFO] models.lstm_model - Loaded LSTM model ← D:\THESIS\model_trainer\artifacts\lstm_model.pt (11 features)
2026-04-27 02:42:44 [INFO] pipeline.trainer - === FULL TRAINING PIPELINE ===
2026-04-27 02:42:44 [INFO] data.fetcher - Fetching ALL food price records ...
2026-04-27 02:42:49 [INFO] data.fetcher - Fetched 17,211 rows total.
2026-04-27 02:42:49 [INFO] pipeline.trainer - Step 1/7 -- Preprocessing ...
2026-04-27 02:42:49 [INFO] data.preprocessor - Preprocessing 17,211 rows ...
2026-04-27 02:42:49 [WARNING] data.preprocessor - Dropped 2 invalid rows (null/negative price).
2026-04-27 02:42:49 [INFO] data.preprocessor - Removed 35 duplicate rows.
2026-04-27 02:42:49 [INFO] data.preprocessor - Removed 17 outlier rows (>4.0σ).
2026-04-27 02:42:49 [INFO] data.preprocessor - Preprocessing complete -- 17,157 clean rows.
2026-04-27 02:42:49 [INFO] pipeline.trainer - Step 2/7 -- Feature engineering ...
2026-04-27 02:42:49 [INFO] features.temporal - Added 15 temporal features.
2026-04-27 02:42:50 [INFO] features.lag_features - Added 30 lag / rolling features.
2026-04-27 02:42:50 [INFO] features.categorical - Saved categorical mappings → D:\THESIS\model_trainer\artifacts\categorical_mappings.json
2026-04-27 02:42:50 [INFO] features.categorical - Encoded 4 categorical columns (115 unique values).
2026-04-27 02:42:51 [INFO] data.news_fetcher - Fetched 0 news articles from last 90 days.
2026-04-27 02:42:51 [INFO] features.news_sentiment - No news articles found -- zero-filling sentiment features.
2026-04-27 02:42:51 [INFO] pipeline.trainer - Step 3/7 -- Splitting data ...
2026-04-27 02:42:51 [INFO] pipeline.trainer - Step 4/7 -- Training LightGBM ...
2026-04-27 02:43:01 [INFO] models.lightgbm_model - LightGBM validation -- RMSE: 9.0732  MAE: 4.9955  MAPE: 5.08%
2026-04-27 02:43:01 [INFO] models.lightgbm_model - Saved LightGBM model → D:\THESIS\model_trainer\artifacts\lightgbm_model.txt
2026-04-27 02:43:17 [INFO] models.lightgbm_model - Trained quantile models for confidence intervals.
2026-04-27 02:43:17 [INFO] pipeline.trainer - Step 5/7 -- Training LSTM ...
2026-04-27 02:43:17 [INFO] models.lstm_model - LSTM using 11 input features: ['price_index', 'price_lag_1d', 'price_lag_7d', 'price_rolling_mean_7d', 'price_rolling_mean_30d', 'price_pct_change_1d', 'month_sin', 'month_cos', 'dow_sin', 'dow_cos', 'supply_shock_flag']
2026-04-27 02:43:17 [ERROR] pipeline.trainer - LSTM training failed: too many values to unpack (expected 3, got 4)
2026-04-27 02:43:17 [INFO] pipeline.trainer - Step 6/7 -- Training ensemble ...
2026-04-27 02:43:17 [INFO] pipeline.trainer - Step 7/7 -- Saving model version ...
2026-04-27 02:43:17 [INFO] models.model_store - Pruned old version: v011_2026-04-26T16-38-16
2026-04-27 02:43:17 [INFO] models.model_store - Created model version v011_2026-04-26T18-43-17 (5 files)
2026-04-27 02:43:18 [INFO] pipeline.drift_detector - Saved reference distribution (17157 samples).
2026-04-27 02:43:18 [INFO] pipeline.trainer - === TRAINING COMPLETE ===
2026-04-27 02:43:18 [INFO] main - Training complete. Metrics: {'lgbm': {'rmse': 9.073158353102682, 'mae': 4.995549260391306, 'mape': 5.0841273511260265}, 'lstm': {}, 'ensemble': {}, 'timestamp': '2026-04-26T18:43:17.946183+00:00', 'data_rows': 17157, 'mode': 'full'}
2026-04-27 02:45:25 [INFO] pipeline.trainer - === FULL TRAINING PIPELINE ===
2026-04-27 02:45:25 [INFO] data.fetcher - Fetching ALL food price records ...
2026-04-27 02:45:31 [INFO] data.fetcher - Fetched 17,211 rows total.
2026-04-27 02:45:31 [INFO] pipeline.trainer - Step 1/7 -- Preprocessing ...
2026-04-27 02:45:31 [INFO] data.preprocessor - Preprocessing 17,211 rows ...
2026-04-27 02:45:31 [WARNING] data.preprocessor - Dropped 2 invalid rows (null/negative price).
2026-04-27 02:45:31 [INFO] data.preprocessor - Removed 35 duplicate rows.
2026-04-27 02:45:31 [INFO] data.preprocessor - Removed 17 outlier rows (>4.0σ).
2026-04-27 02:45:31 [INFO] data.preprocessor - Preprocessing complete -- 17,157 clean rows.
2026-04-27 02:45:31 [INFO] pipeline.trainer - Step 2/7 -- Feature engineering ...
2026-04-27 02:45:31 [INFO] features.temporal - Added 15 temporal features.
2026-04-27 02:45:31 [INFO] features.lag_features - Added 30 lag / rolling features.
2026-04-27 02:45:31 [INFO] features.categorical - Saved categorical mappings → D:\THESIS\model_trainer\artifacts\categorical_mappings.json
2026-04-27 02:45:31 [INFO] features.categorical - Encoded 4 categorical columns (115 unique values).
2026-04-27 02:45:32 [INFO] data.news_fetcher - Fetched 0 news articles from last 90 days.
2026-04-27 02:45:32 [INFO] features.news_sentiment - No news articles found -- zero-filling sentiment features.
2026-04-27 02:45:32 [INFO] pipeline.trainer - Step 3/7 -- Splitting data ...
2026-04-27 02:45:32 [INFO] pipeline.trainer - Step 4/7 -- Training LightGBM ...
2026-04-27 02:45:43 [INFO] models.lightgbm_model - LightGBM validation -- RMSE: 9.0732  MAE: 4.9955  MAPE: 5.08%
2026-04-27 02:45:43 [INFO] models.lightgbm_model - Saved LightGBM model → D:\THESIS\model_trainer\artifacts\lightgbm_model.txt
2026-04-27 02:46:01 [INFO] models.lightgbm_model - Trained quantile models for confidence intervals.
2026-04-27 02:46:01 [INFO] pipeline.trainer - Step 5/7 -- Training LSTM ...
2026-04-27 02:46:01 [INFO] models.lstm_model - LSTM using 11 input features: ['price_index', 'price_lag_1d', 'price_lag_7d', 'price_rolling_mean_7d', 'price_rolling_mean_30d', 'price_pct_change_1d', 'month_sin', 'month_cos', 'dow_sin', 'dow_cos', 'supply_shock_flag']
2026-04-27 02:46:01 [INFO] pipeline.trainer - LSTM sequences — train: 11565, val: 1192, features: 11
2026-04-27 02:46:12 [INFO] models.lstm_model - Epoch   1/200  train=0.140928  val=0.175715  lr=1.00e-03
2026-04-27 02:47:37 [INFO] models.lstm_model - Epoch  10/200  train=0.110967  val=0.175155  lr=1.00e-03
2026-04-27 02:49:10 [INFO] models.lstm_model - Epoch  20/200  train=0.106048  val=0.182036  lr=5.00e-04
2026-04-27 02:50:19 [INFO] pipeline.trainer - === FULL TRAINING PIPELINE ===
2026-04-27 02:50:19 [INFO] data.fetcher - Fetching ALL food price records ...
2026-04-27 02:50:26 [INFO] data.fetcher - Fetched 17,211 rows total.
2026-04-27 02:50:26 [INFO] pipeline.trainer - Step 1/7 -- Preprocessing ...
2026-04-27 02:50:26 [INFO] data.preprocessor - Preprocessing 17,211 rows ...
2026-04-27 02:50:26 [WARNING] data.preprocessor - Dropped 2 invalid rows (null/negative price).
2026-04-27 02:50:26 [INFO] data.preprocessor - Removed 35 duplicate rows.
2026-04-27 02:50:26 [INFO] data.preprocessor - Removed 17 outlier rows (>4.0σ).
2026-04-27 02:50:26 [INFO] data.preprocessor - Preprocessing complete -- 17,157 clean rows.
2026-04-27 02:50:26 [INFO] pipeline.trainer - Step 2/7 -- Feature engineering ...
2026-04-27 02:50:26 [INFO] features.temporal - Added 15 temporal features.
2026-04-27 02:50:26 [INFO] features.lag_features - Added 30 lag / rolling features.
2026-04-27 02:50:26 [INFO] features.categorical - Saved categorical mappings → D:\THESIS\model_trainer\artifacts\categorical_mappings.json
2026-04-27 02:50:26 [INFO] features.categorical - Encoded 4 categorical columns (115 unique values).
2026-04-27 02:50:27 [INFO] data.news_fetcher - Fetched 0 news articles from last 90 days.
2026-04-27 02:50:27 [INFO] features.news_sentiment - No news articles found -- zero-filling sentiment features.
2026-04-27 02:50:27 [INFO] pipeline.trainer - Step 3/7 -- Splitting data ...
2026-04-27 02:50:27 [INFO] pipeline.trainer - Step 4/7 -- Training LightGBM ...
2026-04-27 02:50:45 [INFO] models.lightgbm_model - LightGBM validation -- RMSE: 9.0732  MAE: 4.9955  MAPE: 5.08%
2026-04-27 02:50:45 [INFO] models.lightgbm_model - Saved LightGBM model → D:\THESIS\model_trainer\artifacts\lightgbm_model.txt
2026-04-27 02:51:01 [INFO] models.lstm_model - Epoch  30/200  train=0.095647  val=0.206786  lr=2.50e-04
2026-04-27 02:51:22 [INFO] models.lightgbm_model - Trained quantile models for confidence intervals.
2026-04-27 02:51:22 [INFO] pipeline.trainer - Step 5/7 -- Training LSTM ...
2026-04-27 02:51:22 [INFO] models.lstm_model - LSTM using 11 input features: ['price_index', 'price_lag_1d', 'price_lag_7d', 'price_rolling_mean_7d', 'price_rolling_mean_30d', 'price_pct_change_1d', 'month_sin', 'month_cos', 'dow_sin', 'dow_cos', 'supply_shock_flag']
2026-04-27 02:51:22 [INFO] pipeline.trainer - LSTM sequences — train: 11565, val: 1192, features: 11
2026-04-27 02:51:36 [INFO] models.lstm_model - Epoch   1/200  train=0.143310  val=0.175158  lr=1.00e-03
2026-04-27 02:52:06 [INFO] models.lstm_model - Early stopping at epoch 35
2026-04-27 02:52:06 [INFO] models.lstm_model - LSTM validation — RMSE: 38.5583  MAE: 20.0352  MAPE: 23.02%
2026-04-27 02:52:06 [INFO] pipeline.trainer - Step 6/7 -- Training ensemble ...
2026-04-27 02:52:06 [INFO] pipeline.trainer - Ensemble training with 1192 aligned predictions.
2026-04-27 02:52:06 [INFO] models.ensemble - Meta-model trained -- LightGBM coef: 1.1086, LSTM coef: -0.0865, intercept: -1.9608
2026-04-27 02:52:06 [INFO] models.ensemble - Ensemble (stacking) -- RMSE: 9.6930  MAE: 5.6633  MAPE: 9.47%
2026-04-27 02:52:06 [INFO] models.ensemble - Saved ensemble meta-model -> D:\THESIS\model_trainer\artifacts\ensemble_meta_model.pkl
2026-04-27 02:52:06 [INFO] pipeline.trainer - Step 7/7 -- Saving model version ...
2026-04-27 02:52:06 [INFO] models.model_store - Pruned old version: v011_2026-04-26T16-52-21
2026-04-27 02:52:06 [INFO] models.model_store - Created model version v011_2026-04-26T18-52-06 (5 files)
2026-04-27 02:52:06 [INFO] pipeline.drift_detector - Saved reference distribution (17157 samples).
2026-04-27 02:52:06 [INFO] pipeline.trainer - === TRAINING COMPLETE ===
2026-04-27 02:52:06 [INFO] main - Training complete. Metrics: {'lgbm': {'rmse': 9.073158353102682, 'mae': 4.995549260391306, 'mape': 5.0841273511260265}, 'lstm': {'rmse': 38.55829313150361, 'mae': 20.035221754205992, 'mape': 23.019694213698934}, 'ensemble': {'rmse': 9.693013684445118, 'mae': 5.663259619346248, 'mape': 9.468901690308936}, 'timestamp': '2026-04-26T18:52:06.435086+00:00', 'data_rows': 17157, 'mode': 'full'}
2026-04-27 02:53:00 [INFO] models.lstm_model - Epoch  10/200  train=0.111471  val=0.173388  lr=1.00e-03
2026-04-27 02:53:15 [INFO] data.preprocessor - Preprocessing 197 rows ...
2026-04-27 02:53:15 [INFO] data.preprocessor - Preprocessing complete -- 197 clean rows.
2026-04-27 02:53:15 [INFO] features.temporal - Added 15 temporal features.
2026-04-27 02:53:15 [INFO] features.lag_features - Added 30 lag / rolling features.
2026-04-27 02:53:15 [INFO] features.categorical - Loaded categorical mappings from D:\THESIS\model_trainer\artifacts\categorical_mappings.json
2026-04-27 02:53:16 [INFO] data.news_fetcher - Fetched 0 news articles from last 90 days.
2026-04-27 02:53:16 [INFO] features.news_sentiment - No news articles found -- zero-filling sentiment features.
2026-04-27 02:53:16 [INFO] features.temporal - Added 15 temporal features.
2026-04-27 02:53:16 [INFO] features.lag_features - Added 30 lag / rolling features.
2026-04-27 02:53:17 [INFO] data.news_fetcher - Fetched 0 news articles from last 90 days.
2026-04-27 02:53:17 [INFO] features.news_sentiment - No news articles found -- zero-filling sentiment features.
2026-04-27 02:53:17 [INFO] features.temporal - Added 15 temporal features.
2026-04-27 02:53:17 [INFO] features.lag_features - Added 30 lag / rolling features.
2026-04-27 02:53:17 [INFO] data.news_fetcher - Fetched 0 news articles from last 90 days.
2026-04-27 02:53:17 [INFO] features.news_sentiment - No news articles found -- zero-filling sentiment features.
2026-04-27 02:53:17 [INFO] features.temporal - Added 15 temporal features.
2026-04-27 02:53:17 [INFO] features.lag_features - Added 30 lag / rolling features.
2026-04-27 02:53:17 [INFO] data.news_fetcher - Fetched 0 news articles from last 90 days.
2026-04-27 02:53:17 [INFO] features.news_sentiment - No news articles found -- zero-filling sentiment features.
2026-04-27 02:53:17 [INFO] features.temporal - Added 15 temporal features.
2026-04-27 02:53:18 [INFO] features.lag_features - Added 30 lag / rolling features.
2026-04-27 02:53:18 [INFO] data.news_fetcher - Fetched 0 news articles from last 90 days.
2026-04-27 02:53:18 [INFO] features.news_sentiment - No news articles found -- zero-filling sentiment features.
2026-04-27 02:53:18 [INFO] features.temporal - Added 15 temporal features.
2026-04-27 02:53:18 [INFO] features.lag_features - Added 30 lag / rolling features.
2026-04-27 02:53:18 [INFO] data.news_fetcher - Fetched 0 news articles from last 90 days.
2026-04-27 02:53:18 [INFO] features.news_sentiment - No news articles found -- zero-filling sentiment features.
2026-04-27 02:53:18 [INFO] features.temporal - Added 15 temporal features.
2026-04-27 02:53:18 [INFO] features.lag_features - Added 30 lag / rolling features.
2026-04-27 02:53:19 [INFO] data.news_fetcher - Fetched 0 news articles from last 90 days.
2026-04-27 02:53:19 [INFO] features.news_sentiment - No news articles found -- zero-filling sentiment features.
2026-04-27 02:53:19 [INFO] features.temporal - Added 15 temporal features.
2026-04-27 02:53:19 [INFO] features.lag_features - Added 30 lag / rolling features.
2026-04-27 02:53:19 [INFO] data.news_fetcher - Fetched 0 news articles from last 90 days.
2026-04-27 02:53:19 [INFO] features.news_sentiment - No news articles found -- zero-filling sentiment features.
2026-04-27 02:53:21 [INFO] data.news_fetcher - Fetched 0 news articles from last 14 days.
2026-04-27 02:53:24 [INFO] main - Starting API server on 0.0.0.0:8000
2026-04-27 02:53:32 [INFO] api.main - FOODCAST API starting up ...
2026-04-27 02:53:41 [INFO] models.registry - Loading models into registry ...
2026-04-27 02:53:41 [INFO] models.lightgbm_model - Loaded LightGBM model ← D:\THESIS\model_trainer\artifacts\lightgbm_model.txt
2026-04-27 02:53:41 [INFO] models.lstm_model - Loaded LSTM model ← D:\THESIS\model_trainer\artifacts\lstm_model.pt (11 features)
2026-04-27 02:53:41 [INFO] models.ensemble - Loaded ensemble meta-model <- D:\THESIS\model_trainer\artifacts\ensemble_meta_model.pkl
2026-04-27 02:53:41 [INFO] models.registry - Model registry loaded successfully.
2026-04-27 02:53:43 [INFO] data.preprocessor - Preprocessing 197 rows ...
2026-04-27 02:53:43 [INFO] data.preprocessor - Preprocessing complete -- 197 clean rows.
2026-04-27 02:53:43 [INFO] features.temporal - Added 15 temporal features.
2026-04-27 02:53:43 [INFO] features.lag_features - Added 30 lag / rolling features.
2026-04-27 02:53:43 [INFO] features.categorical - Loaded categorical mappings from D:\THESIS\model_trainer\artifacts\categorical_mappings.json
2026-04-27 02:53:44 [INFO] data.news_fetcher - Fetched 0 news articles from last 90 days.
2026-04-27 02:53:44 [INFO] features.news_sentiment - No news articles found -- zero-filling sentiment features.
2026-04-27 02:53:44 [INFO] features.temporal - Added 15 temporal features.
2026-04-27 02:53:44 [INFO] features.lag_features - Added 30 lag / rolling features.
2026-04-27 02:53:44 [INFO] data.news_fetcher - Fetched 0 news articles from last 90 days.
2026-04-27 02:53:44 [INFO] features.news_sentiment - No news articles found -- zero-filling sentiment features.
2026-04-27 02:53:45 [INFO] features.temporal - Added 15 temporal features.
2026-04-27 02:53:45 [INFO] features.lag_features - Added 30 lag / rolling features.
2026-04-27 02:53:45 [INFO] data.news_fetcher - Fetched 0 news articles from last 90 days.
2026-04-27 02:53:45 [INFO] features.news_sentiment - No news articles found -- zero-filling sentiment features.
2026-04-27 02:53:45 [INFO] features.temporal - Added 15 temporal features.
2026-04-27 02:53:45 [INFO] features.lag_features - Added 30 lag / rolling features.
2026-04-27 02:53:45 [INFO] data.news_fetcher - Fetched 0 news articles from last 90 days.
2026-04-27 02:53:45 [INFO] features.news_sentiment - No news articles found -- zero-filling sentiment features.
2026-04-27 02:53:45 [INFO] features.temporal - Added 15 temporal features.
2026-04-27 02:53:45 [INFO] features.lag_features - Added 30 lag / rolling features.
2026-04-27 02:53:46 [INFO] data.news_fetcher - Fetched 0 news articles from last 90 days.
2026-04-27 02:53:46 [INFO] features.news_sentiment - No news articles found -- zero-filling sentiment features.
2026-04-27 02:53:46 [INFO] features.temporal - Added 15 temporal features.
2026-04-27 02:53:46 [INFO] features.lag_features - Added 30 lag / rolling features.
2026-04-27 02:53:46 [INFO] data.news_fetcher - Fetched 0 news articles from last 90 days.
2026-04-27 02:53:46 [INFO] features.news_sentiment - No news articles found -- zero-filling sentiment features.
2026-04-27 02:53:46 [INFO] features.temporal - Added 15 temporal features.
2026-04-27 02:53:46 [INFO] features.lag_features - Added 30 lag / rolling features.
2026-04-27 02:53:46 [INFO] data.news_fetcher - Fetched 0 news articles from last 90 days.
2026-04-27 02:53:46 [INFO] features.news_sentiment - No news articles found -- zero-filling sentiment features.
2026-04-27 02:53:47 [INFO] features.temporal - Added 15 temporal features.
2026-04-27 02:53:47 [INFO] features.lag_features - Added 30 lag / rolling features.
2026-04-27 02:53:47 [INFO] data.news_fetcher - Fetched 0 news articles from last 90 days.
2026-04-27 02:53:47 [INFO] features.news_sentiment - No news articles found -- zero-filling sentiment features.
2026-04-27 02:53:48 [INFO] data.news_fetcher - Fetched 0 news articles from last 14 days.
2026-04-27 02:54:22 [INFO] models.lstm_model - Epoch  20/200  train=0.111243  val=0.173260  lr=1.00e-03
2026-04-27 02:55:50 [INFO] models.lstm_model - Epoch  30/200  train=0.111937  val=0.173278  lr=5.00e-04
2026-04-27 02:57:14 [INFO] models.lstm_model - Epoch  40/200  train=0.111889  val=0.173295  lr=2.50e-04
2026-04-27 02:58:41 [INFO] models.lstm_model - Epoch  50/200  train=0.111848  val=0.173305  lr=6.25e-05
2026-04-27 03:00:02 [INFO] models.lstm_model - Epoch  60/200  train=0.111291  val=0.173301  lr=3.13e-05
2026-04-27 03:00:09 [INFO] models.lstm_model - Early stopping at epoch 61
2026-04-27 03:00:09 [INFO] models.lstm_model - LSTM validation — RMSE: 38.2006  MAE: 20.8997  MAPE: 25.04%
2026-04-27 03:00:09 [INFO] pipeline.trainer - Step 6/7 -- Training ensemble ...
2026-04-27 03:00:09 [INFO] pipeline.trainer - Ensemble training with 1192 aligned predictions.
2026-04-27 03:00:09 [INFO] models.ensemble - Meta-model trained -- LightGBM coef: 1.1097, LSTM coef: -0.0844, intercept: -1.9136
2026-04-27 03:00:09 [INFO] models.ensemble - Ensemble (stacking) -- RMSE: 9.6848  MAE: 5.6636  MAPE: 9.38%
2026-04-27 03:00:09 [INFO] models.ensemble - Saved ensemble meta-model -> D:\THESIS\model_trainer\artifacts\ensemble_meta_model.pkl
2026-04-27 03:00:09 [INFO] pipeline.trainer - Step 7/7 -- Saving model version ...
2026-04-27 03:00:09 [INFO] models.model_store - Pruned old version: v011_2026-04-26T16-55-17
2026-04-27 03:00:09 [INFO] models.model_store - Created model version v011_2026-04-26T19-00-09 (5 files)
2026-04-27 03:00:09 [INFO] pipeline.drift_detector - Saved reference distribution (17157 samples).
2026-04-27 03:00:09 [INFO] pipeline.trainer - === TRAINING COMPLETE ===
2026-04-27 03:00:09 [INFO] main - Training complete. Metrics: {'lgbm': {'rmse': 9.073158353102682, 'mae': 4.995549260391306, 'mape': 5.0841273511260265}, 'lstm': {'rmse': 38.20058731313593, 'mae': 20.899734862390762, 'mape': 25.041145155647744}, 'ensemble': {'rmse': 9.684841686359139, 'mae': 5.663555393848811, 'mape': 9.37592766083892}, 'timestamp': '2026-04-26T19:00:09.451195+00:00', 'data_rows': 17157, 'mode': 'full'}
2026-04-27 03:01:25 [INFO] pipeline.trainer - === FULL TRAINING PIPELINE ===
2026-04-27 03:01:25 [INFO] data.fetcher - Fetching ALL food price records ...
2026-04-27 03:01:31 [INFO] data.fetcher - Fetched 17,211 rows total.
2026-04-27 03:01:31 [INFO] pipeline.trainer - Step 1/7 -- Preprocessing ...
2026-04-27 03:01:31 [INFO] data.preprocessor - Preprocessing 17,211 rows ...
2026-04-27 03:01:31 [WARNING] data.preprocessor - Dropped 2 invalid rows (null/negative price).
2026-04-27 03:01:31 [INFO] data.preprocessor - Removed 35 duplicate rows.
2026-04-27 03:01:31 [INFO] data.preprocessor - Removed 17 outlier rows (>4.0σ).
2026-04-27 03:01:31 [INFO] data.preprocessor - Preprocessing complete -- 17,157 clean rows.
2026-04-27 03:01:31 [INFO] pipeline.trainer - Step 2/7 -- Feature engineering ...
2026-04-27 03:01:31 [INFO] features.temporal - Added 15 temporal features.
2026-04-27 03:01:31 [INFO] features.lag_features - Added 30 lag / rolling features.
2026-04-27 03:01:31 [INFO] features.categorical - Saved categorical mappings → D:\THESIS\model_trainer\artifacts\categorical_mappings.json
2026-04-27 03:01:31 [INFO] features.categorical - Encoded 4 categorical columns (115 unique values).
2026-04-27 03:01:32 [INFO] data.news_fetcher - Fetched 0 news articles from last 90 days.
2026-04-27 03:01:32 [INFO] features.news_sentiment - No news articles found -- zero-filling sentiment features.
2026-04-27 03:01:32 [INFO] pipeline.trainer - Step 3/7 -- Splitting data ...
2026-04-27 03:01:32 [INFO] pipeline.trainer - Step 4/7 -- Training LightGBM ...
2026-04-27 03:01:42 [INFO] models.lightgbm_model - LightGBM validation -- RMSE: 3.9486  MAE: 2.2275  MAPE: 2.22%
2026-04-27 03:01:43 [INFO] models.lightgbm_model - Saved LightGBM model → D:\THESIS\model_trainer\artifacts\lightgbm_model.txt
2026-04-27 03:02:01 [INFO] models.lightgbm_model - Trained quantile models for confidence intervals.
2026-04-27 03:02:01 [INFO] pipeline.trainer - Step 5/7 -- Training LSTM ...
2026-04-27 03:02:01 [INFO] models.lstm_model - LSTM using 11 input features: ['price_index', 'price_lag_1d', 'price_lag_7d', 'price_rolling_mean_7d', 'price_rolling_mean_30d', 'price_pct_change_1d', 'month_sin', 'month_cos', 'dow_sin', 'dow_cos', 'supply_shock_flag']
2026-04-27 03:02:02 [INFO] pipeline.trainer - LSTM sequences — train: 11565, val: 1192, features: 11
2026-04-27 03:02:13 [INFO] models.lstm_model - Epoch   1/200  train=0.135747  val=0.173725  lr=1.00e-03
2026-04-27 03:03:34 [INFO] models.lstm_model - Epoch  10/200  train=0.112290  val=0.173541  lr=1.00e-03
2026-04-27 03:05:03 [INFO] models.lstm_model - Epoch  20/200  train=0.111921  val=0.173325  lr=5.00e-04
2026-04-27 03:06:35 [INFO] models.lstm_model - Epoch  30/200  train=0.111906  val=0.173260  lr=2.50e-04
2026-04-27 03:07:19 [INFO] models.lstm_model - Early stopping at epoch 35
2026-04-27 03:07:19 [INFO] models.lstm_model - LSTM validation — RMSE: 38.3038  MAE: 21.1253  MAPE: 25.45%
2026-04-27 03:07:19 [INFO] pipeline.trainer - Step 6/7 -- Training ensemble ...
2026-04-27 03:07:19 [INFO] pipeline.trainer - Ensemble training with 1192 aligned predictions.
2026-04-27 03:07:19 [INFO] models.ensemble - Meta-model trained -- LightGBM coef: 1.0432, LSTM coef: -0.0280, intercept: -0.9426
2026-04-27 03:07:19 [INFO] models.ensemble - Ensemble (stacking) -- RMSE: 3.9798  MAE: 2.4726  MAPE: 4.54%
2026-04-27 03:07:19 [INFO] models.ensemble - Saved ensemble meta-model -> D:\THESIS\model_trainer\artifacts\ensemble_meta_model.pkl
2026-04-27 03:07:19 [INFO] pipeline.trainer - Step 7/7 -- Saving model version ...
2026-04-27 03:07:19 [INFO] models.model_store - Pruned old version: v011_2026-04-26T17-12-26
2026-04-27 03:07:19 [INFO] models.model_store - Created model version v011_2026-04-26T19-07-19 (5 files)
2026-04-27 03:07:19 [INFO] pipeline.drift_detector - Saved reference distribution (17157 samples).
2026-04-27 03:07:19 [INFO] pipeline.trainer - === TRAINING COMPLETE ===
2026-04-27 03:07:19 [INFO] main - Training complete. Metrics: {'lgbm': {'rmse': 3.94861591564511, 'mae': 2.2274952692026546, 'mape': 2.224133406405749}, 'lstm': {'rmse': 38.30378843320308, 'mae': 21.125277824208776, 'mape': 25.449600401855747}, 'ensemble': {'rmse': 3.9797735212722545, 'mae': 2.4726361625137643, 'mape': 4.539807812252674}, 'timestamp': '2026-04-26T19:07:19.675881+00:00', 'data_rows': 17157, 'mode': 'full'}
2026-04-27 03:08:26 [INFO] data.preprocessor - Preprocessing 197 rows ...
2026-04-27 03:08:26 [INFO] data.preprocessor - Preprocessing complete -- 197 clean rows.
2026-04-27 03:08:26 [INFO] features.temporal - Added 15 temporal features.
2026-04-27 03:08:26 [INFO] features.lag_features - Added 30 lag / rolling features.
2026-04-27 03:08:26 [INFO] features.categorical - Loaded categorical mappings from D:\THESIS\model_trainer\artifacts\categorical_mappings.json
2026-04-27 03:08:27 [INFO] data.news_fetcher - Fetched 0 news articles from last 90 days.
2026-04-27 03:08:27 [INFO] features.news_sentiment - No news articles found -- zero-filling sentiment features.
2026-04-27 03:08:27 [INFO] features.temporal - Added 15 temporal features.
2026-04-27 03:08:27 [INFO] features.lag_features - Added 30 lag / rolling features.
2026-04-27 03:08:27 [INFO] data.news_fetcher - Fetched 0 news articles from last 90 days.
2026-04-27 03:08:27 [INFO] features.news_sentiment - No news articles found -- zero-filling sentiment features.
2026-04-27 03:08:28 [INFO] features.temporal - Added 15 temporal features.
2026-04-27 03:08:28 [INFO] features.lag_features - Added 30 lag / rolling features.
2026-04-27 03:08:28 [INFO] data.news_fetcher - Fetched 0 news articles from last 90 days.
2026-04-27 03:08:28 [INFO] features.news_sentiment - No news articles found -- zero-filling sentiment features.
2026-04-27 03:08:28 [INFO] features.temporal - Added 15 temporal features.
2026-04-27 03:08:28 [INFO] features.lag_features - Added 30 lag / rolling features.
2026-04-27 03:08:28 [INFO] data.news_fetcher - Fetched 0 news articles from last 90 days.
2026-04-27 03:08:28 [INFO] features.news_sentiment - No news articles found -- zero-filling sentiment features.
2026-04-27 03:08:28 [INFO] features.temporal - Added 15 temporal features.
2026-04-27 03:08:28 [INFO] features.lag_features - Added 30 lag / rolling features.
2026-04-27 03:08:29 [INFO] data.news_fetcher - Fetched 0 news articles from last 90 days.
2026-04-27 03:08:29 [INFO] features.news_sentiment - No news articles found -- zero-filling sentiment features.
2026-04-27 03:08:29 [INFO] features.temporal - Added 15 temporal features.
2026-04-27 03:08:29 [INFO] features.lag_features - Added 30 lag / rolling features.
2026-04-27 03:08:29 [INFO] data.news_fetcher - Fetched 0 news articles from last 90 days.
2026-04-27 03:08:29 [INFO] features.news_sentiment - No news articles found -- zero-filling sentiment features.
2026-04-27 03:08:29 [INFO] features.temporal - Added 15 temporal features.
2026-04-27 03:08:29 [INFO] features.lag_features - Added 30 lag / rolling features.
2026-04-27 03:08:29 [INFO] data.news_fetcher - Fetched 0 news articles from last 90 days.
2026-04-27 03:08:29 [INFO] features.news_sentiment - No news articles found -- zero-filling sentiment features.
2026-04-27 03:08:29 [INFO] features.temporal - Added 15 temporal features.
2026-04-27 03:08:29 [INFO] features.lag_features - Added 30 lag / rolling features.
2026-04-27 03:08:30 [INFO] data.news_fetcher - Fetched 0 news articles from last 90 days.
2026-04-27 03:08:30 [INFO] features.news_sentiment - No news articles found -- zero-filling sentiment features.
2026-04-27 03:08:31 [INFO] data.news_fetcher - Fetched 0 news articles from last 14 days.
2026-04-27 03:08:42 [INFO] data.preprocessor - Preprocessing 197 rows ...
2026-04-27 03:08:42 [INFO] data.preprocessor - Preprocessing complete -- 197 clean rows.
2026-04-27 03:08:42 [INFO] features.temporal - Added 15 temporal features.
2026-04-27 03:08:42 [INFO] features.lag_features - Added 30 lag / rolling features.
2026-04-27 03:08:42 [INFO] features.categorical - Loaded categorical mappings from D:\THESIS\model_trainer\artifacts\categorical_mappings.json
2026-04-27 03:08:43 [INFO] data.news_fetcher - Fetched 0 news articles from last 90 days.
2026-04-27 03:08:43 [INFO] features.news_sentiment - No news articles found -- zero-filling sentiment features.
2026-04-27 03:08:43 [INFO] features.temporal - Added 15 temporal features.
2026-04-27 03:08:43 [INFO] features.lag_features - Added 30 lag / rolling features.
2026-04-27 03:08:43 [INFO] data.news_fetcher - Fetched 0 news articles from last 90 days.
2026-04-27 03:08:43 [INFO] features.news_sentiment - No news articles found -- zero-filling sentiment features.
2026-04-27 03:08:43 [INFO] features.temporal - Added 15 temporal features.
2026-04-27 03:08:43 [INFO] features.lag_features - Added 30 lag / rolling features.
2026-04-27 03:08:44 [INFO] data.news_fetcher - Fetched 0 news articles from last 90 days.
2026-04-27 03:08:44 [INFO] features.news_sentiment - No news articles found -- zero-filling sentiment features.
2026-04-27 03:08:44 [INFO] features.temporal - Added 15 temporal features.
2026-04-27 03:08:44 [INFO] features.lag_features - Added 30 lag / rolling features.
2026-04-27 03:08:44 [INFO] data.news_fetcher - Fetched 0 news articles from last 90 days.
2026-04-27 03:08:44 [INFO] features.news_sentiment - No news articles found -- zero-filling sentiment features.
2026-04-27 03:08:44 [INFO] features.temporal - Added 15 temporal features.
2026-04-27 03:08:44 [INFO] features.lag_features - Added 30 lag / rolling features.
2026-04-27 03:08:44 [INFO] data.news_fetcher - Fetched 0 news articles from last 90 days.
2026-04-27 03:08:44 [INFO] features.news_sentiment - No news articles found -- zero-filling sentiment features.
2026-04-27 03:08:45 [INFO] features.temporal - Added 15 temporal features.
2026-04-27 03:08:45 [INFO] features.lag_features - Added 30 lag / rolling features.
2026-04-27 03:08:45 [INFO] data.news_fetcher - Fetched 0 news articles from last 90 days.
2026-04-27 03:08:45 [INFO] features.news_sentiment - No news articles found -- zero-filling sentiment features.
2026-04-27 03:08:45 [INFO] features.temporal - Added 15 temporal features.
2026-04-27 03:08:45 [INFO] features.lag_features - Added 30 lag / rolling features.
2026-04-27 03:08:45 [INFO] data.news_fetcher - Fetched 0 news articles from last 90 days.
2026-04-27 03:08:45 [INFO] features.news_sentiment - No news articles found -- zero-filling sentiment features.
2026-04-27 03:08:45 [INFO] features.temporal - Added 15 temporal features.
2026-04-27 03:08:45 [INFO] features.lag_features - Added 30 lag / rolling features.
2026-04-27 03:08:46 [INFO] data.news_fetcher - Fetched 0 news articles from last 90 days.
2026-04-27 03:08:46 [INFO] features.news_sentiment - No news articles found -- zero-filling sentiment features.
2026-04-27 03:08:47 [INFO] data.news_fetcher - Fetched 0 news articles from last 14 days.
2026-04-27 03:12:01 [INFO] data.preprocessor - Preprocessing 197 rows ...
2026-04-27 03:12:01 [INFO] data.preprocessor - Preprocessing complete -- 197 clean rows.
2026-04-27 03:12:01 [INFO] features.temporal - Added 15 temporal features.
2026-04-27 03:12:01 [INFO] features.lag_features - Added 30 lag / rolling features.
2026-04-27 03:12:01 [INFO] features.categorical - Loaded categorical mappings from D:\THESIS\model_trainer\artifacts\categorical_mappings.json
2026-04-27 03:12:02 [INFO] data.news_fetcher - Fetched 0 news articles from last 90 days.
2026-04-27 03:12:02 [INFO] features.news_sentiment - No news articles found -- zero-filling sentiment features.
2026-04-27 03:12:02 [INFO] features.temporal - Added 15 temporal features.
2026-04-27 03:12:02 [INFO] features.lag_features - Added 30 lag / rolling features.
2026-04-27 03:12:02 [INFO] data.news_fetcher - Fetched 0 news articles from last 90 days.
2026-04-27 03:12:02 [INFO] features.news_sentiment - No news articles found -- zero-filling sentiment features.
2026-04-27 03:12:02 [INFO] features.temporal - Added 15 temporal features.
2026-04-27 03:12:02 [INFO] features.lag_features - Added 30 lag / rolling features.
2026-04-27 03:12:02 [INFO] data.news_fetcher - Fetched 0 news articles from last 90 days.
2026-04-27 03:12:02 [INFO] features.news_sentiment - No news articles found -- zero-filling sentiment features.
2026-04-27 03:12:03 [INFO] features.temporal - Added 15 temporal features.
2026-04-27 03:12:03 [INFO] features.lag_features - Added 30 lag / rolling features.
2026-04-27 03:12:03 [INFO] data.news_fetcher - Fetched 0 news articles from last 90 days.
2026-04-27 03:12:03 [INFO] features.news_sentiment - No news articles found -- zero-filling sentiment features.
2026-04-27 03:12:03 [INFO] features.temporal - Added 15 temporal features.
2026-04-27 03:12:03 [INFO] features.lag_features - Added 30 lag / rolling features.
2026-04-27 03:12:03 [INFO] data.news_fetcher - Fetched 0 news articles from last 90 days.
2026-04-27 03:12:03 [INFO] features.news_sentiment - No news articles found -- zero-filling sentiment features.
2026-04-27 03:12:03 [INFO] features.temporal - Added 15 temporal features.
2026-04-27 03:12:03 [INFO] features.lag_features - Added 30 lag / rolling features.
2026-04-27 03:12:04 [INFO] data.news_fetcher - Fetched 0 news articles from last 90 days.
2026-04-27 03:12:04 [INFO] features.news_sentiment - No news articles found -- zero-filling sentiment features.
2026-04-27 03:12:04 [INFO] features.temporal - Added 15 temporal features.
2026-04-27 03:12:04 [INFO] features.lag_features - Added 30 lag / rolling features.
2026-04-27 03:12:04 [INFO] data.news_fetcher - Fetched 0 news articles from last 90 days.
2026-04-27 03:12:04 [INFO] features.news_sentiment - No news articles found -- zero-filling sentiment features.
2026-04-27 03:12:04 [INFO] features.temporal - Added 15 temporal features.
2026-04-27 03:12:04 [INFO] features.lag_features - Added 30 lag / rolling features.
2026-04-27 03:12:04 [INFO] data.news_fetcher - Fetched 0 news articles from last 90 days.
2026-04-27 03:12:04 [INFO] features.news_sentiment - No news articles found -- zero-filling sentiment features.
2026-04-27 03:12:06 [INFO] data.news_fetcher - Fetched 0 news articles from last 14 days.
2026-04-27 03:17:31 [INFO] pipeline.trainer - === FULL TRAINING PIPELINE ===
2026-04-27 03:17:31 [INFO] data.fetcher - Fetching ALL food price records ...
2026-04-27 03:17:39 [INFO] data.fetcher - Fetched 17,211 rows total.
2026-04-27 03:17:39 [INFO] pipeline.trainer - Step 1/7 -- Preprocessing ...
2026-04-27 03:17:39 [INFO] data.preprocessor - Preprocessing 17,211 rows ...
2026-04-27 03:17:39 [WARNING] data.preprocessor - Dropped 2 invalid rows (null/negative price).
2026-04-27 03:17:39 [INFO] data.preprocessor - Removed 35 duplicate rows.
2026-04-27 03:17:39 [INFO] data.preprocessor - Removed 17 outlier rows (>4.0σ).
2026-04-27 03:17:39 [INFO] data.preprocessor - Preprocessing complete -- 17,157 clean rows.
2026-04-27 03:17:39 [INFO] pipeline.trainer - Step 2/7 -- Feature engineering ...
2026-04-27 03:17:39 [INFO] features.temporal - Added 15 temporal features.
2026-04-27 03:17:39 [INFO] features.lag_features - Added 30 lag / rolling features.
2026-04-27 03:17:39 [INFO] features.categorical - Saved categorical mappings → D:\THESIS\model_trainer\artifacts\categorical_mappings.json
2026-04-27 03:17:39 [INFO] features.categorical - Encoded 4 categorical columns (115 unique values).
2026-04-27 03:17:40 [INFO] data.news_fetcher - Fetched 0 news articles from last 90 days.
2026-04-27 03:17:40 [INFO] features.news_sentiment - No news articles found -- zero-filling sentiment features.
2026-04-27 03:17:40 [INFO] pipeline.trainer - Step 3/7 -- Splitting data ...
2026-04-27 03:17:40 [INFO] pipeline.trainer - Step 4/7 -- Training LightGBM ...
2026-04-27 03:17:55 [INFO] models.lightgbm_model - LightGBM validation -- RMSE: 3.6658  MAE: 2.0784  MAPE: 2.07%
2026-04-27 03:17:56 [INFO] models.lightgbm_model - Saved LightGBM model → D:\THESIS\model_trainer\artifacts\lightgbm_model.txt
2026-04-27 03:18:19 [INFO] models.lightgbm_model - Trained quantile models for confidence intervals.
2026-04-27 03:18:19 [INFO] pipeline.trainer - Step 5/7 -- Training LSTM ...
2026-04-27 03:18:19 [INFO] models.lstm_model - LSTM using 11 input features: ['price_index', 'price_lag_1d', 'price_lag_7d', 'price_rolling_mean_7d', 'price_rolling_mean_30d', 'price_pct_change_1d', 'month_sin', 'month_cos', 'dow_sin', 'dow_cos', 'supply_shock_flag']
2026-04-27 03:18:20 [INFO] pipeline.trainer - LSTM sequences — train: 11565, val: 1192, features: 11
2026-04-27 03:18:29 [INFO] models.lstm_model - Epoch   1/200  train=0.061435  val=0.054877  lr=1.00e-03
2026-04-27 03:19:29 [INFO] models.lstm_model - Epoch  10/200  train=0.036198  val=0.048886  lr=1.00e-03
2026-04-27 03:20:39 [INFO] models.lstm_model - Epoch  20/200  train=0.031119  val=0.057276  lr=1.00e-03
2026-04-27 03:21:46 [INFO] models.lstm_model - Epoch  30/200  train=0.024390  val=0.037978  lr=1.00e-03
2026-04-27 03:22:48 [INFO] models.lstm_model - Epoch  40/200  train=0.022875  val=0.049221  lr=1.00e-03
2026-04-27 03:23:52 [INFO] models.lstm_model - Epoch  50/200  train=0.015315  val=0.044906  lr=2.50e-04
2026-04-27 03:24:37 [INFO] models.lstm_model - Early stopping at epoch 57
2026-04-27 03:24:37 [INFO] models.lstm_model - LSTM validation — RMSE: 33.7507  MAE: 21.6503  MAPE: 58.91%
2026-04-27 03:24:37 [INFO] pipeline.trainer - Step 6/7 -- Training ensemble ...
2026-04-27 03:24:37 [INFO] pipeline.trainer - Ensemble training with 1192 aligned predictions.
2026-04-27 03:24:37 [INFO] models.ensemble - Meta-model trained -- LightGBM coef: 1.0435, LSTM coef: -0.0370, intercept: -0.1316
2026-04-27 03:24:37 [INFO] models.ensemble - Ensemble (stacking) -- RMSE: 3.8515  MAE: 2.1837  MAPE: 3.16%
2026-04-27 03:24:37 [INFO] models.ensemble - Saved ensemble meta-model -> D:\THESIS\model_trainer\artifacts\ensemble_meta_model.pkl
2026-04-27 03:24:37 [INFO] pipeline.trainer - Step 7/7 -- Saving model version ...
2026-04-27 03:24:37 [INFO] models.model_store - Pruned old version: v011_2026-04-26T17-15-18
2026-04-27 03:24:37 [INFO] models.model_store - Created model version v011_2026-04-26T19-24-37 (5 files)
2026-04-27 03:24:37 [INFO] pipeline.drift_detector - Saved reference distribution (17157 samples).
2026-04-27 03:24:37 [INFO] pipeline.trainer - === TRAINING COMPLETE ===
2026-04-27 03:24:37 [INFO] main - Training complete. Metrics: {'lgbm': {'rmse': 3.6657626968206807, 'mae': 2.078403459600733, 'mape': 2.0719209222838124}, 'lstm': {'rmse': 33.750716108375535, 'mae': 21.65034640881839, 'mape': 58.90958771074831}, 'ensemble': {'rmse': 3.851527933283361, 'mae': 2.1836839824302903, 'mape': 3.1597869322228784}, 'timestamp': '2026-04-26T19:24:37.375733+00:00', 'data_rows': 17157, 'mode': 'full'}
2026-04-27 03:27:27 [INFO] pipeline.trainer - === FULL TRAINING PIPELINE ===
2026-04-27 03:27:27 [INFO] data.fetcher - Fetching ALL food price records ...
2026-04-27 03:27:34 [INFO] data.fetcher - Fetched 17,211 rows total.
2026-04-27 03:27:34 [INFO] pipeline.trainer - Step 1/7 -- Preprocessing ...
2026-04-27 03:27:34 [INFO] data.preprocessor - Preprocessing 17,211 rows ...
2026-04-27 03:27:34 [WARNING] data.preprocessor - Dropped 2 invalid rows (null/negative price).
2026-04-27 03:27:34 [INFO] data.preprocessor - Removed 35 duplicate rows.
2026-04-27 03:27:34 [INFO] data.preprocessor - Removed 17 outlier rows (>4.0σ).
2026-04-27 03:27:34 [INFO] data.preprocessor - Preprocessing complete -- 17,157 clean rows.
2026-04-27 03:27:34 [INFO] pipeline.trainer - Step 2/7 -- Feature engineering ...
2026-04-27 03:27:34 [INFO] features.temporal - Added 15 temporal features.
2026-04-27 03:27:34 [INFO] features.lag_features - Added 30 lag / rolling features.
2026-04-27 03:27:34 [INFO] features.categorical - Saved categorical mappings → D:\THESIS\model_trainer\artifacts\categorical_mappings.json
2026-04-27 03:27:34 [INFO] features.categorical - Encoded 4 categorical columns (115 unique values).
2026-04-27 03:27:35 [INFO] data.news_fetcher - Fetched 0 news articles from last 90 days.
2026-04-27 03:27:35 [INFO] features.news_sentiment - No news articles found -- zero-filling sentiment features.
2026-04-27 03:27:35 [INFO] pipeline.trainer - Step 3/7 -- Splitting data ...
2026-04-27 03:27:35 [INFO] pipeline.trainer - Step 4/7 -- Training LightGBM ...
2026-04-27 03:27:50 [INFO] models.lightgbm_model - LightGBM validation -- RMSE: 3.6658  MAE: 2.0784  MAPE: 2.07%
2026-04-27 03:27:50 [INFO] models.lightgbm_model - Saved LightGBM model → D:\THESIS\model_trainer\artifacts\lightgbm_model.txt
2026-04-27 03:28:14 [INFO] models.lightgbm_model - Trained quantile models for confidence intervals.
2026-04-27 03:28:14 [INFO] pipeline.trainer - Step 5/7 -- Training LSTM ...
2026-04-27 03:28:14 [INFO] models.lstm_model - LSTM using 11 input features: ['price_index', 'price_lag_1d', 'price_lag_7d', 'price_rolling_mean_7d', 'price_rolling_mean_30d', 'price_pct_change_1d', 'month_sin', 'month_cos', 'dow_sin', 'dow_cos', 'supply_shock_flag']
2026-04-27 03:28:15 [INFO] pipeline.trainer - LSTM sequences — train: 11565, val: 1192, features: 11
2026-04-27 03:28:23 [INFO] models.lstm_model - Epoch   1/200  train=0.300388  val=0.392001  lr=1.00e-03
2026-04-27 03:29:20 [INFO] models.lstm_model - Epoch  10/200  train=0.203626  val=0.327054  lr=1.00e-03
2026-04-27 03:30:27 [INFO] models.lstm_model - Epoch  20/200  train=0.142320  val=0.273083  lr=1.00e-03
2026-04-27 03:31:25 [INFO] models.lstm_model - Epoch  30/200  train=0.103970  val=0.290638  lr=5.00e-04
2026-04-27 03:32:28 [INFO] models.lstm_model - Epoch  40/200  train=0.086806  val=0.302922  lr=2.50e-04
2026-04-27 03:32:53 [INFO] models.lstm_model - Early stopping at epoch 44
2026-04-27 03:32:53 [INFO] models.lstm_model - LSTM validation — RMSE: 35.5960  MAE: 17.1145  MAPE: 17.70%
2026-04-27 03:32:53 [INFO] pipeline.trainer - Step 6/7 -- Training ensemble ...
2026-04-27 03:32:53 [INFO] pipeline.trainer - Ensemble training with 1192 aligned predictions.
2026-04-27 03:32:53 [INFO] models.ensemble - Meta-model trained -- LightGBM coef: 1.0419, LSTM coef: -0.0329, intercept: -0.7114
2026-04-27 03:32:53 [INFO] models.ensemble - Ensemble (stacking) -- RMSE: 3.8373  MAE: 2.1799  MAPE: 3.13%
2026-04-27 03:32:53 [INFO] models.ensemble - Saved ensemble meta-model -> D:\THESIS\model_trainer\artifacts\ensemble_meta_model.pkl
2026-04-27 03:32:53 [INFO] pipeline.trainer - Step 7/7 -- Saving model version ...
2026-04-27 03:32:53 [INFO] models.model_store - Pruned old version: v011_2026-04-26T17-26-22
2026-04-27 03:32:53 [INFO] models.model_store - Created model version v011_2026-04-26T19-32-53 (5 files)
2026-04-27 03:32:53 [INFO] pipeline.drift_detector - Saved reference distribution (17157 samples).
2026-04-27 03:32:53 [INFO] pipeline.trainer - === TRAINING COMPLETE ===
2026-04-27 03:32:53 [INFO] main - Training complete. Metrics: {'lgbm': {'rmse': 3.6657626968206807, 'mae': 2.078403459600733, 'mape': 2.0719209222838124}, 'lstm': {'rmse': 35.59601540576152, 'mae': 17.114462317620347, 'mape': 17.69790378825812}, 'ensemble': {'rmse': 3.837311942076931, 'mae': 2.179946040960399, 'mape': 3.1338561866825447}, 'timestamp': '2026-04-26T19:32:53.766824+00:00', 'data_rows': 17157, 'mode': 'full'}
2026-04-27 03:33:42 [INFO] data.preprocessor - Preprocessing 197 rows ...
2026-04-27 03:33:42 [INFO] data.preprocessor - Preprocessing complete -- 197 clean rows.
2026-04-27 03:33:42 [INFO] features.temporal - Added 15 temporal features.
2026-04-27 03:33:42 [INFO] features.lag_features - Added 30 lag / rolling features.
2026-04-27 03:33:42 [INFO] features.categorical - Loaded categorical mappings from D:\THESIS\model_trainer\artifacts\categorical_mappings.json
2026-04-27 03:33:43 [INFO] data.news_fetcher - Fetched 0 news articles from last 90 days.
2026-04-27 03:33:43 [INFO] features.news_sentiment - No news articles found -- zero-filling sentiment features.
2026-04-27 03:33:43 [INFO] features.temporal - Added 15 temporal features.
2026-04-27 03:33:43 [INFO] features.lag_features - Added 30 lag / rolling features.
2026-04-27 03:33:43 [INFO] data.news_fetcher - Fetched 0 news articles from last 90 days.
2026-04-27 03:33:43 [INFO] features.news_sentiment - No news articles found -- zero-filling sentiment features.
2026-04-27 03:33:43 [INFO] features.temporal - Added 15 temporal features.
2026-04-27 03:33:43 [INFO] features.lag_features - Added 30 lag / rolling features.
2026-04-27 03:33:44 [INFO] data.news_fetcher - Fetched 0 news articles from last 90 days.
2026-04-27 03:33:44 [INFO] features.news_sentiment - No news articles found -- zero-filling sentiment features.
2026-04-27 03:33:44 [INFO] features.temporal - Added 15 temporal features.
2026-04-27 03:33:44 [INFO] features.lag_features - Added 30 lag / rolling features.
2026-04-27 03:33:44 [INFO] data.news_fetcher - Fetched 0 news articles from last 90 days.
2026-04-27 03:33:44 [INFO] features.news_sentiment - No news articles found -- zero-filling sentiment features.
2026-04-27 03:33:44 [INFO] features.temporal - Added 15 temporal features.
2026-04-27 03:33:44 [INFO] features.lag_features - Added 30 lag / rolling features.
2026-04-27 03:33:44 [INFO] data.news_fetcher - Fetched 0 news articles from last 90 days.
2026-04-27 03:33:44 [INFO] features.news_sentiment - No news articles found -- zero-filling sentiment features.
2026-04-27 03:33:45 [INFO] features.temporal - Added 15 temporal features.
2026-04-27 03:33:45 [INFO] features.lag_features - Added 30 lag / rolling features.
2026-04-27 03:33:45 [INFO] data.news_fetcher - Fetched 0 news articles from last 90 days.
2026-04-27 03:33:45 [INFO] features.news_sentiment - No news articles found -- zero-filling sentiment features.
2026-04-27 03:33:45 [INFO] features.temporal - Added 15 temporal features.
2026-04-27 03:33:45 [INFO] features.lag_features - Added 30 lag / rolling features.
2026-04-27 03:33:45 [INFO] data.news_fetcher - Fetched 0 news articles from last 90 days.
2026-04-27 03:33:45 [INFO] features.news_sentiment - No news articles found -- zero-filling sentiment features.
2026-04-27 03:33:45 [INFO] features.temporal - Added 15 temporal features.
2026-04-27 03:33:45 [INFO] features.lag_features - Added 30 lag / rolling features.
2026-04-27 03:33:46 [INFO] data.news_fetcher - Fetched 0 news articles from last 90 days.
2026-04-27 03:33:46 [INFO] features.news_sentiment - No news articles found -- zero-filling sentiment features.
2026-04-27 03:33:47 [INFO] data.news_fetcher - Fetched 0 news articles from last 14 days.
2026-04-27 03:34:09 [INFO] main - Starting API server on 0.0.0.0:8000
2026-04-27 03:34:14 [INFO] api.main - FOODCAST API starting up ...
2026-04-27 03:34:39 [INFO] models.registry - Loading models into registry ...
2026-04-27 03:34:39 [INFO] models.lightgbm_model - Loaded LightGBM model ← D:\THESIS\model_trainer\artifacts\lightgbm_model.txt
2026-04-27 03:34:39 [INFO] models.lstm_model - Loaded LSTM model ← D:\THESIS\model_trainer\artifacts\lstm_model.pt (11 features)
2026-04-27 03:34:39 [INFO] models.ensemble - Loaded ensemble meta-model <- D:\THESIS\model_trainer\artifacts\ensemble_meta_model.pkl
2026-04-27 03:34:39 [INFO] models.registry - Model registry loaded successfully.
2026-04-27 03:34:40 [INFO] data.preprocessor - Preprocessing 197 rows ...
2026-04-27 03:34:40 [INFO] data.preprocessor - Preprocessing complete -- 197 clean rows.
2026-04-27 03:34:40 [INFO] features.temporal - Added 15 temporal features.
2026-04-27 03:34:40 [INFO] features.lag_features - Added 30 lag / rolling features.
2026-04-27 03:34:40 [INFO] features.categorical - Loaded categorical mappings from D:\THESIS\model_trainer\artifacts\categorical_mappings.json
2026-04-27 03:34:41 [INFO] data.news_fetcher - Fetched 0 news articles from last 90 days.
2026-04-27 03:34:41 [INFO] features.news_sentiment - No news articles found -- zero-filling sentiment features.
2026-04-27 03:34:41 [INFO] features.temporal - Added 15 temporal features.
2026-04-27 03:34:41 [INFO] features.lag_features - Added 30 lag / rolling features.
2026-04-27 03:34:41 [INFO] data.news_fetcher - Fetched 0 news articles from last 90 days.
2026-04-27 03:34:41 [INFO] features.news_sentiment - No news articles found -- zero-filling sentiment features.
2026-04-27 03:34:41 [INFO] features.temporal - Added 15 temporal features.
2026-04-27 03:34:41 [INFO] features.lag_features - Added 30 lag / rolling features.
2026-04-27 03:34:41 [INFO] data.news_fetcher - Fetched 0 news articles from last 90 days.
2026-04-27 03:34:41 [INFO] features.news_sentiment - No news articles found -- zero-filling sentiment features.
2026-04-27 03:34:42 [INFO] features.temporal - Added 15 temporal features.
2026-04-27 03:34:42 [INFO] features.lag_features - Added 30 lag / rolling features.
2026-04-27 03:34:42 [INFO] data.news_fetcher - Fetched 0 news articles from last 90 days.
2026-04-27 03:34:42 [INFO] features.news_sentiment - No news articles found -- zero-filling sentiment features.
2026-04-27 03:34:42 [INFO] features.temporal - Added 15 temporal features.
2026-04-27 03:34:42 [INFO] features.lag_features - Added 30 lag / rolling features.
2026-04-27 03:34:42 [INFO] data.news_fetcher - Fetched 0 news articles from last 90 days.
2026-04-27 03:34:42 [INFO] features.news_sentiment - No news articles found -- zero-filling sentiment features.
2026-04-27 03:34:42 [INFO] features.temporal - Added 15 temporal features.
2026-04-27 03:34:42 [INFO] features.lag_features - Added 30 lag / rolling features.
2026-04-27 03:34:43 [INFO] data.news_fetcher - Fetched 0 news articles from last 90 days.
2026-04-27 03:34:43 [INFO] features.news_sentiment - No news articles found -- zero-filling sentiment features.
2026-04-27 03:34:43 [INFO] features.temporal - Added 15 temporal features.
2026-04-27 03:34:43 [INFO] features.lag_features - Added 30 lag / rolling features.
2026-04-27 03:34:43 [INFO] data.news_fetcher - Fetched 0 news articles from last 90 days.
2026-04-27 03:34:43 [INFO] features.news_sentiment - No news articles found -- zero-filling sentiment features.
2026-04-27 03:34:43 [INFO] features.temporal - Added 15 temporal features.
2026-04-27 03:34:43 [INFO] features.lag_features - Added 30 lag / rolling features.
2026-04-27 03:34:43 [INFO] data.news_fetcher - Fetched 0 news articles from last 90 days.
2026-04-27 03:34:43 [INFO] features.news_sentiment - No news articles found -- zero-filling sentiment features.
2026-04-27 03:34:44 [INFO] data.news_fetcher - Fetched 0 news articles from last 14 days.
2026-04-27 03:40:27 [INFO] pipeline.trainer - === INCREMENTAL TRAINING PIPELINE ===
2026-04-27 03:40:27 [INFO] data.fetcher - Fetching ALL food price records ...
2026-04-27 03:40:34 [INFO] data.fetcher - Fetched 17,211 rows total.
2026-04-27 03:40:34 [INFO] pipeline.trainer - Step 1/7 -- Preprocessing ...
2026-04-27 03:40:34 [INFO] data.preprocessor - Preprocessing 17,211 rows ...
2026-04-27 03:40:34 [WARNING] data.preprocessor - Dropped 2 invalid rows (null/negative price).
2026-04-27 03:40:34 [INFO] data.preprocessor - Removed 35 duplicate rows.
2026-04-27 03:40:34 [INFO] data.preprocessor - Removed 17 outlier rows (>4.0σ).
2026-04-27 03:40:34 [INFO] data.preprocessor - Preprocessing complete -- 17,157 clean rows.
2026-04-27 03:40:34 [INFO] pipeline.trainer - Step 2/7 -- Feature engineering ...
2026-04-27 03:40:34 [INFO] features.temporal - Added 15 temporal features.
2026-04-27 03:40:34 [INFO] features.lag_features - Added 30 lag / rolling features.
2026-04-27 03:40:34 [INFO] features.categorical - Loaded categorical mappings from D:\THESIS\model_trainer\artifacts\categorical_mappings.json
2026-04-27 03:40:35 [INFO] data.news_fetcher - Fetched 0 news articles from last 90 days.
2026-04-27 03:40:35 [INFO] features.news_sentiment - No news articles found -- zero-filling sentiment features.
2026-04-27 03:40:35 [INFO] pipeline.trainer - Step 3/7 -- Splitting data ...
2026-04-27 03:40:35 [INFO] pipeline.trainer - Step 4/7 -- Training LightGBM ...
2026-04-27 03:40:35 [INFO] models.lightgbm_model - Incremental training -- loaded model from disk.
2026-04-27 03:40:46 [INFO] models.lightgbm_model - LightGBM validation -- RMSE: 3.4330  MAE: 1.9189  MAPE: 1.83%
2026-04-27 03:40:46 [INFO] models.lightgbm_model - Saved LightGBM model → D:\THESIS\model_trainer\artifacts\lightgbm_model.txt
2026-04-27 03:41:07 [INFO] models.lightgbm_model - Trained quantile models for confidence intervals.
2026-04-27 03:41:07 [INFO] pipeline.trainer - Step 5/7 -- Training LSTM ...
2026-04-27 03:41:07 [INFO] models.lstm_model - LSTM using 11 input features: ['price_index', 'price_lag_1d', 'price_lag_7d', 'price_rolling_mean_7d', 'price_rolling_mean_30d', 'price_pct_change_1d', 'month_sin', 'month_cos', 'dow_sin', 'dow_cos', 'supply_shock_flag']
2026-04-27 03:41:07 [INFO] pipeline.trainer - LSTM sequences — train: 11565, val: 1192, features: 11
2026-04-27 03:41:07 [INFO] models.lstm_model - LSTM incremental fine-tuning (LR=0.0001, epochs=66)
2026-04-27 03:41:14 [INFO] models.lstm_model - Epoch   1/66  train=0.134263  val=0.264973  lr=1.00e-04
2026-04-27 03:42:04 [INFO] models.lstm_model - Epoch  10/66  train=0.118708  val=0.270393  lr=1.00e-04
2026-04-27 03:43:01 [INFO] models.lstm_model - Epoch  20/66  train=0.110826  val=0.283482  lr=5.00e-05
2026-04-27 03:43:49 [INFO] models.lstm_model - Early stopping at epoch 28
2026-04-27 03:43:49 [INFO] models.lstm_model - LSTM validation — RMSE: 36.0291  MAE: 16.6931  MAPE: 17.41%
2026-04-27 03:43:49 [INFO] pipeline.trainer - Step 6/7 -- Training ensemble ...
2026-04-27 03:43:50 [INFO] pipeline.trainer - Ensemble training with 1192 aligned predictions.
2026-04-27 03:43:50 [INFO] models.ensemble - Meta-model trained -- LightGBM coef: 1.0395, LSTM coef: -0.0319, intercept: -0.5949
2026-04-27 03:43:50 [INFO] models.ensemble - Ensemble (stacking) -- RMSE: 3.5824  MAE: 2.0199  MAPE: 2.94%
2026-04-27 03:43:50 [INFO] models.ensemble - Saved ensemble meta-model -> D:\THESIS\model_trainer\artifacts\ensemble_meta_model.pkl
2026-04-27 03:43:50 [INFO] pipeline.trainer - Step 7/7 -- Saving model version ...
2026-04-27 03:43:50 [INFO] models.model_store - Pruned old version: v011_2026-04-26T18-10-26
2026-04-27 03:43:50 [INFO] models.model_store - Created model version v011_2026-04-26T19-43-50 (5 files)
2026-04-27 03:43:50 [INFO] pipeline.drift_detector - Saved reference distribution (17157 samples).
2026-04-27 03:43:50 [INFO] pipeline.trainer - === TRAINING COMPLETE ===
2026-04-27 03:43:50 [INFO] main - Training complete. Metrics: {'lgbm': {'rmse': 3.4330247004697725, 'mae': 1.9189385937651324, 'mape': 1.8253021686631252}, 'lstm': {'rmse': 36.02909051984324, 'mae': 16.693144493839085, 'mape': 17.412432451266554}, 'ensemble': {'rmse': 3.582372870766027, 'mae': 2.0198888769003993, 'mape': 2.9414850042243543}, 'timestamp': '2026-04-26T19:43:50.524516+00:00', 'data_rows': 17157, 'mode': 'incremental'}
2026-04-27 03:48:54 [INFO] pipeline.trainer - === FULL TRAINING PIPELINE ===
2026-04-27 03:48:54 [INFO] data.fetcher - Fetching ALL food price records ...
2026-04-27 03:49:01 [INFO] data.fetcher - Fetched 17,211 rows total.
2026-04-27 03:49:01 [INFO] pipeline.trainer - Step 1/7 -- Preprocessing ...
2026-04-27 03:49:01 [INFO] data.preprocessor - Preprocessing 17,211 rows ...
2026-04-27 03:49:01 [WARNING] data.preprocessor - Dropped 2 invalid rows (null/negative price).
2026-04-27 03:49:01 [INFO] data.preprocessor - Removed 35 duplicate rows.
2026-04-27 03:49:01 [INFO] data.preprocessor - Removed 17 outlier rows (>4.0σ).
2026-04-27 03:49:01 [INFO] data.preprocessor - Preprocessing complete -- 17,157 clean rows.
2026-04-27 03:49:01 [INFO] pipeline.trainer - Step 2/7 -- Feature engineering ...
2026-04-27 03:49:01 [INFO] features.temporal - Added 15 temporal features.
2026-04-27 03:49:01 [INFO] features.lag_features - Added 30 lag / rolling features.
2026-04-27 03:49:01 [INFO] features.categorical - Saved categorical mappings → D:\THESIS\model_trainer\artifacts\categorical_mappings.json
2026-04-27 03:49:01 [INFO] features.categorical - Encoded 4 categorical columns (115 unique values).
2026-04-27 03:49:02 [INFO] data.news_fetcher - Fetched 0 news articles from last 90 days.
2026-04-27 03:49:02 [INFO] features.news_sentiment - No news articles found -- zero-filling sentiment features.
2026-04-27 03:49:02 [INFO] pipeline.trainer - Step 3/7 -- Splitting data ...
2026-04-27 03:49:02 [INFO] pipeline.trainer - Step 4/7 -- Training LightGBM ...
2026-04-27 03:49:11 [INFO] models.lightgbm_model - LightGBM validation -- RMSE: 3.6658  MAE: 2.0784  MAPE: 2.07%
2026-04-27 03:49:11 [INFO] models.lightgbm_model - Saved LightGBM model → D:\THESIS\model_trainer\artifacts\lightgbm_model.txt
2026-04-27 03:49:29 [INFO] models.lightgbm_model - Trained quantile models for confidence intervals.
2026-04-27 03:49:29 [INFO] pipeline.trainer - Step 5/7 -- Training LSTM ...
2026-04-27 03:49:29 [INFO] models.lstm_model - LSTM using 11 input features: ['price_index', 'price_lag_1d', 'price_lag_7d', 'price_rolling_mean_7d', 'price_rolling_mean_30d', 'price_pct_change_1d', 'month_sin', 'month_cos', 'dow_sin', 'dow_cos', 'supply_shock_flag']
2026-04-27 03:49:29 [INFO] pipeline.trainer - LSTM sequences — train: 11565, val: 1192, features: 11
2026-04-27 03:49:36 [INFO] models.lstm_model - Epoch   1/200  train=0.295624  val=0.385179  lr=1.00e-03
2026-04-27 03:50:04 [INFO] data.preprocessor - Preprocessing 197 rows ...
2026-04-27 03:50:04 [INFO] data.preprocessor - Preprocessing complete -- 197 clean rows.
2026-04-27 03:50:04 [INFO] features.temporal - Added 15 temporal features.
2026-04-27 03:50:04 [INFO] features.lag_features - Added 30 lag / rolling features.
2026-04-27 03:50:04 [INFO] features.categorical - Loaded categorical mappings from D:\THESIS\model_trainer\artifacts\categorical_mappings.json
2026-04-27 03:50:05 [INFO] data.news_fetcher - Fetched 0 news articles from last 90 days.
2026-04-27 03:50:05 [INFO] features.news_sentiment - No news articles found -- zero-filling sentiment features.
2026-04-27 03:50:05 [INFO] features.temporal - Added 15 temporal features.
2026-04-27 03:50:05 [INFO] features.lag_features - Added 30 lag / rolling features.
2026-04-27 03:50:05 [INFO] data.news_fetcher - Fetched 0 news articles from last 90 days.
2026-04-27 03:50:05 [INFO] features.news_sentiment - No news articles found -- zero-filling sentiment features.
2026-04-27 03:50:05 [INFO] features.temporal - Added 15 temporal features.
2026-04-27 03:50:05 [INFO] features.lag_features - Added 30 lag / rolling features.
2026-04-27 03:50:06 [INFO] data.news_fetcher - Fetched 0 news articles from last 90 days.
2026-04-27 03:50:06 [INFO] features.news_sentiment - No news articles found -- zero-filling sentiment features.
2026-04-27 03:50:06 [INFO] features.temporal - Added 15 temporal features.
2026-04-27 03:50:06 [INFO] features.lag_features - Added 30 lag / rolling features.
2026-04-27 03:50:06 [INFO] data.news_fetcher - Fetched 0 news articles from last 90 days.
2026-04-27 03:50:06 [INFO] features.news_sentiment - No news articles found -- zero-filling sentiment features.
2026-04-27 03:50:06 [INFO] features.temporal - Added 15 temporal features.
2026-04-27 03:50:06 [INFO] features.lag_features - Added 30 lag / rolling features.
2026-04-27 03:50:06 [INFO] data.news_fetcher - Fetched 0 news articles from last 90 days.
2026-04-27 03:50:06 [INFO] features.news_sentiment - No news articles found -- zero-filling sentiment features.
2026-04-27 03:50:06 [INFO] features.temporal - Added 15 temporal features.
2026-04-27 03:50:06 [INFO] features.lag_features - Added 30 lag / rolling features.
2026-04-27 03:50:07 [INFO] data.news_fetcher - Fetched 0 news articles from last 90 days.
2026-04-27 03:50:07 [INFO] features.news_sentiment - No news articles found -- zero-filling sentiment features.
2026-04-27 03:50:07 [INFO] features.temporal - Added 15 temporal features.
2026-04-27 03:50:07 [INFO] features.lag_features - Added 30 lag / rolling features.
2026-04-27 03:50:07 [INFO] data.news_fetcher - Fetched 0 news articles from last 90 days.
2026-04-27 03:50:07 [INFO] features.news_sentiment - No news articles found -- zero-filling sentiment features.
2026-04-27 03:50:07 [INFO] features.temporal - Added 15 temporal features.
2026-04-27 03:50:07 [INFO] features.lag_features - Added 30 lag / rolling features.
2026-04-27 03:50:07 [INFO] data.news_fetcher - Fetched 0 news articles from last 90 days.
2026-04-27 03:50:07 [INFO] features.news_sentiment - No news articles found -- zero-filling sentiment features.
2026-04-27 03:50:09 [INFO] data.news_fetcher - Fetched 0 news articles from last 14 days.
2026-04-27 03:50:26 [INFO] models.lstm_model - Epoch  10/200  train=0.177092  val=0.276567  lr=1.00e-03
2026-04-27 03:50:53 [INFO] data.preprocessor - Preprocessing 197 rows ...
2026-04-27 03:50:53 [INFO] data.preprocessor - Preprocessing complete -- 197 clean rows.
2026-04-27 03:50:53 [INFO] features.temporal - Added 15 temporal features.
2026-04-27 03:50:53 [INFO] features.lag_features - Added 30 lag / rolling features.
2026-04-27 03:50:53 [INFO] features.categorical - Loaded categorical mappings from D:\THESIS\model_trainer\artifacts\categorical_mappings.json
2026-04-27 03:50:54 [INFO] data.news_fetcher - Fetched 0 news articles from last 90 days.
2026-04-27 03:50:54 [INFO] features.news_sentiment - No news articles found -- zero-filling sentiment features.
2026-04-27 03:50:54 [INFO] features.temporal - Added 15 temporal features.
2026-04-27 03:50:54 [INFO] features.lag_features - Added 30 lag / rolling features.
2026-04-27 03:50:55 [INFO] data.news_fetcher - Fetched 0 news articles from last 90 days.
2026-04-27 03:50:55 [INFO] features.news_sentiment - No news articles found -- zero-filling sentiment features.
2026-04-27 03:50:55 [INFO] features.temporal - Added 15 temporal features.
2026-04-27 03:50:55 [INFO] features.lag_features - Added 30 lag / rolling features.
2026-04-27 03:50:55 [INFO] data.news_fetcher - Fetched 0 news articles from last 90 days.
2026-04-27 03:50:55 [INFO] features.news_sentiment - No news articles found -- zero-filling sentiment features.
2026-04-27 03:50:55 [INFO] features.temporal - Added 15 temporal features.
2026-04-27 03:50:55 [INFO] features.lag_features - Added 30 lag / rolling features.
2026-04-27 03:50:55 [INFO] data.news_fetcher - Fetched 0 news articles from last 90 days.
2026-04-27 03:50:55 [INFO] features.news_sentiment - No news articles found -- zero-filling sentiment features.
2026-04-27 03:50:56 [INFO] features.temporal - Added 15 temporal features.
2026-04-27 03:50:56 [INFO] features.lag_features - Added 30 lag / rolling features.
2026-04-27 03:50:56 [INFO] data.news_fetcher - Fetched 0 news articles from last 90 days.
2026-04-27 03:50:56 [INFO] features.news_sentiment - No news articles found -- zero-filling sentiment features.
2026-04-27 03:50:56 [INFO] features.temporal - Added 15 temporal features.
2026-04-27 03:50:56 [INFO] features.lag_features - Added 30 lag / rolling features.
2026-04-27 03:50:56 [INFO] data.news_fetcher - Fetched 0 news articles from last 90 days.
2026-04-27 03:50:56 [INFO] features.news_sentiment - No news articles found -- zero-filling sentiment features.
2026-04-27 03:50:56 [INFO] features.temporal - Added 15 temporal features.
2026-04-27 03:50:56 [INFO] features.lag_features - Added 30 lag / rolling features.
2026-04-27 03:50:57 [INFO] data.news_fetcher - Fetched 0 news articles from last 90 days.
2026-04-27 03:50:57 [INFO] features.news_sentiment - No news articles found -- zero-filling sentiment features.
2026-04-27 03:50:57 [INFO] features.temporal - Added 15 temporal features.
2026-04-27 03:50:57 [INFO] features.lag_features - Added 30 lag / rolling features.
2026-04-27 03:50:57 [INFO] data.news_fetcher - Fetched 0 news articles from last 90 days.
2026-04-27 03:50:57 [INFO] features.news_sentiment - No news articles found -- zero-filling sentiment features.
2026-04-27 03:50:57 [INFO] features.temporal - Added 15 temporal features.
2026-04-27 03:50:58 [INFO] features.lag_features - Added 30 lag / rolling features.
2026-04-27 03:50:58 [INFO] data.news_fetcher - Fetched 0 news articles from last 90 days.
2026-04-27 03:50:58 [INFO] features.news_sentiment - No news articles found -- zero-filling sentiment features.
2026-04-27 03:50:58 [INFO] features.temporal - Added 15 temporal features.
2026-04-27 03:50:58 [INFO] features.lag_features - Added 30 lag / rolling features.
2026-04-27 03:50:58 [INFO] data.news_fetcher - Fetched 0 news articles from last 90 days.
2026-04-27 03:50:58 [INFO] features.news_sentiment - No news articles found -- zero-filling sentiment features.
2026-04-27 03:50:58 [INFO] features.temporal - Added 15 temporal features.
2026-04-27 03:50:58 [INFO] features.lag_features - Added 30 lag / rolling features.
2026-04-27 03:50:59 [INFO] data.news_fetcher - Fetched 0 news articles from last 90 days.
2026-04-27 03:50:59 [INFO] features.news_sentiment - No news articles found -- zero-filling sentiment features.
2026-04-27 03:50:59 [INFO] features.temporal - Added 15 temporal features.
2026-04-27 03:50:59 [INFO] features.lag_features - Added 30 lag / rolling features.
2026-04-27 03:50:59 [INFO] data.news_fetcher - Fetched 0 news articles from last 90 days.
2026-04-27 03:50:59 [INFO] features.news_sentiment - No news articles found -- zero-filling sentiment features.
2026-04-27 03:50:59 [INFO] features.temporal - Added 15 temporal features.
2026-04-27 03:50:59 [INFO] features.lag_features - Added 30 lag / rolling features.
2026-04-27 03:50:59 [INFO] data.news_fetcher - Fetched 0 news articles from last 90 days.
2026-04-27 03:50:59 [INFO] features.news_sentiment - No news articles found -- zero-filling sentiment features.
2026-04-27 03:50:59 [INFO] features.temporal - Added 15 temporal features.
2026-04-27 03:51:00 [INFO] features.lag_features - Added 30 lag / rolling features.
2026-04-27 03:51:00 [INFO] data.news_fetcher - Fetched 0 news articles from last 90 days.
2026-04-27 03:51:00 [INFO] features.news_sentiment - No news articles found -- zero-filling sentiment features.
2026-04-27 03:51:00 [INFO] features.temporal - Added 15 temporal features.
2026-04-27 03:51:00 [INFO] features.lag_features - Added 30 lag / rolling features.
2026-04-27 03:51:00 [INFO] data.news_fetcher - Fetched 0 news articles from last 90 days.
2026-04-27 03:51:00 [INFO] features.news_sentiment - No news articles found -- zero-filling sentiment features.
2026-04-27 03:51:00 [INFO] features.temporal - Added 15 temporal features.
2026-04-27 03:51:00 [INFO] features.lag_features - Added 30 lag / rolling features.
2026-04-27 03:51:00 [INFO] data.news_fetcher - Fetched 0 news articles from last 90 days.
2026-04-27 03:51:00 [INFO] features.news_sentiment - No news articles found -- zero-filling sentiment features.
2026-04-27 03:51:01 [INFO] features.temporal - Added 15 temporal features.
2026-04-27 03:51:01 [INFO] features.lag_features - Added 30 lag / rolling features.
2026-04-27 03:51:01 [INFO] data.news_fetcher - Fetched 0 news articles from last 90 days.
2026-04-27 03:51:01 [INFO] features.news_sentiment - No news articles found -- zero-filling sentiment features.
2026-04-27 03:51:01 [INFO] features.temporal - Added 15 temporal features.
2026-04-27 03:51:01 [INFO] features.lag_features - Added 30 lag / rolling features.
2026-04-27 03:51:01 [INFO] data.news_fetcher - Fetched 0 news articles from last 90 days.
2026-04-27 03:51:01 [INFO] features.news_sentiment - No news articles found -- zero-filling sentiment features.
2026-04-27 03:51:01 [INFO] features.temporal - Added 15 temporal features.
2026-04-27 03:51:01 [INFO] features.lag_features - Added 30 lag / rolling features.
2026-04-27 03:51:02 [INFO] data.news_fetcher - Fetched 0 news articles from last 90 days.
2026-04-27 03:51:02 [INFO] features.news_sentiment - No news articles found -- zero-filling sentiment features.
2026-04-27 03:51:02 [INFO] features.temporal - Added 15 temporal features.
2026-04-27 03:51:02 [INFO] features.lag_features - Added 30 lag / rolling features.
2026-04-27 03:51:02 [INFO] data.news_fetcher - Fetched 0 news articles from last 90 days.
2026-04-27 03:51:02 [INFO] features.news_sentiment - No news articles found -- zero-filling sentiment features.
2026-04-27 03:51:02 [INFO] features.temporal - Added 15 temporal features.
2026-04-27 03:51:02 [INFO] features.lag_features - Added 30 lag / rolling features.
2026-04-27 03:51:03 [INFO] data.news_fetcher - Fetched 0 news articles from last 90 days.
2026-04-27 03:51:03 [INFO] features.news_sentiment - No news articles found -- zero-filling sentiment features.
2026-04-27 03:51:03 [INFO] features.temporal - Added 15 temporal features.
2026-04-27 03:51:03 [INFO] features.lag_features - Added 30 lag / rolling features.
2026-04-27 03:51:03 [INFO] data.news_fetcher - Fetched 0 news articles from last 90 days.
2026-04-27 03:51:03 [INFO] features.news_sentiment - No news articles found -- zero-filling sentiment features.
2026-04-27 03:51:03 [INFO] features.temporal - Added 15 temporal features.
2026-04-27 03:51:03 [INFO] features.lag_features - Added 30 lag / rolling features.
2026-04-27 03:51:03 [INFO] data.news_fetcher - Fetched 0 news articles from last 90 days.
2026-04-27 03:51:03 [INFO] features.news_sentiment - No news articles found -- zero-filling sentiment features.
2026-04-27 03:51:03 [INFO] features.temporal - Added 15 temporal features.
2026-04-27 03:51:04 [INFO] features.lag_features - Added 30 lag / rolling features.
2026-04-27 03:51:04 [INFO] data.news_fetcher - Fetched 0 news articles from last 90 days.
2026-04-27 03:51:04 [INFO] features.news_sentiment - No news articles found -- zero-filling sentiment features.
2026-04-27 03:51:04 [INFO] features.temporal - Added 15 temporal features.
2026-04-27 03:51:04 [INFO] features.lag_features - Added 30 lag / rolling features.
2026-04-27 03:51:04 [INFO] data.news_fetcher - Fetched 0 news articles from last 90 days.
2026-04-27 03:51:04 [INFO] features.news_sentiment - No news articles found -- zero-filling sentiment features.
2026-04-27 03:51:04 [INFO] features.temporal - Added 15 temporal features.
2026-04-27 03:51:04 [INFO] features.lag_features - Added 30 lag / rolling features.
2026-04-27 03:51:05 [INFO] data.news_fetcher - Fetched 0 news articles from last 90 days.
2026-04-27 03:51:05 [INFO] features.news_sentiment - No news articles found -- zero-filling sentiment features.
2026-04-27 03:51:05 [INFO] features.temporal - Added 15 temporal features.
2026-04-27 03:51:05 [INFO] features.lag_features - Added 30 lag / rolling features.
2026-04-27 03:51:05 [INFO] data.news_fetcher - Fetched 0 news articles from last 90 days.
2026-04-27 03:51:05 [INFO] features.news_sentiment - No news articles found -- zero-filling sentiment features.
2026-04-27 03:51:05 [INFO] features.temporal - Added 15 temporal features.
2026-04-27 03:51:05 [INFO] features.lag_features - Added 30 lag / rolling features.
2026-04-27 03:51:05 [INFO] data.news_fetcher - Fetched 0 news articles from last 90 days.
2026-04-27 03:51:05 [INFO] features.news_sentiment - No news articles found -- zero-filling sentiment features.
2026-04-27 03:51:05 [INFO] features.temporal - Added 15 temporal features.
2026-04-27 03:51:05 [INFO] features.lag_features - Added 30 lag / rolling features.
2026-04-27 03:51:06 [INFO] data.news_fetcher - Fetched 0 news articles from last 90 days.
2026-04-27 03:51:06 [INFO] features.news_sentiment - No news articles found -- zero-filling sentiment features.
2026-04-27 03:51:06 [INFO] features.temporal - Added 15 temporal features.
2026-04-27 03:51:06 [INFO] features.lag_features - Added 30 lag / rolling features.
2026-04-27 03:51:06 [INFO] data.news_fetcher - Fetched 0 news articles from last 90 days.
2026-04-27 03:51:06 [INFO] features.news_sentiment - No news articles found -- zero-filling sentiment features.
2026-04-27 03:51:06 [INFO] features.temporal - Added 15 temporal features.
2026-04-27 03:51:06 [INFO] features.lag_features - Added 30 lag / rolling features.
2026-04-27 03:51:06 [INFO] data.news_fetcher - Fetched 0 news articles from last 90 days.
2026-04-27 03:51:06 [INFO] features.news_sentiment - No news articles found -- zero-filling sentiment features.
2026-04-27 03:51:08 [INFO] data.news_fetcher - Fetched 0 news articles from last 14 days.
2026-04-27 03:51:23 [INFO] models.lstm_model - Epoch  20/200  train=0.128162  val=0.271556  lr=1.00e-03
2026-04-27 03:52:14 [INFO] models.lstm_model - Epoch  30/200  train=0.091930  val=0.244739  lr=1.00e-03
2026-04-27 03:53:06 [INFO] pipeline.trainer - === FULL TRAINING PIPELINE ===
2026-04-27 03:53:06 [INFO] data.fetcher - Fetching ALL food price records ...
2026-04-27 03:53:12 [INFO] data.fetcher - Fetched 17,211 rows total.
2026-04-27 03:53:12 [INFO] pipeline.trainer - Step 1/7 -- Preprocessing ...
2026-04-27 03:53:12 [INFO] data.preprocessor - Preprocessing 17,211 rows ...
2026-04-27 03:53:12 [WARNING] data.preprocessor - Dropped 2 invalid rows (null/negative price).
2026-04-27 03:53:12 [INFO] data.preprocessor - Removed 35 duplicate rows.
2026-04-27 03:53:12 [INFO] data.preprocessor - Removed 17 outlier rows (>4.0σ).
2026-04-27 03:53:12 [INFO] data.preprocessor - Preprocessing complete -- 17,157 clean rows.
2026-04-27 03:53:12 [INFO] pipeline.trainer - Step 2/7 -- Feature engineering ...
2026-04-27 03:53:12 [INFO] features.temporal - Added 15 temporal features.
2026-04-27 03:53:12 [INFO] features.lag_features - Added 30 lag / rolling features.
2026-04-27 03:53:12 [INFO] features.categorical - Saved categorical mappings → D:\THESIS\model_trainer\artifacts\categorical_mappings.json
2026-04-27 03:53:12 [INFO] features.categorical - Encoded 4 categorical columns (115 unique values).
2026-04-27 03:53:13 [INFO] data.news_fetcher - Fetched 0 news articles from last 90 days.
2026-04-27 03:53:13 [INFO] features.news_sentiment - No news articles found -- zero-filling sentiment features.
2026-04-27 03:53:13 [INFO] pipeline.trainer - Step 3/7 -- Splitting data ...
2026-04-27 03:53:13 [INFO] pipeline.trainer - Step 4/7 -- Training LightGBM ...
2026-04-27 03:53:26 [INFO] models.lightgbm_model - LightGBM validation -- RMSE: 9.4558  MAE: 5.1835  MAPE: 5.45%
2026-04-27 03:53:26 [INFO] models.lightgbm_model - Saved LightGBM model → D:\THESIS\model_trainer\artifacts\lightgbm_model.txt
2026-04-27 03:53:53 [INFO] models.lightgbm_model - Trained quantile models for confidence intervals.
2026-04-27 03:53:53 [INFO] pipeline.trainer - Step 5/7 -- Training LSTM ...
2026-04-27 03:53:53 [INFO] models.lstm_model - LSTM using 11 input features: ['price_index', 'price_lag_1d', 'price_lag_7d', 'price_rolling_mean_7d', 'price_rolling_mean_30d', 'price_pct_change_1d', 'month_sin', 'month_cos', 'dow_sin', 'dow_cos', 'supply_shock_flag']
2026-04-27 03:53:53 [INFO] pipeline.trainer - LSTM sequences — train: 11565, val: 1192, features: 11
2026-04-27 03:54:02 [INFO] models.lstm_model - Epoch   1/200  train=0.299516  val=0.388241  lr=1.00e-03
2026-04-27 03:54:58 [INFO] models.lstm_model - Epoch  10/200  train=0.201414  val=0.299714  lr=1.00e-03
2026-04-27 03:56:03 [INFO] models.lstm_model - Epoch  20/200  train=0.128652  val=0.247819  lr=1.00e-03
2026-04-27 03:57:09 [INFO] models.lstm_model - Epoch  30/200  train=0.099452  val=0.249338  lr=1.00e-03
2026-04-27 03:58:15 [INFO] models.lstm_model - Epoch  40/200  train=0.064898  val=0.260496  lr=5.00e-04
2026-04-27 03:59:23 [INFO] models.lstm_model - Epoch  50/200  train=0.045528  val=0.266262  lr=2.50e-04
2026-04-27 03:59:23 [INFO] models.lstm_model - Early stopping at epoch 50
2026-04-27 03:59:23 [INFO] models.lstm_model - LSTM validation — RMSE: 33.7019  MAE: 15.1714  MAPE: 14.87%
2026-04-27 03:59:23 [INFO] pipeline.trainer - Step 6/7 -- Training ensemble ...
2026-04-27 03:59:24 [INFO] pipeline.trainer - Ensemble training with 1192 aligned predictions.
2026-04-27 03:59:24 [INFO] models.ensemble - Meta-model trained -- LightGBM coef: 1.1082, LSTM coef: -0.0766, intercept: -2.6798
2026-04-27 03:59:24 [INFO] models.ensemble - Ensemble (stacking) -- RMSE: 9.9074  MAE: 5.8737  MAPE: 11.35%
2026-04-27 03:59:24 [INFO] models.ensemble - Saved ensemble meta-model -> D:\THESIS\model_trainer\artifacts\ensemble_meta_model.pkl
2026-04-27 03:59:24 [INFO] pipeline.trainer - Step 7/7 -- Saving model version ...
2026-04-27 03:59:24 [INFO] models.model_store - Pruned old version: v011_2026-04-26T18-31-43
2026-04-27 03:59:24 [INFO] models.model_store - Created model version v011_2026-04-26T19-59-24 (5 files)
2026-04-27 03:59:24 [INFO] pipeline.drift_detector - Saved reference distribution (17157 samples).
2026-04-27 03:59:24 [INFO] pipeline.trainer - === TRAINING COMPLETE ===
2026-04-27 03:59:24 [INFO] main - Training complete. Metrics: {'lgbm': {'rmse': 9.455828460242284, 'mae': 5.183538549947149, 'mape': 5.449222530636091}, 'lstm': {'rmse': 33.70189069853263, 'mae': 15.1713573294518, 'mape': 14.870776735558126}, 'ensemble': {'rmse': 9.907404513956813, 'mae': 5.873705224861395, 'mape': 11.352742622376438}, 'timestamp': '2026-04-26T19:59:24.706690+00:00', 'data_rows': 17157, 'mode': 'full'}
2026-04-27 03:59:57 [INFO] main - Starting API server on 0.0.0.0:8000
2026-04-27 04:00:02 [INFO] api.main - FOODCAST API starting up ...
2026-04-27 04:00:11 [INFO] data.preprocessor - Preprocessing 197 rows ...
2026-04-27 04:00:11 [INFO] data.preprocessor - Preprocessing complete -- 197 clean rows.
2026-04-27 04:00:11 [INFO] features.temporal - Added 15 temporal features.
2026-04-27 04:00:11 [INFO] features.lag_features - Added 30 lag / rolling features.
2026-04-27 04:00:11 [INFO] features.categorical - Loaded categorical mappings from D:\THESIS\model_trainer\artifacts\categorical_mappings.json
2026-04-27 04:00:12 [INFO] data.news_fetcher - Fetched 0 news articles from last 90 days.
2026-04-27 04:00:12 [INFO] features.news_sentiment - No news articles found -- zero-filling sentiment features.
2026-04-27 04:00:12 [INFO] features.temporal - Added 15 temporal features.
2026-04-27 04:00:12 [INFO] features.lag_features - Added 30 lag / rolling features.
2026-04-27 04:00:12 [INFO] data.news_fetcher - Fetched 0 news articles from last 90 days.
2026-04-27 04:00:12 [INFO] features.news_sentiment - No news articles found -- zero-filling sentiment features.
2026-04-27 04:00:13 [INFO] features.temporal - Added 15 temporal features.
2026-04-27 04:00:13 [INFO] features.lag_features - Added 30 lag / rolling features.
2026-04-27 04:00:13 [INFO] data.news_fetcher - Fetched 0 news articles from last 90 days.
2026-04-27 04:00:13 [INFO] features.news_sentiment - No news articles found -- zero-filling sentiment features.
2026-04-27 04:00:13 [INFO] features.temporal - Added 15 temporal features.
2026-04-27 04:00:13 [INFO] features.lag_features - Added 30 lag / rolling features.
2026-04-27 04:00:13 [INFO] data.news_fetcher - Fetched 0 news articles from last 90 days.
2026-04-27 04:00:13 [INFO] features.news_sentiment - No news articles found -- zero-filling sentiment features.
2026-04-27 04:00:13 [INFO] features.temporal - Added 15 temporal features.
2026-04-27 04:00:13 [INFO] features.lag_features - Added 30 lag / rolling features.
2026-04-27 04:00:14 [INFO] data.news_fetcher - Fetched 0 news articles from last 90 days.
2026-04-27 04:00:14 [INFO] features.news_sentiment - No news articles found -- zero-filling sentiment features.
2026-04-27 04:00:14 [INFO] features.temporal - Added 15 temporal features.
2026-04-27 04:00:14 [INFO] features.lag_features - Added 30 lag / rolling features.
2026-04-27 04:00:14 [INFO] data.news_fetcher - Fetched 0 news articles from last 90 days.
2026-04-27 04:00:14 [INFO] features.news_sentiment - No news articles found -- zero-filling sentiment features.
2026-04-27 04:00:14 [INFO] features.temporal - Added 15 temporal features.
2026-04-27 04:00:14 [INFO] features.lag_features - Added 30 lag / rolling features.
2026-04-27 04:00:14 [INFO] data.news_fetcher - Fetched 0 news articles from last 90 days.
2026-04-27 04:00:14 [INFO] features.news_sentiment - No news articles found -- zero-filling sentiment features.
2026-04-27 04:00:14 [INFO] features.temporal - Added 15 temporal features.
2026-04-27 04:00:14 [INFO] features.lag_features - Added 30 lag / rolling features.
2026-04-27 04:00:15 [INFO] data.news_fetcher - Fetched 0 news articles from last 90 days.
2026-04-27 04:00:15 [INFO] features.news_sentiment - No news articles found -- zero-filling sentiment features.
2026-04-27 04:00:15 [INFO] features.temporal - Added 15 temporal features.
2026-04-27 04:00:15 [INFO] features.lag_features - Added 30 lag / rolling features.
2026-04-27 04:00:15 [INFO] data.news_fetcher - Fetched 0 news articles from last 90 days.
2026-04-27 04:00:15 [INFO] features.news_sentiment - No news articles found -- zero-filling sentiment features.
2026-04-27 04:00:15 [INFO] features.temporal - Added 15 temporal features.
2026-04-27 04:00:15 [INFO] features.lag_features - Added 30 lag / rolling features.
2026-04-27 04:00:15 [INFO] data.news_fetcher - Fetched 0 news articles from last 90 days.
2026-04-27 04:00:15 [INFO] features.news_sentiment - No news articles found -- zero-filling sentiment features.
2026-04-27 04:00:15 [INFO] features.temporal - Added 15 temporal features.
2026-04-27 04:00:16 [INFO] features.lag_features - Added 30 lag / rolling features.
2026-04-27 04:00:16 [INFO] data.news_fetcher - Fetched 0 news articles from last 90 days.
2026-04-27 04:00:16 [INFO] features.news_sentiment - No news articles found -- zero-filling sentiment features.
2026-04-27 04:00:16 [INFO] features.temporal - Added 15 temporal features.
2026-04-27 04:00:16 [INFO] features.lag_features - Added 30 lag / rolling features.
2026-04-27 04:00:16 [INFO] data.news_fetcher - Fetched 0 news articles from last 90 days.
2026-04-27 04:00:16 [INFO] features.news_sentiment - No news articles found -- zero-filling sentiment features.
2026-04-27 04:00:16 [INFO] features.temporal - Added 15 temporal features.
2026-04-27 04:00:16 [INFO] features.lag_features - Added 30 lag / rolling features.
2026-04-27 04:00:16 [INFO] data.news_fetcher - Fetched 0 news articles from last 90 days.
2026-04-27 04:00:16 [INFO] features.news_sentiment - No news articles found -- zero-filling sentiment features.
2026-04-27 04:00:17 [INFO] features.temporal - Added 15 temporal features.
2026-04-27 04:00:17 [INFO] features.lag_features - Added 30 lag / rolling features.
2026-04-27 04:00:17 [INFO] data.news_fetcher - Fetched 0 news articles from last 90 days.
2026-04-27 04:00:17 [INFO] features.news_sentiment - No news articles found -- zero-filling sentiment features.
2026-04-27 04:00:17 [INFO] features.temporal - Added 15 temporal features.
2026-04-27 04:00:17 [INFO] features.lag_features - Added 30 lag / rolling features.
2026-04-27 04:00:17 [INFO] data.news_fetcher - Fetched 0 news articles from last 90 days.
2026-04-27 04:00:17 [INFO] features.news_sentiment - No news articles found -- zero-filling sentiment features.
2026-04-27 04:00:17 [INFO] features.temporal - Added 15 temporal features.
2026-04-27 04:00:17 [INFO] features.lag_features - Added 30 lag / rolling features.
2026-04-27 04:00:17 [INFO] data.news_fetcher - Fetched 0 news articles from last 90 days.
2026-04-27 04:00:17 [INFO] features.news_sentiment - No news articles found -- zero-filling sentiment features.
2026-04-27 04:00:18 [INFO] features.temporal - Added 15 temporal features.
2026-04-27 04:00:18 [INFO] features.lag_features - Added 30 lag / rolling features.
2026-04-27 04:00:18 [INFO] data.news_fetcher - Fetched 0 news articles from last 90 days.
2026-04-27 04:00:18 [INFO] features.news_sentiment - No news articles found -- zero-filling sentiment features.
2026-04-27 04:00:18 [INFO] features.temporal - Added 15 temporal features.
2026-04-27 04:00:18 [INFO] features.lag_features - Added 30 lag / rolling features.
2026-04-27 04:00:18 [INFO] data.news_fetcher - Fetched 0 news articles from last 90 days.
2026-04-27 04:00:18 [INFO] features.news_sentiment - No news articles found -- zero-filling sentiment features.
2026-04-27 04:00:18 [INFO] features.temporal - Added 15 temporal features.
2026-04-27 04:00:18 [INFO] features.lag_features - Added 30 lag / rolling features.
2026-04-27 04:00:19 [INFO] data.news_fetcher - Fetched 0 news articles from last 90 days.
2026-04-27 04:00:19 [INFO] features.news_sentiment - No news articles found -- zero-filling sentiment features.
2026-04-27 04:00:19 [INFO] features.temporal - Added 15 temporal features.
2026-04-27 04:00:19 [INFO] features.lag_features - Added 30 lag / rolling features.
2026-04-27 04:00:19 [INFO] data.news_fetcher - Fetched 0 news articles from last 90 days.
2026-04-27 04:00:19 [INFO] features.news_sentiment - No news articles found -- zero-filling sentiment features.
2026-04-27 04:00:19 [INFO] features.temporal - Added 15 temporal features.
2026-04-27 04:00:19 [INFO] features.lag_features - Added 30 lag / rolling features.
2026-04-27 04:00:19 [INFO] data.news_fetcher - Fetched 0 news articles from last 90 days.
2026-04-27 04:00:19 [INFO] features.news_sentiment - No news articles found -- zero-filling sentiment features.
2026-04-27 04:00:19 [INFO] features.temporal - Added 15 temporal features.
2026-04-27 04:00:19 [INFO] features.lag_features - Added 30 lag / rolling features.
2026-04-27 04:00:20 [INFO] data.news_fetcher - Fetched 0 news articles from last 90 days.
2026-04-27 04:00:20 [INFO] features.news_sentiment - No news articles found -- zero-filling sentiment features.
2026-04-27 04:00:20 [INFO] features.temporal - Added 15 temporal features.
2026-04-27 04:00:20 [INFO] features.lag_features - Added 30 lag / rolling features.
2026-04-27 04:00:20 [INFO] data.news_fetcher - Fetched 0 news articles from last 90 days.
2026-04-27 04:00:20 [INFO] features.news_sentiment - No news articles found -- zero-filling sentiment features.
2026-04-27 04:00:20 [INFO] features.temporal - Added 15 temporal features.
2026-04-27 04:00:20 [INFO] features.lag_features - Added 30 lag / rolling features.
2026-04-27 04:00:20 [INFO] data.news_fetcher - Fetched 0 news articles from last 90 days.
2026-04-27 04:00:20 [INFO] features.news_sentiment - No news articles found -- zero-filling sentiment features.
2026-04-27 04:00:20 [INFO] features.temporal - Added 15 temporal features.
2026-04-27 04:00:20 [INFO] features.lag_features - Added 30 lag / rolling features.
2026-04-27 04:00:21 [INFO] data.news_fetcher - Fetched 0 news articles from last 90 days.
2026-04-27 04:00:21 [INFO] features.news_sentiment - No news articles found -- zero-filling sentiment features.
2026-04-27 04:00:21 [INFO] features.temporal - Added 15 temporal features.
2026-04-27 04:00:21 [INFO] features.lag_features - Added 30 lag / rolling features.
2026-04-27 04:00:21 [INFO] data.news_fetcher - Fetched 0 news articles from last 90 days.
2026-04-27 04:00:21 [INFO] features.news_sentiment - No news articles found -- zero-filling sentiment features.
2026-04-27 04:00:21 [INFO] features.temporal - Added 15 temporal features.
2026-04-27 04:00:21 [INFO] features.lag_features - Added 30 lag / rolling features.
2026-04-27 04:00:21 [INFO] data.news_fetcher - Fetched 0 news articles from last 90 days.
2026-04-27 04:00:21 [INFO] features.news_sentiment - No news articles found -- zero-filling sentiment features.
2026-04-27 04:00:21 [INFO] features.temporal - Added 15 temporal features.
2026-04-27 04:00:21 [INFO] features.lag_features - Added 30 lag / rolling features.
2026-04-27 04:00:22 [INFO] data.news_fetcher - Fetched 0 news articles from last 90 days.
2026-04-27 04:00:22 [INFO] features.news_sentiment - No news articles found -- zero-filling sentiment features.
2026-04-27 04:00:22 [INFO] features.temporal - Added 15 temporal features.
2026-04-27 04:00:22 [INFO] features.lag_features - Added 30 lag / rolling features.
2026-04-27 04:00:22 [INFO] data.news_fetcher - Fetched 0 news articles from last 90 days.
2026-04-27 04:00:22 [INFO] features.news_sentiment - No news articles found -- zero-filling sentiment features.
2026-04-27 04:00:22 [INFO] features.temporal - Added 15 temporal features.
2026-04-27 04:00:22 [INFO] features.lag_features - Added 30 lag / rolling features.
2026-04-27 04:00:22 [INFO] data.news_fetcher - Fetched 0 news articles from last 90 days.
2026-04-27 04:00:22 [INFO] features.news_sentiment - No news articles found -- zero-filling sentiment features.
2026-04-27 04:00:23 [INFO] features.temporal - Added 15 temporal features.
2026-04-27 04:00:23 [INFO] features.lag_features - Added 30 lag / rolling features.
2026-04-27 04:00:23 [INFO] data.news_fetcher - Fetched 0 news articles from last 90 days.
2026-04-27 04:00:23 [INFO] features.news_sentiment - No news articles found -- zero-filling sentiment features.
2026-04-27 04:00:24 [INFO] data.news_fetcher - Fetched 0 news articles from last 14 days.
2026-04-27 04:00:48 [INFO] data.preprocessor - Preprocessing 197 rows ...
2026-04-27 04:00:48 [INFO] data.preprocessor - Preprocessing complete -- 197 clean rows.
2026-04-27 04:00:48 [INFO] features.temporal - Added 15 temporal features.
2026-04-27 04:00:48 [INFO] features.lag_features - Added 30 lag / rolling features.
2026-04-27 04:00:48 [INFO] features.categorical - Loaded categorical mappings from D:\THESIS\model_trainer\artifacts\categorical_mappings.json
2026-04-27 04:00:48 [INFO] data.news_fetcher - Fetched 0 news articles from last 90 days.
2026-04-27 04:00:48 [INFO] features.news_sentiment - No news articles found -- zero-filling sentiment features.
2026-04-27 04:00:48 [INFO] features.temporal - Added 15 temporal features.
2026-04-27 04:00:48 [INFO] features.lag_features - Added 30 lag / rolling features.
2026-04-27 04:00:49 [INFO] data.news_fetcher - Fetched 0 news articles from last 90 days.
2026-04-27 04:00:49 [INFO] features.news_sentiment - No news articles found -- zero-filling sentiment features.
2026-04-27 04:00:49 [INFO] features.temporal - Added 15 temporal features.
2026-04-27 04:00:49 [INFO] features.lag_features - Added 30 lag / rolling features.
2026-04-27 04:00:49 [INFO] data.news_fetcher - Fetched 0 news articles from last 90 days.
2026-04-27 04:00:49 [INFO] features.news_sentiment - No news articles found -- zero-filling sentiment features.
2026-04-27 04:00:49 [INFO] features.temporal - Added 15 temporal features.
2026-04-27 04:00:49 [INFO] features.lag_features - Added 30 lag / rolling features.
2026-04-27 04:00:49 [INFO] data.news_fetcher - Fetched 0 news articles from last 90 days.
2026-04-27 04:00:49 [INFO] features.news_sentiment - No news articles found -- zero-filling sentiment features.
2026-04-27 04:00:49 [INFO] features.temporal - Added 15 temporal features.
2026-04-27 04:00:50 [INFO] features.lag_features - Added 30 lag / rolling features.
2026-04-27 04:00:50 [INFO] data.news_fetcher - Fetched 0 news articles from last 90 days.
2026-04-27 04:00:50 [INFO] features.news_sentiment - No news articles found -- zero-filling sentiment features.
2026-04-27 04:00:50 [INFO] features.temporal - Added 15 temporal features.
2026-04-27 04:00:50 [INFO] features.lag_features - Added 30 lag / rolling features.
2026-04-27 04:00:50 [INFO] data.news_fetcher - Fetched 0 news articles from last 90 days.
2026-04-27 04:00:50 [INFO] features.news_sentiment - No news articles found -- zero-filling sentiment features.
2026-04-27 04:00:50 [INFO] features.temporal - Added 15 temporal features.
2026-04-27 04:00:50 [INFO] features.lag_features - Added 30 lag / rolling features.
2026-04-27 04:00:50 [INFO] data.news_fetcher - Fetched 0 news articles from last 90 days.
2026-04-27 04:00:50 [INFO] features.news_sentiment - No news articles found -- zero-filling sentiment features.
2026-04-27 04:00:51 [INFO] features.temporal - Added 15 temporal features.
2026-04-27 04:00:51 [INFO] features.lag_features - Added 30 lag / rolling features.
2026-04-27 04:00:51 [INFO] data.news_fetcher - Fetched 0 news articles from last 90 days.
2026-04-27 04:00:51 [INFO] features.news_sentiment - No news articles found -- zero-filling sentiment features.
2026-04-27 04:00:51 [INFO] features.temporal - Added 15 temporal features.
2026-04-27 04:00:51 [INFO] features.lag_features - Added 30 lag / rolling features.
2026-04-27 04:00:51 [INFO] data.news_fetcher - Fetched 0 news articles from last 90 days.
2026-04-27 04:00:51 [INFO] features.news_sentiment - No news articles found -- zero-filling sentiment features.
2026-04-27 04:00:51 [INFO] features.temporal - Added 15 temporal features.
2026-04-27 04:00:51 [INFO] features.lag_features - Added 30 lag / rolling features.
2026-04-27 04:00:52 [INFO] data.news_fetcher - Fetched 0 news articles from last 90 days.
2026-04-27 04:00:52 [INFO] features.news_sentiment - No news articles found -- zero-filling sentiment features.
2026-04-27 04:00:52 [INFO] features.temporal - Added 15 temporal features.
2026-04-27 04:00:52 [INFO] features.lag_features - Added 30 lag / rolling features.
2026-04-27 04:00:52 [INFO] data.news_fetcher - Fetched 0 news articles from last 90 days.
2026-04-27 04:00:52 [INFO] features.news_sentiment - No news articles found -- zero-filling sentiment features.
2026-04-27 04:00:52 [INFO] features.temporal - Added 15 temporal features.
2026-04-27 04:00:52 [INFO] features.lag_features - Added 30 lag / rolling features.
2026-04-27 04:00:52 [INFO] data.news_fetcher - Fetched 0 news articles from last 90 days.
2026-04-27 04:00:52 [INFO] features.news_sentiment - No news articles found -- zero-filling sentiment features.
2026-04-27 04:00:52 [INFO] features.temporal - Added 15 temporal features.
2026-04-27 04:00:52 [INFO] features.lag_features - Added 30 lag / rolling features.
2026-04-27 04:00:53 [INFO] data.news_fetcher - Fetched 0 news articles from last 90 days.
2026-04-27 04:00:53 [INFO] features.news_sentiment - No news articles found -- zero-filling sentiment features.
2026-04-27 04:00:53 [INFO] features.temporal - Added 15 temporal features.
2026-04-27 04:00:53 [INFO] features.lag_features - Added 30 lag / rolling features.
2026-04-27 04:00:53 [INFO] data.news_fetcher - Fetched 0 news articles from last 90 days.
2026-04-27 04:00:53 [INFO] features.news_sentiment - No news articles found -- zero-filling sentiment features.
2026-04-27 04:00:53 [INFO] features.temporal - Added 15 temporal features.
2026-04-27 04:00:53 [INFO] features.lag_features - Added 30 lag / rolling features.
2026-04-27 04:00:53 [INFO] data.news_fetcher - Fetched 0 news articles from last 90 days.
2026-04-27 04:00:53 [INFO] features.news_sentiment - No news articles found -- zero-filling sentiment features.
2026-04-27 04:00:53 [INFO] features.temporal - Added 15 temporal features.
2026-04-27 04:00:53 [INFO] features.lag_features - Added 30 lag / rolling features.
2026-04-27 04:00:54 [INFO] data.news_fetcher - Fetched 0 news articles from last 90 days.
2026-04-27 04:00:54 [INFO] features.news_sentiment - No news articles found -- zero-filling sentiment features.
2026-04-27 04:00:54 [INFO] features.temporal - Added 15 temporal features.
2026-04-27 04:00:54 [INFO] features.lag_features - Added 30 lag / rolling features.
2026-04-27 04:00:54 [INFO] data.news_fetcher - Fetched 0 news articles from last 90 days.
2026-04-27 04:00:54 [INFO] features.news_sentiment - No news articles found -- zero-filling sentiment features.
2026-04-27 04:00:54 [INFO] features.temporal - Added 15 temporal features.
2026-04-27 04:00:54 [INFO] features.lag_features - Added 30 lag / rolling features.
2026-04-27 04:00:54 [INFO] data.news_fetcher - Fetched 0 news articles from last 90 days.
2026-04-27 04:00:54 [INFO] features.news_sentiment - No news articles found -- zero-filling sentiment features.
2026-04-27 04:00:54 [INFO] features.temporal - Added 15 temporal features.
2026-04-27 04:00:54 [INFO] features.lag_features - Added 30 lag / rolling features.
2026-04-27 04:00:55 [INFO] data.news_fetcher - Fetched 0 news articles from last 90 days.
2026-04-27 04:00:55 [INFO] features.news_sentiment - No news articles found -- zero-filling sentiment features.
2026-04-27 04:00:55 [INFO] features.temporal - Added 15 temporal features.
2026-04-27 04:00:55 [INFO] features.lag_features - Added 30 lag / rolling features.
2026-04-27 04:00:55 [INFO] data.news_fetcher - Fetched 0 news articles from last 90 days.
2026-04-27 04:00:55 [INFO] features.news_sentiment - No news articles found -- zero-filling sentiment features.
2026-04-27 04:00:55 [INFO] features.temporal - Added 15 temporal features.
2026-04-27 04:00:55 [INFO] features.lag_features - Added 30 lag / rolling features.
2026-04-27 04:00:55 [INFO] data.news_fetcher - Fetched 0 news articles from last 90 days.
2026-04-27 04:00:55 [INFO] features.news_sentiment - No news articles found -- zero-filling sentiment features.
2026-04-27 04:00:55 [INFO] features.temporal - Added 15 temporal features.
2026-04-27 04:00:55 [INFO] features.lag_features - Added 30 lag / rolling features.
2026-04-27 04:00:56 [INFO] data.news_fetcher - Fetched 0 news articles from last 90 days.
2026-04-27 04:00:56 [INFO] features.news_sentiment - No news articles found -- zero-filling sentiment features.
2026-04-27 04:00:56 [INFO] features.temporal - Added 15 temporal features.
2026-04-27 04:00:56 [INFO] features.lag_features - Added 30 lag / rolling features.
2026-04-27 04:00:56 [INFO] data.news_fetcher - Fetched 0 news articles from last 90 days.
2026-04-27 04:00:56 [INFO] features.news_sentiment - No news articles found -- zero-filling sentiment features.
2026-04-27 04:00:56 [INFO] features.temporal - Added 15 temporal features.
2026-04-27 04:00:56 [INFO] features.lag_features - Added 30 lag / rolling features.
2026-04-27 04:00:56 [INFO] data.news_fetcher - Fetched 0 news articles from last 90 days.
2026-04-27 04:00:56 [INFO] features.news_sentiment - No news articles found -- zero-filling sentiment features.
2026-04-27 04:00:56 [INFO] features.temporal - Added 15 temporal features.
2026-04-27 04:00:56 [INFO] features.lag_features - Added 30 lag / rolling features.
2026-04-27 04:00:57 [INFO] data.news_fetcher - Fetched 0 news articles from last 90 days.
2026-04-27 04:00:57 [INFO] features.news_sentiment - No news articles found -- zero-filling sentiment features.
2026-04-27 04:00:57 [INFO] features.temporal - Added 15 temporal features.
2026-04-27 04:00:57 [INFO] features.lag_features - Added 30 lag / rolling features.
2026-04-27 04:00:57 [INFO] data.news_fetcher - Fetched 0 news articles from last 90 days.
2026-04-27 04:00:57 [INFO] features.news_sentiment - No news articles found -- zero-filling sentiment features.
2026-04-27 04:00:57 [INFO] features.temporal - Added 15 temporal features.
2026-04-27 04:00:57 [INFO] features.lag_features - Added 30 lag / rolling features.
2026-04-27 04:00:57 [INFO] data.news_fetcher - Fetched 0 news articles from last 90 days.
2026-04-27 04:00:57 [INFO] features.news_sentiment - No news articles found -- zero-filling sentiment features.
2026-04-27 04:00:57 [INFO] features.temporal - Added 15 temporal features.
2026-04-27 04:00:57 [INFO] features.lag_features - Added 30 lag / rolling features.
2026-04-27 04:00:58 [INFO] data.news_fetcher - Fetched 0 news articles from last 90 days.
2026-04-27 04:00:58 [INFO] features.news_sentiment - No news articles found -- zero-filling sentiment features.
2026-04-27 04:00:58 [INFO] features.temporal - Added 15 temporal features.
2026-04-27 04:00:58 [INFO] features.lag_features - Added 30 lag / rolling features.
2026-04-27 04:00:58 [INFO] data.news_fetcher - Fetched 0 news articles from last 90 days.
2026-04-27 04:00:58 [INFO] features.news_sentiment - No news articles found -- zero-filling sentiment features.
2026-04-27 04:00:58 [INFO] features.temporal - Added 15 temporal features.
2026-04-27 04:00:58 [INFO] features.lag_features - Added 30 lag / rolling features.
2026-04-27 04:00:58 [INFO] data.news_fetcher - Fetched 0 news articles from last 90 days.
2026-04-27 04:00:58 [INFO] features.news_sentiment - No news articles found -- zero-filling sentiment features.
2026-04-27 04:00:58 [INFO] features.temporal - Added 15 temporal features.
2026-04-27 04:00:58 [INFO] features.lag_features - Added 30 lag / rolling features.
2026-04-27 04:00:59 [INFO] data.news_fetcher - Fetched 0 news articles from last 90 days.
2026-04-27 04:00:59 [INFO] features.news_sentiment - No news articles found -- zero-filling sentiment features.
2026-04-27 04:01:00 [INFO] data.news_fetcher - Fetched 0 news articles from last 14 days.
2026-04-27 04:02:29 [INFO] data.fetcher - Fetching ALL food price records ...
2026-04-27 04:02:35 [INFO] data.fetcher - Fetched 17,211 rows total.
2026-04-27 04:02:45 [INFO] data.fetcher - Fetching ALL food price records ...
2026-04-27 04:02:50 [INFO] data.fetcher - Fetched 17,211 rows total.
2026-04-27 04:03:43 [INFO] data.fetcher - Fetching ALL food price records ...
2026-04-27 04:03:49 [INFO] data.fetcher - Fetched 17,211 rows total.
2026-04-27 04:04:20 [INFO] data.fetcher - Fetching ALL food price records ...
2026-04-27 04:04:27 [INFO] data.fetcher - Fetched 17,211 rows total.
2026-04-27 04:05:18 [INFO] data.preprocessor - Preprocessing 197 rows ...
2026-04-27 04:05:18 [INFO] data.preprocessor - Preprocessing complete -- 197 clean rows.
2026-04-27 04:05:18 [INFO] features.temporal - Added 15 temporal features.
2026-04-27 04:05:18 [INFO] features.lag_features - Added 30 lag / rolling features.
2026-04-27 04:05:18 [INFO] features.categorical - Loaded categorical mappings from D:\THESIS\model_trainer\artifacts\categorical_mappings.json
2026-04-27 04:05:19 [INFO] data.news_fetcher - Fetched 0 news articles from last 90 days.
2026-04-27 04:05:19 [INFO] features.news_sentiment - No news articles found -- zero-filling sentiment features.
2026-04-27 04:05:19 [INFO] features.temporal - Added 15 temporal features.
2026-04-27 04:05:19 [INFO] features.lag_features - Added 30 lag / rolling features.
2026-04-27 04:05:19 [INFO] data.news_fetcher - Fetched 0 news articles from last 90 days.
2026-04-27 04:05:19 [INFO] features.news_sentiment - No news articles found -- zero-filling sentiment features.
2026-04-27 04:05:19 [INFO] features.temporal - Added 15 temporal features.
2026-04-27 04:05:19 [INFO] features.lag_features - Added 30 lag / rolling features.
2026-04-27 04:05:20 [INFO] data.news_fetcher - Fetched 0 news articles from last 90 days.
2026-04-27 04:05:20 [INFO] features.news_sentiment - No news articles found -- zero-filling sentiment features.
2026-04-27 04:05:20 [INFO] features.temporal - Added 15 temporal features.
2026-04-27 04:05:20 [INFO] features.lag_features - Added 30 lag / rolling features.
2026-04-27 04:05:20 [INFO] data.news_fetcher - Fetched 0 news articles from last 90 days.
2026-04-27 04:05:20 [INFO] features.news_sentiment - No news articles found -- zero-filling sentiment features.
2026-04-27 04:05:20 [INFO] features.temporal - Added 15 temporal features.
2026-04-27 04:05:20 [INFO] features.lag_features - Added 30 lag / rolling features.
2026-04-27 04:05:20 [INFO] data.news_fetcher - Fetched 0 news articles from last 90 days.
2026-04-27 04:05:20 [INFO] features.news_sentiment - No news articles found -- zero-filling sentiment features.
2026-04-27 04:05:21 [INFO] features.temporal - Added 15 temporal features.
2026-04-27 04:05:21 [INFO] features.lag_features - Added 30 lag / rolling features.
2026-04-27 04:05:21 [INFO] data.news_fetcher - Fetched 0 news articles from last 90 days.
2026-04-27 04:05:21 [INFO] features.news_sentiment - No news articles found -- zero-filling sentiment features.
2026-04-27 04:05:21 [INFO] features.temporal - Added 15 temporal features.
2026-04-27 04:05:21 [INFO] features.lag_features - Added 30 lag / rolling features.
2026-04-27 04:05:21 [INFO] data.news_fetcher - Fetched 0 news articles from last 90 days.
2026-04-27 04:05:21 [INFO] features.news_sentiment - No news articles found -- zero-filling sentiment features.
2026-04-27 04:05:21 [INFO] features.temporal - Added 15 temporal features.
2026-04-27 04:05:21 [INFO] features.lag_features - Added 30 lag / rolling features.
2026-04-27 04:05:21 [INFO] data.news_fetcher - Fetched 0 news articles from last 90 days.
2026-04-27 04:05:21 [INFO] features.news_sentiment - No news articles found -- zero-filling sentiment features.
2026-04-27 04:05:22 [INFO] features.temporal - Added 15 temporal features.
2026-04-27 04:05:22 [INFO] features.lag_features - Added 30 lag / rolling features.
2026-04-27 04:05:22 [INFO] data.news_fetcher - Fetched 0 news articles from last 90 days.
2026-04-27 04:05:22 [INFO] features.news_sentiment - No news articles found -- zero-filling sentiment features.
2026-04-27 04:05:22 [INFO] features.temporal - Added 15 temporal features.
2026-04-27 04:05:22 [INFO] features.lag_features - Added 30 lag / rolling features.
2026-04-27 04:05:22 [INFO] data.news_fetcher - Fetched 0 news articles from last 90 days.
2026-04-27 04:05:22 [INFO] features.news_sentiment - No news articles found -- zero-filling sentiment features.
2026-04-27 04:05:22 [INFO] features.temporal - Added 15 temporal features.
2026-04-27 04:05:22 [INFO] features.lag_features - Added 30 lag / rolling features.
2026-04-27 04:05:22 [INFO] data.news_fetcher - Fetched 0 news articles from last 90 days.
2026-04-27 04:05:22 [INFO] features.news_sentiment - No news articles found -- zero-filling sentiment features.
2026-04-27 04:05:23 [INFO] features.temporal - Added 15 temporal features.
2026-04-27 04:05:23 [INFO] features.lag_features - Added 30 lag / rolling features.
2026-04-27 04:05:23 [INFO] data.news_fetcher - Fetched 0 news articles from last 90 days.
2026-04-27 04:05:23 [INFO] features.news_sentiment - No news articles found -- zero-filling sentiment features.
2026-04-27 04:05:23 [INFO] features.temporal - Added 15 temporal features.
2026-04-27 04:05:23 [INFO] features.lag_features - Added 30 lag / rolling features.
2026-04-27 04:05:23 [INFO] data.news_fetcher - Fetched 0 news articles from last 90 days.
2026-04-27 04:05:23 [INFO] features.news_sentiment - No news articles found -- zero-filling sentiment features.
2026-04-27 04:05:23 [INFO] features.temporal - Added 15 temporal features.
2026-04-27 04:05:23 [INFO] features.lag_features - Added 30 lag / rolling features.
2026-04-27 04:05:24 [INFO] data.news_fetcher - Fetched 0 news articles from last 90 days.
2026-04-27 04:05:24 [INFO] features.news_sentiment - No news articles found -- zero-filling sentiment features.
2026-04-27 04:05:24 [INFO] features.temporal - Added 15 temporal features.
2026-04-27 04:05:24 [INFO] features.lag_features - Added 30 lag / rolling features.
2026-04-27 04:05:24 [INFO] data.news_fetcher - Fetched 0 news articles from last 90 days.
2026-04-27 04:05:24 [INFO] features.news_sentiment - No news articles found -- zero-filling sentiment features.
2026-04-27 04:05:24 [INFO] features.temporal - Added 15 temporal features.
2026-04-27 04:05:24 [INFO] features.lag_features - Added 30 lag / rolling features.
2026-04-27 04:05:24 [INFO] data.news_fetcher - Fetched 0 news articles from last 90 days.
2026-04-27 04:05:24 [INFO] features.news_sentiment - No news articles found -- zero-filling sentiment features.
2026-04-27 04:05:24 [INFO] features.temporal - Added 15 temporal features.
2026-04-27 04:05:24 [INFO] features.lag_features - Added 30 lag / rolling features.
2026-04-27 04:05:25 [INFO] data.news_fetcher - Fetched 0 news articles from last 90 days.
2026-04-27 04:05:25 [INFO] features.news_sentiment - No news articles found -- zero-filling sentiment features.
2026-04-27 04:05:25 [INFO] features.temporal - Added 15 temporal features.
2026-04-27 04:05:25 [INFO] features.lag_features - Added 30 lag / rolling features.
2026-04-27 04:05:25 [INFO] data.news_fetcher - Fetched 0 news articles from last 90 days.
2026-04-27 04:05:25 [INFO] features.news_sentiment - No news articles found -- zero-filling sentiment features.
2026-04-27 04:05:25 [INFO] features.temporal - Added 15 temporal features.
2026-04-27 04:05:25 [INFO] features.lag_features - Added 30 lag / rolling features.
2026-04-27 04:05:25 [INFO] data.news_fetcher - Fetched 0 news articles from last 90 days.
2026-04-27 04:05:25 [INFO] features.news_sentiment - No news articles found -- zero-filling sentiment features.
2026-04-27 04:05:25 [INFO] features.temporal - Added 15 temporal features.
2026-04-27 04:05:25 [INFO] features.lag_features - Added 30 lag / rolling features.
2026-04-27 04:05:26 [INFO] data.news_fetcher - Fetched 0 news articles from last 90 days.
2026-04-27 04:05:26 [INFO] features.news_sentiment - No news articles found -- zero-filling sentiment features.
2026-04-27 04:05:26 [INFO] features.temporal - Added 15 temporal features.
2026-04-27 04:05:26 [INFO] features.lag_features - Added 30 lag / rolling features.
2026-04-27 04:05:26 [INFO] data.news_fetcher - Fetched 0 news articles from last 90 days.
2026-04-27 04:05:26 [INFO] features.news_sentiment - No news articles found -- zero-filling sentiment features.
2026-04-27 04:05:26 [INFO] features.temporal - Added 15 temporal features.
2026-04-27 04:05:26 [INFO] features.lag_features - Added 30 lag / rolling features.
2026-04-27 04:05:26 [INFO] data.news_fetcher - Fetched 0 news articles from last 90 days.
2026-04-27 04:05:26 [INFO] features.news_sentiment - No news articles found -- zero-filling sentiment features.
2026-04-27 04:05:26 [INFO] features.temporal - Added 15 temporal features.
2026-04-27 04:05:26 [INFO] features.lag_features - Added 30 lag / rolling features.
2026-04-27 04:05:27 [INFO] data.news_fetcher - Fetched 0 news articles from last 90 days.
2026-04-27 04:05:27 [INFO] features.news_sentiment - No news articles found -- zero-filling sentiment features.
2026-04-27 04:05:27 [INFO] features.temporal - Added 15 temporal features.
2026-04-27 04:05:27 [INFO] features.lag_features - Added 30 lag / rolling features.
2026-04-27 04:05:27 [INFO] data.news_fetcher - Fetched 0 news articles from last 90 days.
2026-04-27 04:05:27 [INFO] features.news_sentiment - No news articles found -- zero-filling sentiment features.
2026-04-27 04:05:27 [INFO] features.temporal - Added 15 temporal features.
2026-04-27 04:05:27 [INFO] features.lag_features - Added 30 lag / rolling features.
2026-04-27 04:05:27 [INFO] data.news_fetcher - Fetched 0 news articles from last 90 days.
2026-04-27 04:05:27 [INFO] features.news_sentiment - No news articles found -- zero-filling sentiment features.
2026-04-27 04:05:27 [INFO] features.temporal - Added 15 temporal features.
2026-04-27 04:05:27 [INFO] features.lag_features - Added 30 lag / rolling features.
2026-04-27 04:05:28 [INFO] data.news_fetcher - Fetched 0 news articles from last 90 days.
2026-04-27 04:05:28 [INFO] features.news_sentiment - No news articles found -- zero-filling sentiment features.
2026-04-27 04:05:28 [INFO] features.temporal - Added 15 temporal features.
2026-04-27 04:05:28 [INFO] features.lag_features - Added 30 lag / rolling features.
2026-04-27 04:05:28 [INFO] data.news_fetcher - Fetched 0 news articles from last 90 days.
2026-04-27 04:05:28 [INFO] features.news_sentiment - No news articles found -- zero-filling sentiment features.
2026-04-27 04:05:28 [INFO] features.temporal - Added 15 temporal features.
2026-04-27 04:05:28 [INFO] features.lag_features - Added 30 lag / rolling features.
2026-04-27 04:05:28 [INFO] data.news_fetcher - Fetched 0 news articles from last 90 days.
2026-04-27 04:05:28 [INFO] features.news_sentiment - No news articles found -- zero-filling sentiment features.
2026-04-27 04:05:28 [INFO] features.temporal - Added 15 temporal features.
2026-04-27 04:05:28 [INFO] features.lag_features - Added 30 lag / rolling features.
2026-04-27 04:05:29 [INFO] data.news_fetcher - Fetched 0 news articles from last 90 days.
2026-04-27 04:05:29 [INFO] features.news_sentiment - No news articles found -- zero-filling sentiment features.
2026-04-27 04:05:29 [INFO] features.temporal - Added 15 temporal features.
2026-04-27 04:05:29 [INFO] features.lag_features - Added 30 lag / rolling features.
2026-04-27 04:05:29 [INFO] data.news_fetcher - Fetched 0 news articles from last 90 days.
2026-04-27 04:05:29 [INFO] features.news_sentiment - No news articles found -- zero-filling sentiment features.
2026-04-27 04:05:29 [INFO] features.temporal - Added 15 temporal features.
2026-04-27 04:05:29 [INFO] features.lag_features - Added 30 lag / rolling features.
2026-04-27 04:05:29 [INFO] data.news_fetcher - Fetched 0 news articles from last 90 days.
2026-04-27 04:05:29 [INFO] features.news_sentiment - No news articles found -- zero-filling sentiment features.
2026-04-27 04:05:30 [INFO] data.news_fetcher - Fetched 0 news articles from last 14 days.
2026-04-27 04:06:22 [INFO] main - Starting API server on 0.0.0.0:8000
2026-04-27 04:06:26 [INFO] api.main - FOODCAST API starting up ...
2026-04-27 04:12:55 [INFO] pipeline.trainer - === FULL TRAINING PIPELINE ===
2026-04-27 04:12:55 [INFO] data.fetcher - Fetching ALL food price records ...
2026-04-27 04:13:01 [INFO] data.fetcher - Fetched 17,211 rows total.
2026-04-27 04:13:01 [INFO] pipeline.trainer - Step 1/7 -- Preprocessing ...
2026-04-27 04:13:01 [INFO] data.preprocessor - Preprocessing 17,211 rows ...
2026-04-27 04:13:01 [WARNING] data.preprocessor - Dropped 2 invalid rows (null/negative price).
2026-04-27 04:13:01 [INFO] data.preprocessor - Removed 35 duplicate rows.
2026-04-27 04:13:01 [INFO] data.preprocessor - Removed 17 outlier rows (>4.0σ).
2026-04-27 04:13:01 [INFO] data.preprocessor - Preprocessing complete -- 17,157 clean rows.
2026-04-27 04:13:01 [INFO] pipeline.trainer - Step 2/7 -- Feature engineering ...
2026-04-27 04:13:01 [INFO] features.temporal - Added 15 temporal features.
2026-04-27 04:13:02 [INFO] features.lag_features - Added 30 lag / rolling features.
2026-04-27 04:13:02 [INFO] features.categorical - Saved categorical mappings → D:\THESIS\model_trainer\artifacts\categorical_mappings.json
2026-04-27 04:13:02 [INFO] features.categorical - Encoded 4 categorical columns (115 unique values).
2026-04-27 04:13:02 [INFO] data.news_fetcher - Fetched 0 news articles from last 90 days.
2026-04-27 04:13:02 [INFO] features.news_sentiment - No news articles found -- zero-filling sentiment features.
2026-04-27 04:13:02 [INFO] pipeline.trainer - Step 3/7 -- Splitting data ...
2026-04-27 04:13:02 [INFO] pipeline.trainer - Step 4/7 -- Training LightGBM ...
2026-04-27 04:13:10 [INFO] models.lightgbm_model - LightGBM validation -- RMSE: 3.6658  MAE: 2.0784  MAPE: 2.07%
2026-04-27 04:13:10 [INFO] models.lightgbm_model - Saved LightGBM model → D:\THESIS\model_trainer\artifacts\lightgbm_model.txt
