tree
version=v4
num_class=1
num_tree_per_iteration=1
label_index=0
max_feature_idx=53
objective=regression
feature_names=day_of_week day_of_month day_of_year week_of_year month quarter year is_weekend is_month_start is_month_end month_sin month_cos dow_sin dow_cos doy_sin doy_cos is_wet_season is_christmas_season days_since_start price_lag_1d price_lag_2d price_lag_3d price_lag_7d price_lag_14d price_lag_30d price_rolling_mean_3d price_rolling_std_3d price_rolling_min_3d price_rolling_max_3d price_rolling_mean_7d price_rolling_std_7d price_rolling_min_7d price_rolling_max_7d price_rolling_mean_14d price_rolling_std_14d price_rolling_min_14d price_rolling_max_14d price_rolling_mean_30d price_rolling_std_30d price_rolling_min_30d price_rolling_max_30d price_volatility_14d price_pct_change_1d price_pct_change_7d price_expanding_mean price_deviation_from_mean price_rsi_14d price_macd price_macd_signal product_category_encoded product_name_encoded product_variant_encoded origin_encoded lstm_prediction
feature_infos=[0:6] [1:31] [1:365] [1:52] [1:12] [1:4] [2025:2026] [0:1] [0:1] [0:1] [-0.8660254037844386:1] [6.123233995736766e-17:1] [-0.97492791218182362:0.97492791218182362] [-0.90096886790241903:1] [-0.97410045517242061:0.99222220941793227] [0.12447926388678915:1] [0:1] [0:1] [4:166] [6.4699999999999998:753.08000000000004] [6.4699999999999998:753.08000000000004] [6.4699999999999998:753.08000000000004] [6.4699999999999998:753.08000000000004] [6.4699999999999998:753.08000000000004] [6.4699999999999998:753.08000000000004] [6.833333333333333:742.19999999999993] [0:292.85717753426047] [6.4699999999999998:730.26999999999998] [7.0800000000000001:753.08000000000004] [7.2928571428571427:724.43571428571431] [0:267.53338793859876] [6.4699999999999998:696.85000000000002] [8.1600000000000001:753.08000000000004] [8.218571428571428:691.56785714285718] [0:249.92695055832723] [6.4699999999999998:631.10000000000002] [9.8699999999999992:753.08000000000004] [8.6346666666666678:635.30466666666666] [0:218.93498654497441] [6.4699999999999998:563.14999999999998] [11:753.08000000000004] [0:0.91845808670309925] [-0.90804597701149425:9.875] [-0.8256961497474864:9.25] [8.8424731182795693:485.34543478260866] [-0.77083498013237373:4.127741360603844] [0:99.999161683674515] [-92.154776671823072:66.381441036083913] [-71.955962075782068:55.413746649756334] [0:8] [0:49] [0:53] [0:1] [6.7319620180130002:783.64351338863378]
tree_sizes=2731 2767 2758 2763 2766 2757 2739 2736 2737 2746 2759 2752 2764 2728 2758 2760 2740 2760 2757 2775 2742 2785 2769 2758 2777 2726 2765 2759 2755 2776 2779 2769 2779 2777 2779 2781 2762 2775 2787 2756 2788 2765 2810 2803 2795 2798 2818 2799 2799 2808 2797 2812 2780 2820 2808 2797 2789 2828 2799 2798 2798 2795 2796 2455 2820 2810 2809 2806 2813 2821 2820 2514 2648 2753 2410 2832 2647 2827 2534

Tree=0
num_leaves=31
num_cat=0
split_feature=43 45 53 47 38 51 47 47 51 53 45 45 43 20 21 19 38 50 19 46 43 29 53 45 41 45 53 45 45 19
split_gain=6.69805e+06 3.75654e+06 5.01595e+06 1.572e+06 1.9262e+06 1.7735e+06 1.38624e+06 933910 812327 750525 519304 342682 334030 295873 294508 273802 264668 216595 207091 157581 155469 141518 125834 280022 123416 119954 110036 98679 85518.3 76611.5
threshold=1.2672500000000002 -0.43536784824736569 208.62962342560294 0.68174993319540544 109.87395371880112 15.500000000000002 -3.7707471606786345 3.7457515240613621 3.5000000000000004 162.15656989455226 0.71165261904270061 0.072348453345569386 0.094059924283973237 156.62500000000003 96.620000000000019 384.23500000000007 50.343516299959589 33.500000000000007 264.08500000000004 46.787753463127466 0.097895415003037986 213.4264285714286 213.74444028854373 0.0045958694539359407 0.11189106690161854 0.6141185223032255 40.676773669719701 0.15789964072099069 0.71165261904270061 334.66500000000008
decision_type=2 2 2 2 2 2 2 2 2 2 2 2 2 2 2 2 2 2 2 2 2 2 2 2 2 2 2 2 2 2
left_child=1 2 9 4 8 7 21 11 16 20 13 -5 18 26 -14 29 27 -9 -10 -6 -1 28 -7 24 -24 -25 -8 -3 -2 -4
right_child=6 3 15 5 19 22 10 17 12 -11 -12 -13 14 -15 -16 -17 -18 -19 -20 -21 -22 -23 23 25 -26 -27 -28 -29 -30 -31
leaf_value=-6.2843677216028011 0.29045072392990523 -6.5054085458401305 -14.546665925672745 -8.8585858350023194 8.2455622980199514 -5.9368669118107364 -2.9103039460126254 -8.2275470118177854 -5.6995910679465647 -10.469260575223968 2.3519350710611109 -4.8396680129149132 -5.3944055448167436 -0.17160949844863715 -3.8370426095081513 -20.189561339664653 -0.24758104266774161 -12.887378737320391 -6.7019019181944062 2.2362064137262356 -1.7463229802049947 6.0128942161005989 -8.4620724999088743 -6.7028861109504954 -12.970332038680489 -4.1613500981107876 -5.6965019030668094 -3.1713108410673341 3.8309014107352395 -17.261296340668679
leaf_weight=335 23 28 53 194 20 1111 74 29 4754 130 59 73 1116 65 417 57 81 178 578 24 20 63 63 331 20 54 68 107 66 51
leaf_count=335 23 28 53 194 20 1111 74 29 4754 130 59 73 1116 65 417 57 81 178 578 24 20 63 63 331 20 54 68 107 66 51
internal_value=-5.80833 -6.07209 -9.75743 -5.81269 -5.46143 -7.03174 0.390472 -9.71395 -5.52624 -7.21896 -1.78615 -7.75978 -5.62123 -2.9656 -4.97078 -17.4044 -2.50711 -12.2346 -5.80824 4.96773 -6.0287 4.19955 -6.22656 -6.91429 -9.5484 -6.34641 -4.24454 -3.86283 2.91595 -15.8779
internal_weight=10242 9824 646 9178 7125 2053 418 474 7081 485 266 267 6865 207 1533 161 216 207 5332 44 355 152 1579 468 83 385 142 135 89 104
internal_count=10242 9824 646 9178 7125 2053 418 474 7081 485 266 267 6865 207 1533 161 216 207 5332 44 355 152 1579 468 83 385 142 135 89 104
is_linear=0
shrinkage=1


Tree=1
num_leaves=31
num_cat=0
split_feature=42 42 53 42 29 53 42 45 26 28 42 53 42 37 50 47 53 42 26 42 53 53 28 22 20 44 42 42 42 45
split_gain=9.4382e+06 8.06957e+06 2.14897e+06 2.06968e+06 1.4651e+06 1.45992e+06 847703 800491 554307 488876 412397 369083 352258 203516 188905 166318 134789 103750 86712.2 68410.1 129283 48469.4 46862.5 46463.3 43954.7 38890.2 34489.3 27061.7 26411.8 20411.9
threshold=0.92317842404615647 -0.51597286613235072 206.51283253848555 0.087211738572900085 191.17000000000002 360.44013387680064 -0.18929200902277651 0.71165261904270061 21.181325859166204 333.24000000000007 -0.17536864442696176 169.35308445692064 -0.05055410758058413 106.47200000000002 21.500000000000004 -3.873225821423794 426.60193920135504 0.43784595217201849 147.20699881462113 -0.022554747360277495 188.36246169805528 40.397019770145427 49.07500000000001 155.75000000000003 298.80500000000006 75.247064119455445 -0.81296208530805669 0.022377891809901445 0.16448201247384822 -0.44684972061973488
decision_type=2 2 2 2 2 2 2 2 2 2 2 2 2 2 2 2 2 2 2 2 2 2 2 2 2 2 2 2 2 2
left_child=1 2 14 5 7 10 -7 13 23 26 11 22 -8 -2 -1 17 -11 -10 -6 20 -12 -9 -3 -5 -19 -17 -4 -21 -27 -16
right_child=4 3 9 8 18 6 12 21 15 16 19 -13 -14 -15 29 25 -18 24 -20 27 -22 -23 -24 -25 -26 28 -28 -29 -30 -31
leaf_value=-4.9154279319985399 2.5002154538898096 0.034116283851016685 -9.1607284345124906 0.6076187467452514 10.919662981033326 -6.5976714641124277 -3.0777189172429149 9.2543657442418539 2.8619936120276357 -11.490531982075085 -0.092214381953793167 -3.3134953081964733 -0.56960251707557252 5.2879709923785674 -1.2499434453799674 1.1043508949839038 -15.948733120872863 3.8094836132866998 14.071769205729167 0.021081135879831236 -1.2539875941617149 7.1972632884979255 -0.93225031636512967 1.5125367537493537 6.3550752595413567 1.9518113999058018 -7.393603323001674 0.31121718530063686 2.6694118326451601 -2.5206060976085101
leaf_weight=103 152 171 38 883 80 111 278 82 102 88 1654 167 282 115 46 81 21 28 30 2892 280 44 471 169 43 278 101 1113 238 101
leaf_count=103 152 171 38 883 80 111 278 82 102 88 1654 167 282 115 46 81 21 28 30 2892 280 44 471 169 43 278 101 1113 238 101
internal_value=9.99143e-10 -0.344944 -6.54482 -0.0108315 6.67875 -0.381652 -2.60592 5.25111 1.49911 -9.84255 -0.160477 -1.21954 -1.8147 3.70093 -3.27347 2.51848 -12.3495 3.88357 11.7793 -0.0162128 -0.260413 8.53601 -0.674854 0.752991 5.35118 2.12291 -7.8767 0.101711 2.2828 -2.12298
internal_weight=10242 9739 498 9241 503 7419 671 393 1822 248 6748 809 560 267 250 770 109 173 110 5939 1934 126 642 1052 71 597 139 4005 516 147
internal_count=10242 9739 498 9241 503 7419 671 393 1822 248 6748 809 560 267 250 770 109 173 110 5939 1934 126 642 1052 71 597 139 4005 516 147
is_linear=0
shrinkage=0.05


Tree=2
num_leaves=31
num_cat=0
split_feature=42 42 19 42 28 42 42 19 30 33 19 19 42 26 19 33 42 42 19 42 28 40 22 42 42 43 39 26 21 42
split_gain=8.51798e+06 7.29907e+06 3.25904e+06 1.65292e+06 1.32229e+06 691673 639409 885102 610229 423360 373859 243416 232367 91764.1 88602.2 85976 83548.1 73745.7 73450.1 60457.4 46157.6 45197.4 38471.6 34840.5 33494.4 24468.6 23578.4 19194.5 18148.6 17685.4
threshold=0.92317842404615647 -0.31103904290937617 198.19500000000002 0.12327784910289057 283.39500000000004 2.4392836259826987 -0.084257334311234847 185.98000000000005 114.39683136237416 131.98857142857148 156.59500000000006 56.935000000000009 0.39818728059671082 147.20699881462113 58.595000000000006 280.20214285714292 0.025457520066646564 0.7505590033768369 243.21000000000004 -0.71168246445497607 93.575000000000017 206.37000000000003 218.75500000000002 -0.10889002113918213 0.22776875861734999 -0.45609569526757182 185.45500000000001 137.28111513672266 114.66000000000001 -0.032065983797342254
decision_type=2 2 2 2 2 2 2 2 2 2 2 2 2 2 2 2 2 2 2 2 2 2 2 2 2 2 2 2 2 2
left_child=1 2 10 6 5 11 7 20 19 17 14 -2 24 -10 -1 27 18 -5 28 25 -3 -13 -14 26 -11 -4 -9 -6 -8 -20
right_child=4 3 8 9 15 -7 16 23 13 12 -12 21 22 -15 -16 -17 -18 -19 29 -21 -22 -23 -24 -25 -26 -27 -28 -29 -30 -31
leaf_value=-0.48337822362969995 2.3355771704514825 -0.15350535806276042 -9.1422131100216433 0.64644150847938209 9.8367073490934569 8.522056235519111 0.11237612781907357 -2.1672838812921107 -10.599610006130195 2.0047796198257486 -4.51358907362994 4.6960302061247594 3.8618485750470848 -13.84782953898112 -2.0482326400602187 13.811845588684083 0.38146574649458076 1.8186677142713199 -1.1638928907411594 -6.5308525591265436 -0.89822543061366589 6.733405798834724 6.0615809482076894 -1.8052435651237582 2.8827342551826636 -7.284137568754308 -3.1062659753620299 11.358800394394819 -0.11296953702560175 -0.45714290477122338
leaf_weight=177 150 982 37 651 53 102 2180 82 79 401 119 103 35 30 185 24 1433 169 111 181 264 37 46 81 149 34 362 34 1514 437
leaf_count=177 150 982 37 651 53 102 2180 82 79 401 119 103 35 30 185 24 1433 169 111 181 264 37 46 81 149 34 362 34 1514 437
internal_value=-1.16348e-09 -0.327697 -4.77721 0.0933985 6.34482 4.98065 -0.207449 -1.03686 -8.3679 1.63724 -2.08232 3.73505 2.61084 -11.4936 -1.2831 11.1624 0.0513869 0.888034 -0.0601177 -7.0159 -0.311295 5.23448 5.11108 -2.75888 2.24263 -8.25243 -2.93285 10.4315 0.0200173 -0.600298
internal_weight=10242 9739 842 8897 503 392 7446 1771 361 1451 481 290 631 109 362 111 5675 820 4242 252 1246 140 81 525 550 71 444 87 3694 548
internal_count=10242 9739 842 8897 503 392 7446 1771 361 1451 481 290 631 109 362 111 5675 820 4242 252 1246 140 81 525 550 71 444 87 3694 548
is_linear=0
shrinkage=0.05


Tree=3
num_leaves=31
num_cat=0
split_feature=42 42 53 42 53 29 42 45 26 28 42 53 42 29 50 53 42 20 28 53 53 42 21 29 32 39 42 42 42 42
split_gain=7.68747e+06 6.5947e+06 1.74888e+06 1.68979e+06 1.19589e+06 1.19374e+06 724126 652051 456021 400434 340828 322659 290168 164242 153285 114546 94729 153422 73548.9 43725.3 41151.9 38753.2 38901.8 37837.4 36346.8 31956.5 27354.7 27350.7 22267.5 19692.5
threshold=0.92317842404615647 -0.51597286613235072 206.51283253848555 0.087211738572900085 352.17446391105653 191.17000000000002 -0.18929200902277651 0.71165261904270061 21.181325859166204 333.24000000000007 -0.13806132117855591 169.35308445692064 -0.05055410758058413 99.60071428571429 21.500000000000004 426.60193920135504 0.32351354709575825 298.80500000000006 408.45000000000005 63.255668194890028 40.397019770145427 0.0091087903412931191 162.34500000000003 126.85071428571429 94.925000000000011 138.42000000000004 -0.81296208530805669 -0.10889002113918213 -0.2682988692266608 0.17158807515283722
decision_type=2 2 2 2 2 2 2 2 2 2 2 2 2 2 2 2 2 2 2 2 2 2 2 2 2 2 2 2 2 2
left_child=1 2 14 4 10 7 -6 13 24 26 11 19 27 -2 -1 -11 25 23 -7 -3 -9 22 -12 -18 -5 -10 -4 -8 -13 -27
right_child=5 3 9 8 6 18 12 20 16 15 21 28 -14 -15 -16 -17 17 -19 -20 -21 -22 -23 -24 -25 -26 29 -28 -29 -30 -31
leaf_value=-4.4439771263344774 2.2278355804649563 -0.19142105358431027 -8.2553605129844261 0.47214293949992947 -5.9260354472472612 9.8761388173917446 -2.8970531808986588 8.3655443331090407 0.7106003494262696 -10.368034995685925 0.021764171167492699 -3.8124615735785912 -0.49720632247924335 4.7227946261397937 -1.9285467251628436 -14.477843293689546 1.765775624183145 5.4026180471692768 12.84417122432164 -0.94014081840331754 6.4700734441930594 0.240031136392969 -0.34202093330731748 3.2426709626850334 1.0972461452058138 1.7891051072948028 -6.6815932585461315 -1.8361378081050921 -2.5246443137623906 2.4441873942194761
leaf_weight=103 148 420 38 705 113 82 243 82 50 88 3293 43 313 119 147 21 101 56 28 364 44 1450 946 76 347 302 101 81 153 185
leaf_count=103 148 420 38 705 113 82 243 82 50 88 3293 43 313 119 147 21 101 56 28 364 44 1450 946 76 347 302 101 81 153 185
internal_value=-3.17134e-09 -0.311312 -5.91605 -0.00927149 -0.344336 6.02758 -2.2373 4.73891 1.35508 -8.89099 -0.131452 -0.992668 -1.58295 3.33982 -2.9649 -11.1598 2.27967 3.1216 10.6316 -0.539041 7.70363 0.0169033 -0.0594202 2.39992 0.678332 1.91437 -7.11183 -2.63182 -2.80718 2.03796
internal_weight=10242 9739 498 9241 7419 503 750 393 1822 248 6669 980 637 267 250 109 770 233 110 784 126 5689 4239 177 1052 537 139 324 196 487
internal_count=10242 9739 498 9241 7419 503 750 393 1822 248 6669 980 637 267 250 109 770 233 110 784 126 5689 4239 177 1052 537 139 324 196 487
is_linear=0
shrinkage=0.05


Tree=4
num_leaves=31
num_cat=0
split_feature=47 30 51 26 19 51 44 53 52 47 47 19 26 46 30 30 20 51 26 50 52 41 34 52 46 48 50 51 29 51
split_gain=2.83339e+06 2.17063e+06 1.88927e+06 1.72846e+06 2.19886e+06 1.09375e+06 883327 797326 644493 468061 349223 182678 813381 155528 337401 204123 154523 145109 141072 136077 123755 122293 91990.5 75313.4 71604.1 50238 47760.1 47040.3 42491.9 40240.7
threshold=0.96615683853200107 114.39683136237416 3.5000000000000004 123.61073226111363 298.80500000000006 15.500000000000002 58.514872747620934 65.503148145675667 1.0000000180025095e-35 3.7457515240613621 -0.88803118082188337 204.94000000000003 81.929508738490114 50.911814190938507 19.672505819574038 19.172948893660536 59.895000000000003 12.500000000000002 31.039640765812191 16.500000000000004 1.0000000180025095e-35 0.47030433202904165 50.762413514082645 1.0000000180025095e-35 51.709590888973395 -0.49998010196715748 28.500000000000004 11.500000000000002 256.87142857142862 1.0000000180025095e-35
decision_type=2 2 2 2 2 2 2 2 2 2 2 2 2 2 2 2 2 2 2 2 2 2 2 2 2 2 2 2 2 2
left_child=2 5 6 13 8 7 -1 -2 -5 18 22 -7 23 15 -15 -4 29 -17 -9 -11 -19 -3 -8 -13 -25 -16 -20 -21 -10 -12
right_child=1 21 3 4 -6 11 10 9 28 19 16 12 -14 14 25 17 -18 20 26 27 -22 -23 -24 24 -26 -27 -28 -29 -30 -31
leaf_value=7.3735146816645827 5.4634715868876533 -9.3709731847390358 0.097446830387986377 0.010382857145741583 -6.3814508179202676 -0.13532238057100685 2.3588528789006751 0.35700574353421954 8.661891988416512 -2.0321052526605543 0.00025446042418479918 -2.1397357021419094 -7.726095326741536 -0.0020580859569099795 -2.3598470370305908 -1.8356562939782937 1.5750710981090865 -0.24058031996246429 -3.2458151351338551 -3.7152390058224016 1.2074336864555058 -5.0349798415601263 4.1846441739270475 0.51738176607652331 -0.93932902665365325 -0.9620988132953644 -1.9233536012091879 -5.9962210936353388 10.650506547435386 -2.8112248229980472
leaf_weight=107 26 87 4089 20 32 985 130 44 48 29 20 71 45 1909 180 48 90 176 162 26 913 20 147 141 210 100 118 173 61 35
leaf_count=107 26 87 4089 20 32 985 130 44 48 29 20 71 45 1909 180 48 90 176 162 26 913 20 147 141 210 100 118 173 61 35
internal_value=-1.91078e-10 -1.61959 0.427028 0.225308 5.35064 -1.25374 3.31593 -3.09324 8.26093 -3.49627 2.28711 -0.521485 -1.33598 0.114023 -0.239795 0.262226 0.299094 0.854823 -2.27491 -5.2319 0.973411 -8.56051 3.32777 -0.654572 -0.354155 -1.86065 -2.68849 -5.6982 9.77479 -1.78887
internal_weight=10242 2137 8105 7576 161 2030 529 578 129 552 422 1452 467 7415 2189 5226 145 1137 324 228 1089 107 277 422 351 280 280 199 109 55
internal_count=10242 2137 8105 7576 161 2030 529 578 129 552 422 1452 467 7415 2189 5226 145 1137 324 228 1089 107 277 422 351 280 280 199 109 55
is_linear=0
shrinkage=0.05


Tree=5
num_leaves=31
num_cat=0
split_feature=42 42 53 42 33 45 42 53 34 33 53 42 37 53 33 53 42 42 19 42 53 19 45 42 42 45 19 39 42 53
split_gain=6.32855e+06 5.5077e+06 2.43972e+06 1.28225e+06 981170 533817 492815 668479 471867 327654 286290 181315 131659 82386.1 74570.3 68339.9 66011.4 58733 56808.9 42379.9 38974.6 37113 27847.5 27345.7 24729.4 22350.5 18573.5 17836.9 15215.6 14302.4
threshold=0.92317842404615647 -0.31103904290937617 208.62962342560294 0.12327784910289057 203.25071428571428 0.71165261904270061 -0.084257334311234847 192.85642050862313 111.65339816872377 131.98857142857148 162.15656989455226 0.39818728059671082 106.47200000000002 426.60193920135504 280.20214285714292 60.925143425464633 0.020850013431858865 0.7505590033768369 239.57000000000002 -0.71168246445497607 64.243457239866274 38.840000000000011 0.15789964072099069 0.18043215766341511 -0.10889002113918213 -0.29269402964811825 384.23500000000007 185.45500000000001 -0.032065983797342254 77.900909053683293
decision_type=2 2 2 2 2 2 2 2 2 2 2 2 2 2 2 2 2 2 2 2 2 2 2 2 2 2 2 2 2 2
left_child=1 2 10 6 5 12 7 20 19 17 15 23 -2 26 -6 -1 18 -5 29 25 -3 -7 -13 -11 27 -4 -10 -9 -20 -8
right_child=4 3 8 9 14 21 16 24 13 11 -12 22 -14 -15 -16 -17 -18 -19 28 -21 -22 -23 -24 -25 -26 -27 -28 -29 -30 -31
leaf_value=-0.43134884822569541 2.0522036048926804 -0.066050219284618739 -8.0695281751228105 0.56838645204206428 8.9212505860762175 7.5948966607814885 0.16551974996880092 -1.8870337148992027 -8.7617746390548401 1.6809984584221476 -3.9390983187462676 3.3609630048274997 4.3056996100771743 -12.935597763061523 12.065485922495526 -1.8036978865958551 0.32415164339403685 1.6145131880009669 -1.0442659605920841 -5.6739083593784096 -0.64604476034380987 5.7948444193059752 5.2573761609135845 2.398070554521349 -1.6028994154047085 -6.29086221393786 -10.233317194758236 -2.7037277435070903 -0.3952978448217942 -0.051685168973192266
leaf_weight=178 152 788 33 651 88 82 1093 82 51 325 121 32 113 20 24 185 1547 169 113 179 458 44 49 225 81 38 37 362 450 2472
leaf_count=178 152 788 33 651 88 82 1093 82 51 325 121 32 113 20 24 185 1547 169 113 179 458 44 49 225 81 38 37 362 450 2472
internal_value=-3.47766e-09 -0.28246 -4.14759 0.0833305 5.46894 4.28704 -0.181646 -0.909801 -7.27702 1.44309 -1.83284 2.29961 3.01313 -10.0388 9.59502 -1.13076 0.0455901 0.783991 -0.058803 -6.08391 -0.279242 6.96631 4.50818 1.97435 -2.40633 -7.11757 -9.38049 -2.5529 -0.525553 0.0149081
internal_weight=10242 9739 842 8897 503 391 7446 1771 358 1451 484 631 265 108 112 363 5675 820 4128 250 1246 126 81 550 525 71 88 444 563 3565
internal_count=10242 9739 842 8897 503 391 7446 1771 358 1451 484 631 265 108 112 363 5675 820 4128 250 1246 126 81 550 525 71 88 444 563 3565
is_linear=0
shrinkage=0.05


Tree=6
num_leaves=31
num_cat=0
split_feature=45 47 47 45 45 51 47 45 51 47 30 19 45 49 39 19 30 45 19 19 19 53 30 45 53 19 45 19 29 19
split_gain=2.76447e+06 2.09724e+06 1.81145e+06 1.69014e+06 815241 666583 558436 530471 526005 468501 327451 289436 258153 255874 248125 234488 229967 212493 199380 168069 138595 117917 113163 89511.3 68478.6 48935.7 48605.7 46593.6 45281.2 43329.4
threshold=0.31638453410256528 3.563305699387215 -3.7707471606786345 -0.21390086863543697 -0.70777716561092163 14.500000000000002 0.68174993319540544 -0.43536784824736569 6.5000000000000009 -40.728027257026788 84.553313792482939 257.71500000000009 0.058741142559842342 4.5000000000000009 27.650000000000002 359.77500000000003 84.553313792482939 0.71165261904270061 345.72000000000008 160.09500000000003 264.08500000000004 92.497911597490329 115.94331897835757 -0.28571381099941973 407.21878930926329 156.59500000000006 0.6141185223032255 57.960000000000008 116.24500000000002 208.95500000000001
decision_type=2 2 2 2 2 2 2 2 2 2 2 2 2 2 2 2 2 2 2 2 2 2 2 2 2 2 2 2 2 2
left_child=1 4 16 10 11 -5 9 15 14 -6 19 -1 20 -14 -4 25 17 -2 23 -3 -11 27 24 -9 -10 -8 -26 -16 -21 -7
right_child=2 3 8 5 6 29 7 18 22 12 -12 -13 13 -15 21 -17 -18 -19 -20 28 -22 -23 -24 -25 26 -27 -28 -29 -30 -31
leaf_value=-2.7786335454881192 2.8767607794617707 -0.67816079333424573 6.0183490459124256 -5.0864992479260049 7.1323322908331948 -0.020367469743388003 -1.6001961384064114 -1.7082666473481263 0.56968340363776437 0.069539426258263162 -8.931650090217591 -11.183163216000512 1.7537278673896506 0.2741885171358841 2.2396154649186846 -8.6770987423983481 8.6281093686126002 7.1279024413137719 -2.0028792282938959 -7.0491151307758528 -0.7697153640756621 0.0088580171533283736 3.3025416952722213 -0.14713997503780557 -1.8494868898391723 -3.7993007434739008 0.84726091225941991 3.8606606833542454 -5.0516739555767609 -1.1754385395204141
leaf_weight=20 53 20 60 89 24 310 39 103 436 5230 76 21 438 878 101 22 86 66 215 38 543 42 34 846 55 72 24 79 112 110
leaf_count=20 53 20 60 89 24 310 39 103 436 5230 76 21 438 878 101 22 86 66 215 38 543 42 34 846 55 72 24 79 112 110
internal_value=-1.5998e-09 -0.275568 2.44872 -2.80044 -0.049999 -1.15582 -0.0157101 -0.969857 1.41029 0.158271 -6.20334 -7.08339 0.13466 0.766619 3.16548 -3.9613 6.65818 5.23454 -0.628051 -4.98363 -0.00939966 2.39444 0.508708 -0.316577 0.324261 -3.02664 -1.03022 2.95107 -5.55769 -0.322886
internal_weight=10242 9206 1036 755 8451 509 8410 1297 831 7113 246 41 7089 1316 282 133 205 119 1164 170 5773 222 549 949 515 111 79 180 150 420
internal_count=10242 9206 1036 755 8451 509 8410 1297 831 7113 246 41 7089 1316 282 133 205 119 1164 170 5773 222 549 949 515 111 79 180 150 420
is_linear=0
shrinkage=0.05


Tree=7
num_leaves=31
num_cat=0
split_feature=43 45 53 30 47 51 47 47 51 53 45 53 45 43 19 34 21 47 53 50 43 45 53 28 47 45 38 47 46 35
split_gain=3.32276e+06 1.92018e+06 2.51664e+06 992363 727481 873370 690260 461016 414588 379419 250327 231858 184848 181968 168308 149020 148263 109435 106640 101765 90994.4 75563.1 105468 63772.8 57493.8 52106.6 46936.8 37096.8 33881.4 31464.8
threshold=1.2672500000000002 -0.43536784824736569 208.62962342560294 114.39683136237416 0.68174993319540544 15.500000000000002 -3.7707471606786345 3.7457515240613621 3.5000000000000004 162.15656989455226 0.71165261904270061 160.3277776908875 0.072348453345569386 0.075321049027007203 384.23500000000007 50.762413514082645 96.620000000000019 -0.84817732451583783 274.7412776488066 33.500000000000007 0.097895415003037986 0.55212432209304374 219.08551939189439 381.90000000000003 4.4727456710067139 0.15789964072099069 51.371566428939353 -5.4206455614318889 52.959464969920326 55.395000000000003
decision_type=2 2 2 2 2 2 2 2 2 2 2 2 2 2 2 2 2 2 2 2 2 2 2 2 2 2 2 2 2 2
left_child=1 2 9 4 8 7 23 12 15 20 17 -5 -6 18 -4 25 -15 26 -10 -9 29 22 -7 27 -16 -3 -8 -2 -23 -1
right_child=6 3 14 11 5 21 10 19 13 -11 -12 -13 -14 16 24 -17 -18 -19 -20 -21 -22 28 -24 -25 -26 -27 -28 -29 -30 -31
leaf_value=-0.87863022502511745 6.9160074758005665 -0.55578796054635737 -7.0403253812056326 9.7464231109619135 -2.185294617205551 -0.14366617879707075 1.9057774747672835 -1.7756348142079241 0.067757631105605856 -3.3335472306379907 5.7031130863448318 2.9885344761339105 0.76639780657340406 0.30006688351831434 -12.580707206726075 4.1041510300758564 1.3664900011733541 0.25305331036929163 -0.65457638630234616 -4.9697142209899567 3.0999448670446874 1.9739174327850344 -1.116351134812219 8.8277449156108663 -9.2533305400126693 1.8601199893314733 3.7070491425369099 4.6684751029247824 0.0077157009870578086 0.09149139390420169
leaf_weight=160 91 28 104 30 194 1111 76 29 4652 130 59 22 73 1189 20 78 449 62 574 178 20 50 372 38 37 110 69 23 39 175
leaf_count=160 91 28 104 30 194 1111 76 29 4652 130 59 22 73 1189 20 78 449 62 574 178 20 50 372 38 37 110 69 23 39 175
internal_value=9.66047e-10 -0.185768 -2.82061 -0.00031282 -0.0395586 -0.869991 4.36599 -2.75127 0.200422 -1.02254 2.83007 6.88732 -1.37828 0.132549 -8.23715 2.35729 0.592389 2.01118 -0.0115802 -4.52223 -0.176256 -0.302735 -0.387657 7.05385 -10.4208 1.36994 2.76293 6.46256 1.11232 -0.37185
internal_weight=10242 9824 646 9178 9126 2046 418 474 7080 485 266 52 267 6864 161 216 1638 207 5226 207 355 1572 1483 152 57 138 145 114 89 335
internal_count=10242 9824 646 9178 9126 2046 418 474 7080 485 266 52 267 6864 161 216 1638 207 5226 207 355 1572 1483 152 57 138 145 114 89 335
is_linear=0
shrinkage=0.05


Tree=8
num_leaves=31
num_cat=0
split_feature=43 47 30 51 47 43 40 30 52 44 47 43 53 51 22 53 53 53 22 50 40 51 32 43 53 53 53 49 44 27
split_gain=2.99879e+06 1.61315e+06 1.49282e+06 941429 622960 325117 382084 413573 458126 356228 321467 286964 291282 180075 165719 214961 158430 125902 99394.7 91448 77376.8 62841.2 59145.8 47869.8 74516.3 42520.8 37792.3 33983.4 33157.6 42210.8
threshold=1.2672500000000002 1.2354739428496873 114.39683136237416 14.500000000000002 -3.7707471606786345 0.10472872205619688 598.65500000000009 115.94331897835757 1.0000000180025095e-35 252.60521028318459 3.7457515240613621 -0.39854774535809018 208.62962342560294 1.0000000180025095e-35 37.625000000000007 166.02549870014192 274.7412776488066 267.97878285408024 310.06000000000006 33.500000000000007 206.37000000000003 11.500000000000002 382.8250000000001 -0.0061916082814323743 219.08551939189439 206.51283253848555 40.676773669719701 4.5000000000000009 279.23032941176479 153.64500000000001
decision_type=2 2 2 2 2 2 2 2 2 2 2 2 2 2 2 2 2 2 2 2 2 2 2 2 2 2 2 2 2 2
left_child=1 5 3 10 22 6 7 13 -9 27 19 12 -5 -1 26 20 18 -15 -11 -3 -16 -21 -2 24 -13 -12 -6 -7 29 -4
right_child=4 2 28 11 14 9 -8 8 -10 16 25 23 -14 17 15 -17 -18 -19 -20 21 -22 -23 -24 -25 -26 -27 -28 -29 -30 -31
leaf_value=2.3296794866553592 6.111733425089291 -2.4532606770548058 -7.6004577052836515 -0.57281552559250726 1.9963350837295122 1.0778105683573005 -5.9628369048789693 -1.6129222005267037 7.4534759985773196 2.5277815183304781 -2.6980191813574899 -0.16450944742162343 -6.4466984284229767 0.0090890416578430378 3.4016049328496898 -0.31330959475957432 1.3137841780314117 -0.7027698480375536 5.3838961427861998 1.1295980224385858 5.9311722724668448 -1.8885695911505644 8.3515623092651374 -0.017434876936860324 -1.4557149906184792 -4.8282051953892253 0.15885380150543318 0.26222807718341989 -8.7608931756788682 -4.9211467771303088
leaf_weight=79 112 212 49 46 74 144 27 22 38 99 27 292 39 5392 59 26 246 702 44 35 62 34 40 757 181 177 45 1130 31 21
leaf_count=79 112 212 49 46 74 144 27 22 38 99 27 292 39 5392 59 26 246 702 44 35 62 34 40 757 181 177 45 1130 31 21
internal_value=3.28841e-09 -0.17648 -1.48451 -1.15261 4.14769 0.137361 -0.0277221 -0.00201249 4.12913 0.758782 -3.03548 -0.458167 -3.26789 -0.0421661 2.68857 3.81144 2.08312 -0.0729137 3.40659 -1.93867 4.69775 -0.357615 6.70116 -0.263999 -0.658607 -4.54627 1.30149 0.354413 -7.39955 -6.79666
internal_weight=10242 9824 1901 1800 418 7923 6260 6233 60 1663 485 1315 85 6173 266 147 389 6094 143 281 121 69 152 1230 473 204 119 1274 101 70
internal_count=10242 9824 1901 1800 418 7923 6260 6233 60 1663 485 1315 85 6173 266 147 389 6094 143 281 121 69 152 1230 473 204 119 1274 101 70
is_linear=0
shrinkage=0.05


Tree=9
num_leaves=31
num_cat=0
split_feature=42 42 34 53 42 53 45 29 19 42 42 29 53 33 42 40 19 53 42 42 51 19 53 40 53 42 30 45 42 31
split_gain=4.48077e+06 3.54557e+06 1.3427e+06 978052 843484 845064 659921 261072 240708 211443 168433 123875 89227 78099.6 76531.6 64069.9 58141.2 49881.1 42448.8 37893.2 35808.9 35706.5 26879 25652.4 23162.1 28142.1 16410.7 14999.4 11215.8 11206.6
threshold=0.20973588381644745 -0.51597286613235072 78.484871208584096 208.62962342560294 -0.10889002113918213 169.35308445692064 0.71165261904270061 99.60071428571429 381.53000000000003 0.076400183228570687 -0.2682988692266608 213.4264285714286 162.15656989455226 280.20214285714292 0.39818728059671082 419.2050000000001 325.71000000000009 63.750543947815906 0.7505590033768369 -0.035759686749976351 19.500000000000004 38.840000000000011 304.58080179870132 297.38500000000005 77.069288759231583 -0.026723061761216825 26.761194565611227 0.42917815082091676 -0.38204699618148263 35.150000000000006
decision_type=2 2 2 2 2 2 2 2 2 2 2 2 2 2 2 2 2 2 2 2 2 2 2 2 2 2 2 2 2 2
left_child=1 3 6 12 5 17 7 18 20 16 22 -11 -1 27 -9 -10 24 -3 -2 -18 -5 -8 -7 -16 -6 -26 -12 -4 -19 -20
right_child=2 4 13 8 9 10 21 14 15 11 26 -13 -14 -15 23 -17 19 28 29 -21 -22 -23 -24 -25 25 -27 -28 -29 -30 -31
leaf_value=-1.4987902589395743 0.72185955481337649 -0.1288408546396537 6.7456777367225058 -5.103415314032107 0.16235732605264985 -3.0802395258194366 6.2450581015610114 2.1643611866891668 -8.2152646278848458 0.33999696379948047 -1.6536672864641464 1.4241037838599262 -3.4125156732705926 10.367563343048097 3.2176778318176811 -11.516209447951546 -1.4274972821226215 -1.4280723829118034 1.0231983717173747 -0.31869787016682904 -6.5340387899664378 4.5390757405028053 -4.6278140830993655 4.5653119594492813 -0.3699676670581421 0.013726843092211442 -2.3685402282871459 8.0680723905563365 -0.69985814609063801 1.7293214930862679
leaf_weight=147 280 803 65 98 1944 39 82 209 49 744 105 408 104 24 142 21 101 63 73 325 79 49 100 47 585 2610 341 32 329 244
leaf_count=147 280 803 65 98 1944 39 82 209 49 744 105 408 104 24 142 21 101 63 73 325 79 49 100 47 585 2610 341 32 329 244
internal_value=-2.0227e-09 -0.389392 2.8088 -4.48983 -0.149069 -1.1168 2.27097 1.83176 -6.72353 0.107378 -2.67388 0.723951 -2.29173 7.81379 2.8237 -9.20555 -0.0202579 -0.354545 1.17047 -0.581582 -5.74194 5.60694 -4.1936 3.5528 0.0262733 -0.0565271 -2.20024 7.18193 -0.816893 1.56671
internal_weight=10242 8995 1247 498 8497 1780 1126 995 247 6717 585 1152 251 121 398 70 5565 1195 597 426 177 131 139 189 5139 3195 446 97 392 317
internal_count=10242 8995 1247 498 8497 1780 1126 995 247 6717 585 1152 251 121 398 70 5565 1195 597 426 177 131 139 189 5139 3195 446 97 392 317
is_linear=0
shrinkage=0.05


Tree=10
num_leaves=31
num_cat=0
split_feature=42 42 34 53 42 53 42 27 19 42 42 20 42 53 32 53 19 53 42 42 19 53 50 53 42 19 26 51 42 49
split_gain=4.0439e+06 3.19987e+06 1.21179e+06 882692 761244 762670 574249 259626 217239 190827 152010 111906 82951.3 80527.3 71439.4 58692.1 52472.4 45017.7 42101.6 34198.6 33827.4 24258.3 23382.5 20911.2 25389.1 14688.4 12787.1 11783.7 10153.7 9927.49
threshold=0.20973588381644745 -0.51597286613235072 78.484871208584096 208.62962342560294 -0.10889002113918213 169.35308445692064 2.4392836259826987 57.45000000000001 381.53000000000003 0.076400183228570687 -0.2682988692266608 233.38500000000002 0.39818728059671082 162.15656989455226 416.30000000000007 426.60193920135504 325.71000000000009 63.750543947815906 0.78572091644853348 -0.035759686749976351 334.66500000000008 304.58080179870132 33.500000000000007 77.900909053683293 -0.022554747360277495 220.30000000000004 137.28111513672266 18.500000000000004 -0.42968750525309984 5.5000000000000009
decision_type=2 2 2 2 2 2 2 2 2 2 2 2 2 2 2 2 2 2 2 2 2 2 2 2 2 2 2 2 2 2
left_child=1 3 6 13 5 17 7 18 20 16 21 -11 -9 29 26 -10 23 -3 -2 -18 27 -7 -14 -6 -25 -12 -4 -5 -19 -1
right_child=2 4 14 8 9 10 -8 12 15 11 25 -13 22 -15 -16 -17 19 28 -20 -21 -22 -23 -24 24 -26 -27 -28 -29 -30 -31
leaf_value=-1.7011504069413288 0.72828577500692659 -0.12239881164973061 6.3740949842664936 -4.7659925686415807 0.15288248182829886 -2.9262275695800781 5.7350941115734626 2.0636018532458866 -7.7974586486816406 0.3276543849992371 -1.2440899423930958 1.3621547195976811 3.1119735834481834 -3.241889790388254 9.7454197516808136 -10.956832304454986 -1.356122413012061 -1.3806018619214075 1.5641298696297368 -0.30276297560678084 -6.7550881997132919 -4.39642333984375 4.2618263363838196 -0.32431724492258973 0.019686998447348971 -2.1875344259738925 7.6014547586441044 -5.7515958319769966 -0.6689347961643437 -0.81499708839084795
leaf_weight=101 309 803 63 93 1970 39 102 214 49 751 46 401 143 104 26 21 101 59 294 325 39 100 64 684 2485 400 32 45 333 46
leaf_count=101 309 803 63 93 1970 39 102 214 49 751 46 401 143 104 26 21 101 59 294 325 39 100 64 684 2485 400 32 45 333 46
internal_value=1.10436e-09 -0.369922 2.66836 -4.26534 -0.141616 -1.06096 2.15742 1.80105 -6.38735 0.102009 -2.54018 0.687754 2.75387 -2.17714 7.4231 -8.74527 -0.019245 -0.336818 1.13581 -0.552503 -5.45484 -3.98392 3.46748 0.0249597 -0.0545632 -2.09023 6.78752 -5.08738 -0.776048 -1.42385
internal_weight=10242 8995 1247 498 8497 1780 1126 1024 247 6717 585 1152 421 251 121 70 5565 1195 603 426 177 139 207 5139 3169 446 95 138 392 147
internal_count=10242 8995 1247 498 8497 1780 1126 1024 247 6717 585 1152 421 251 121 70 5565 1195 603 426 177 139 207 5139 3169 446 95 138 392 147
is_linear=0
shrinkage=0.05


Tree=11
num_leaves=31
num_cat=0
split_feature=42 42 34 53 42 53 45 26 19 42 42 36 53 33 22 19 53 37 42 42 53 19 53 42 40 24 21 30 42 26
split_gain=3.64962e+06 2.88789e+06 1.09364e+06 796630 687023 688310 539446 216835 196058 172221 137189 101055 72675.9 66394.3 56873.1 47356.4 40628.5 39226.3 49705.4 31046 30970.4 29536.4 21893.1 19953.9 19626.5 19154.2 18228.7 14517.5 12723.9 12364.4
threshold=0.20973588381644745 -0.51597286613235072 78.484871208584096 208.62962342560294 -0.10889002113918213 169.35308445692064 0.71165261904270061 28.770683285271183 381.53000000000003 0.076400183228570687 -0.2682988692266608 246.58000000000001 162.15656989455226 280.20214285714292 400.13000000000005 325.71000000000009 63.750543947815906 106.47200000000002 0.43784595217201849 -0.020809453193666051 264.1016729986668 38.840000000000011 304.58080179870132 0.014179540730323285 286.01500000000004 26.500000000000004 162.34500000000003 22.788905638079985 0.6503182461103254 128.76898143362664
decision_type=2 2 2 2 2 2 2 2 2 2 2 2 2 2 2 2 2 2 2 2 2 2 2 2 2 2 2 2 2 2
left_child=1 3 6 12 5 16 7 25 20 15 22 -11 -1 29 -10 23 -3 -9 -19 -17 -5 -8 -7 26 -20 -2 -6 -12 -27 -4
right_child=2 4 13 8 9 10 21 17 14 11 27 -13 -14 -15 -16 19 -18 18 24 -21 -22 -23 -24 -25 -26 28 -28 -29 -30 -31
leaf_value=-1.3526581999395981 0.25566327725903371 -0.11627887236499512 5.9106392295993109 -4.7380259967241134 0.029135134864956669 -2.7799161959917118 5.6460506160084805 1.6320177879333497 -7.343145418167115 0.30591743929389348 -1.3012260776577573 1.2845506235556383 -3.0797953513952403 9.4065800825754806 -10.413159734552558 -1.1872415142059327 -0.73724555275878134 2.0947591410185162 2.93854061126709 -0.24981004769923137 -6.1671458920565527 4.0944527728216995 -4.1766021728515623 0.20192484481992545 4.1216079950332647 0.79802717608074814 -0.22407343245215694 -2.1046023441615858 1.353551315538811 7.039717475573223
leaf_weight=147 89 803 49 122 3005 39 82 125 48 743 66 409 104 24 22 125 392 190 130 301 55 49 100 1203 48 215 931 380 198 48
leaf_count=147 89 803 49 122 3005 39 82 125 48 743 66 409 104 24 22 125 392 190 130 301 55 49 100 1203 48 215 931 380 198 48
internal_value=1.55001e-09 -0.351426 2.53495 -4.05207 -0.134535 -1.00791 2.04955 1.65245 -6.06799 0.0969085 -2.41317 0.653366 -2.06828 7.05195 -8.30801 -0.0182828 -0.319977 2.39727 2.65721 -0.524878 -5.1821 5.06568 -3.78473 0.0237117 3.25757 0.920982 -0.0307574 -1.98572 1.06436 6.46936
internal_weight=10242 8995 1247 498 8497 1780 1126 995 247 6717 585 1152 251 121 70 5565 1195 493 368 426 177 131 139 5139 178 502 3936 446 413 97
internal_count=10242 8995 1247 498 8497 1780 1126 995 247 6717 585 1152 251 121 70 5565 1195 493 368 426 177 131 139 5139 178 502 3936 446 413 97
is_linear=0
shrinkage=0.05


Tree=12
num_leaves=31
num_cat=0
split_feature=42 42 19 38 42 42 19 32 27 42 19 20 42 32 2 51 19 42 19 21 42 42 50 2 42 42 26 22 42 19
split_gain=3.29378e+06 2.61023e+06 1.13049e+06 987434 468648 396133 415309 231585 213724 142028 127534 91326.9 65936.3 59805.8 57944.5 46604.3 34417.6 34292 28740.5 27131.7 25086.2 22994.7 20154.3 14936.2 13738.2 11218.3 9493.62 8743.39 8349.01 8222.31
threshold=0.20973588381644745 -0.33204436630696382 198.19500000000002 88.728598100266581 2.4392836259826987 -0.084257334311234847 211.03000000000003 399.83500000000009 55.800000000000004 0.076400183228570687 156.59500000000006 233.38500000000002 0.39818728059671082 416.30000000000007 25.500000000000004 18.500000000000004 56.935000000000009 0.78572091644853348 70.495000000000019 121.74500000000002 -0.24207231249042255 -0.015811842301667513 33.500000000000007 66.500000000000014 0.032737165935767545 -0.10889002113918213 137.28111513672266 167.36000000000004 1.4579817700118201 269.43500000000006
decision_type=2 2 2 2 2 2 2 2 2 2 2 2 2 2 2 2 2 2 2 2 2 2 2 2 2 2 2 2 2 2
left_child=1 2 10 4 8 6 18 15 17 19 16 -11 27 26 -9 -4 -1 -2 -3 -7 -8 29 -14 -17 -23 -22 -5 -10 -19 -21
right_child=3 5 7 13 -6 9 20 14 12 11 -12 -13 22 -15 -16 23 -18 28 -20 21 25 24 -24 -25 -26 -27 -28 -29 -30 -31
leaf_value=-0.35276714627231875 0.6474813345892757 -0.068726550726728008 -4.1113391098768819 5.7719912252118517 5.1812487209544464 0.10328229880295098 -3.0750595743005928 -10.103357963562011 1.0209060827891032 0.29538939609508541 -2.8311165096379129 1.2299414719132118 2.7858894511357253 8.8424395634577824 -6.8900714793103806 -6.0213138509679727 -1.3693693384528161 1.1752549957661402 -0.55629626105166585 -0.30785119059032567 -1.9348050050957259 -0.084743160073188856 3.8467549085617065 -4.7555214719074526 0.41967675322415054 -1.2703560741324174 6.8324138879776006 1.9834359551496048 1.7161506945087064 -0.77476701345294718
leaf_weight=147 306 825 184 62 102 3061 44 20 27 751 119 401 149 26 47 54 192 168 477 358 387 1535 64 41 148 76 32 187 124 128
leaf_count=147 306 825 184 62 102 3061 44 20 27 751 119 401 149 26 47 54 192 168 477 358 387 1535 64 41 148 76 32 187 124 128
internal_value=-1.43514e-10 -0.333855 -3.05248 2.4082 1.94909 -0.0670041 -0.720106 -5.20958 1.62745 0.11812 -1.42288 0.620698 2.48187 6.72003 -7.84926 -4.57568 -0.928542 1.01735 -0.247352 0.00741828 -1.93416 -0.12787 3.10465 -5.47502 -0.0403854 -1.82574 6.13299 1.862 1.40495 -0.430825
internal_weight=10242 8995 804 1247 1127 8191 1809 346 1025 6382 458 1152 427 120 67 279 339 598 1302 5230 507 2169 213 95 1683 463 94 214 292 486
internal_count=10242 8995 804 1247 1127 8191 1809 346 1025 6382 458 1152 427 120 67 279 339 598 1302 5230 507 2169 213 95 1683 463 94 214 292 486
is_linear=0
shrinkage=0.05


Tree=13
num_leaves=31
num_cat=0
split_feature=43 19 31 30 22 27 43 19 19 32 35 52 43 49 19 51 51 19 43 1 51 33 28 20 41 51 19 51 51 19
split_gain=1.79497e+06 969563 1.09076e+06 431753 340261 276794 256433 562322 223894 204732 201344 175338 152332 145678 129607 90426.3 113992 82935.2 66930.2 64379.5 57461 54886.6 46680.4 45804.9 45505.2 41055.2 35998.3 31847.4 28042.8 25559.3
threshold=1.2672500000000002 350.50500000000005 272.99000000000007 115.94331897835757 37.625000000000007 249.32000000000002 -0.17751518078367529 156.59500000000006 159.24500000000003 365.09500000000008 138.89500000000001 1.0000000180025095e-35 -0.10719869403513317 5.5000000000000009 304.31000000000006 1.0000000180025095e-35 1.5000000000000002 59.195000000000007 0.094059924283973237 18.500000000000004 12.500000000000002 289.8085714285715 388.57000000000005 318.4550000000001 0.50885907041082212 11.500000000000002 89.600000000000009 15.500000000000002 19.500000000000004 39.07500000000001
decision_type=2 2 2 2 2 2 2 2 2 2 2 2 2 2 2 2 2 2 2 2 2 2 2 2 2 2 2 2 2 2
left_child=1 3 5 6 29 21 7 17 13 15 24 -5 -4 -6 23 26 -17 28 27 -13 -7 -3 -15 -11 -9 -16 -8 -14 -1 -2
right_child=4 2 12 11 8 20 9 10 -10 14 -12 19 18 22 25 16 -18 -19 -20 -21 -22 -23 -24 -25 -26 -27 -28 -29 -30 -31
leaf_value=0.92963664575534721 1.5697608032742063 -5.677524215296696 -1.9204264394396189 0.13938690062612297 2.5692687089892403 -3.7146517068147662 2.2454745850196249 -2.8922308349609374 -0.30660884827375412 3.5707344512939452 -1.2318118730259058 7.3876622860248276 -1.6269098690882022 4.9128343749464607 1.3040630400759503 -1.737327659279108 0.054214443209944285 -0.76274295054365138 0.93154944532057815 3.614363376200199 -1.7105057289725858 -8.4490757335316058 7.0511735153198245 1.7375801607200476 -4.5723177174159462 0.037647171940698609 -0.020440775187065205 -0.24697214077962074 0.053492403244216981 0.088306856558968638
leaf_weight=102 74 95 151 20 69 96 65 95 26 50 195 26 49 171 103 90 6602 339 119 20 57 22 30 107 70 169 24 285 873 48
leaf_count=102 74 95 151 20 69 96 65 95 26 50 195 26 49 171 103 90 6602 339 119 20 57 22 30 107 70 169 24 285 873 48
internal_value=-1.07856e-10 -0.136537 -1.72607 0.0186868 3.20894 -4.36796 -0.0112458 -0.568743 4.12479 0.118193 -2.31952 4.04779 -0.545092 4.55152 1.17748 0.0511767 0.0301202 -0.0890777 -0.0866474 5.7471 -2.96801 -6.19867 5.23199 2.32139 -3.60499 0.517209 1.63444 -0.449418 0.145151 0.986894
internal_weight=10242 9824 874 8950 418 270 8884 1674 296 7210 360 66 604 270 429 6781 6692 1314 453 46 153 117 201 157 165 272 89 334 975 122
internal_count=10242 9824 874 8950 418 270 8884 1674 296 7210 360 66 604 270 429 6781 6692 1314 453 46 153 117 201 157 165 272 89 334 975 122
is_linear=0
shrinkage=0.05


Tree=14
num_leaves=31
num_cat=0
split_feature=42 42 34 19 42 19 45 29 37 42 42 36 27 29 19 42 19 42 21 42 19 19 40 42 30 26 42 19 23 51
split_gain=2.74846e+06 2.18642e+06 806726 588135 528013 536703 389741 160367 148047 125715 106648 78184.3 62712 54799.7 50144.5 45844.6 28639.7 25879.5 24748.8 24629.3 23086.2 22840.5 15832.1 13896.8 11654.1 9956.09 9790.79 9422.44 9103.19 8723.59
threshold=0.20973588381644745 -0.51597286613235072 78.484871208584096 198.19500000000002 -0.088359792157756925 163.68000000000004 0.71165261904270061 99.60071428571429 289.42183333333338 0.076400183228570687 -0.25670281265548617 246.58000000000001 149.29500000000004 272.93142857142863 156.59500000000006 0.39818728059671082 61.280000000000008 0.7505590033768369 140.44500000000002 -0.032065983797342254 37.625000000000007 288.96500000000009 280.0800000000001 0.032737165935767545 22.788905638079985 125.23882039261365 -0.42968750525309984 26.500000000000004 26.500000000000004 18.500000000000004
decision_type=2 2 2 2 2 2 2 2 2 2 2 2 2 2 2 2 2 2 2 2 2 2 2 2 2 2 2 2 2 2
left_child=1 3 6 14 5 16 7 17 12 18 21 -11 29 25 -1 -9 27 -2 -6 -20 -8 -7 -17 -21 -12 -4 -18 -3 -19 -5
right_child=2 4 13 8 9 10 20 15 -10 11 24 -13 -14 -15 -16 22 26 28 19 23 -22 -23 -24 -25 -26 -27 -28 -29 -30 -31
leaf_value=-1.2107082685379134 0.57684727645080003 0.15655560080595168 4.8768796682357793 -3.9714481804960524 0.084478486744721498 -2.2477617872522231 4.8681272812831553 1.7125370999842742 -9.368708972930909 0.27305904098988226 -1.155570345123609 1.1338546706878176 -5.990780821079162 8.4705178451538092 -2.6514501460547586 2.5052139247420935 -1.1874892905607062 0.39214340417549531 -0.59460929611972135 -0.11324659246814342 3.5018007160425189 -3.5739365096319293 3.5299399009117716 0.40700175303965813 -1.7688801129262643 5.9439071378846107 -0.49763145149497323 -0.20107812243837042 1.3215401306748391 -4.7704319671348285
leaf_weight=146 280 253 32 93 3364 47 81 209 20 743 96 409 82 20 103 137 59 29 258 1544 50 105 52 140 401 69 401 677 288 54
leaf_count=146 280 253 32 93 3364 47 81 209 20 743 96 409 82 20 103 137 59 29 258 1544 50 105 52 140 401 69 401 677 288 54
internal_value=-3.94607e-10 -0.304969 2.19983 -3.52496 -0.116249 -0.817703 1.78294 1.44541 -5.24324 0.105224 -2.00487 0.578671 -4.88293 6.07934 -1.80668 2.22284 -0.263405 0.927124 0.00243195 -0.139692 4.34663 -3.16387 2.78715 -0.0699955 -1.65041 5.60584 -0.586113 -0.103786 1.23652 -4.26495
internal_weight=10242 8995 1247 498 8497 2039 1126 995 249 6458 649 1152 229 121 249 398 1390 597 5306 1942 131 152 189 1684 497 101 460 930 317 147
internal_count=10242 8995 1247 498 8497 2039 1126 995 249 6458 649 1152 229 121 249 398 1390 597 5306 1942 131 152 189 1684 497 101 460 930 317 147
is_linear=0
shrinkage=0.05


Tree=15
num_leaves=31
num_cat=0
split_feature=42 42 38 53 42 53 45 37 53 42 42 36 19 33 50 42 53 42 21 42 19 53 40 42 36 42 49 31 45 28
split_gain=2.48049e+06 1.97324e+06 728565 547579 476531 486457 351215 145951 135536 113458 99536 70587.2 57716.5 50554.1 47286.2 43509.2 28097.2 23768.5 22449.1 23080.4 20835.3 17828.2 13698.6 12634.9 10254.6 9048.36 8094.53 7801.99 7632.63 7456.68
threshold=0.20973588381644745 -0.51597286613235072 88.728598100266581 206.51283253848555 -0.088359792157756925 171.75710877835755 0.71165261904270061 106.47200000000002 426.60193920135504 0.076400183228570687 -0.25670281265548617 219.25500000000002 334.66500000000008 280.20214285714292 21.500000000000004 0.39818728059671082 63.750543947815906 0.7505590033768369 114.66000000000001 -0.032065983797342254 37.625000000000007 304.58080179870132 297.38500000000005 0.020850013431858865 366.71500000000009 -0.38204699618148263 5.5000000000000009 35.150000000000006 -0.44684972061973488 399.77000000000004
decision_type=2 2 2 2 2 2 2 2 2 2 2 2 2 2 2 2 2 2 2 2 2 2 2 2 2 2 2 2 2 2
left_child=1 3 6 14 5 16 7 17 12 18 21 -11 -5 29 -1 -9 26 -2 -6 -20 -8 -7 -17 -21 -12 -18 -3 -19 -16 -4
right_child=2 4 13 8 9 10 20 15 -10 11 24 -13 -14 -15 28 22 25 27 19 23 -22 -23 -24 -25 -26 -27 -28 -29 -30 -31
leaf_value=-2.5188776053271251 0.5480049092162933 0.15027586358386702 4.9541413276426258 -4.023468407281011 0.091651694307709863 -2.2325408874674046 4.6247209195737486 1.6269102425096138 -8.8563924153645832 0.25604237891440479 -1.3149427717382258 1.0713125910816423 -5.6598487073724923 7.8461172580718994 -0.58790592421656074 2.4251510509546255 -1.1169047191739083 0.72400412594210617 -0.52876838538606286 -0.10209510340055779 3.3267106890678408 -3.4077136178618499 3.4057808081309 0.28138922816028406 -1.7725625357766082 -0.47756194797296692 -0.18147010795406573 1.3120863464570816 -1.3649150470695874 5.8755302990184113
leaf_weight=103 280 254 62 139 3024 47 81 209 21 737 220 415 88 24 46 138 64 73 295 1742 50 103 48 245 276 409 666 248 101 34
leaf_count=103 280 254 62 139 3024 47 81 209 21 737 220 415 88 24 46 138 64 73 295 1742 50 103 48 245 276 409 666 248 101 34
internal_value=1.2248e-09 -0.28972 2.08984 -3.34871 -0.110436 -0.776818 1.69548 1.37537 -5.01336 0.0999623 -1.9109 0.549738 -4.65784 5.7936 -1.69738 2.12196 -0.250893 0.884677 0.00231035 -0.116081 4.1293 -3.03949 2.67822 -0.0548109 -1.56959 -0.564069 -0.0898794 1.17835 -1.12177 5.28047
internal_weight=10242 8995 1247 498 8497 2039 1127 996 248 6458 646 1152 227 120 250 395 1393 601 5306 2282 131 150 186 1987 496 473 920 321 147 96
internal_count=10242 8995 1247 498 8497 2039 1127 996 248 6458 646 1152 227 120 250 395 1393 601 5306 2282 131 150 186 1987 496 473 920 321 147 96
is_linear=0
shrinkage=0.05


Tree=16
num_leaves=31
num_cat=0
split_feature=43 45 19 30 47 51 47 47 51 19 37 19 45 45 45 20 30 38 19 45 19 44 50 20 19 29 45 46 25 35
split_gain=1.32068e+06 808227 1.02228e+06 425955 302624 349264 272377 188744 165363 156620 98005.7 96517.3 95938.5 75014.1 71093.8 63284.1 61900.5 58149.8 54932.9 38133.5 46061.9 37561.7 36129.4 27021.7 25780.3 25416.1 22053.9 15546.1 15290.5 14087
threshold=1.2672500000000002 -0.43536784824736569 200.34500000000006 114.39683136237416 0.68174993319540544 15.500000000000002 -3.873225821423794 3.563305699387215 3.5000000000000004 156.59500000000006 289.42183333333338 154.01500000000001 0.71165261904270061 0.046217985388193258 0.072348453345569386 156.62500000000003 16.011101536173751 50.343516299959589 264.08500000000004 0.55212432209304374 208.95500000000001 325.34358785780751 33.500000000000007 149.58000000000001 36.685000000000009 213.4264285714286 0.15789964072099069 52.959464969920326 59.011666666666656 55.395000000000003
decision_type=2 2 2 2 2 2 2 2 2 2 2 2 2 2 2 2 2 2 2 2 2 2 2 2 2 2 2 2 2 2
left_child=1 2 9 4 8 7 25 14 17 21 23 -5 15 18 -6 24 -15 26 -10 20 -7 29 -9 -4 -8 28 -3 -21 -2 -1
right_child=6 3 10 11 5 19 12 22 13 -11 -12 -13 -14 16 -16 -17 -18 -19 -20 27 -22 -23 -24 -25 -26 -27 -28 -29 -30 -31
leaf_value=-0.62649635091423994 4.3017056031660603 -0.390292940395219 -3.9966562430063881 6.5100245475769043 -1.3509126238446487 -0.097900475640978576 1.3881105866230712 -1.2439202042420705 0.051823382329694002 -2.1678862574026567 -8.5414586067199707 2.1889722416798274 3.5899427300792635 0.17092885917981329 0.50347343401944034 2.564886473031605 0.83336059603366497 2.5535623208976088 -0.49040705164045839 1.3894743509292604 -0.73956815638693985 1.5291011467095346 -3.1159133466540792 -5.3929854416265721 0.045386461965325808 5.2589636661967294 1.1858978311592174 0.057615724482979525 2.752680147261847 0.032934959810624671
leaf_weight=160 66 28 60 28 190 1109 71 30 4753 129 20 24 59 1066 71 68 527 81 518 50 374 31 183 82 72 61 107 39 21 164
leaf_count=160 66 28 60 28 190 1109 71 30 4753 129 20 24 59 1066 71 68 527 81 518 50 374 31 183 82 72 61 107 39 21 164
internal_value=-1.64977e-09 -0.117117 -1.82654 0.00320205 -0.0225101 -0.558116 2.75253 -1.7478 0.132271 -0.675813 -5.26453 4.51569 1.80757 0.0894051 -0.846463 1.30918 0.390076 1.49445 -0.00146354 -0.199395 -0.259724 -0.133622 -2.85225 -4.80299 0.712054 4.47646 0.858984 0.805851 3.9278 -0.29271
internal_weight=10242 9824 646 9178 9126 2046 418 474 7080 484 162 52 270 6864 261 211 1593 216 5271 1572 1483 355 213 142 143 148 135 89 87 324
internal_count=10242 9824 646 9178 9126 2046 418 474 7080 484 162 52 270 6864 261 211 1593 216 5271 1572 1483 355 213 142 143 148 135 89 87 324
is_linear=0
shrinkage=0.05


Tree=17
num_leaves=31
num_cat=0
split_feature=42 42 53 34 45 42 19 32 37 42 53 26 29 25 42 53 53 42 42 19 21 42 40 23 53 32 42 19 23 19
split_gain=2.07395e+06 1.62674e+06 703232 597292 282018 269136 279850 147149 124616 91069.2 75285.9 63824.6 61074.5 47962.2 31869 22347.2 21227.3 19649.5 18434.6 17559.1 17005.3 14190.8 12321.9 11655 8369.11 8113.82 7655.5 7164.14 7139.19 6990.37
threshold=0.20973588381644745 -0.33204436630696382 206.51283253848555 78.484871208584096 0.71165261904270061 -0.069406906443096966 211.03000000000003 416.30000000000007 106.47200000000002 0.073495406824146944 162.15656989455226 123.61073226111363 213.4264285714286 241.30000000000004 0.39818728059671082 59.104859910607345 74.047513173818615 0.7505590033768369 -0.18929200902277651 38.840000000000011 118.87500000000001 -0.0030888932689492415 280.0800000000001 107.36000000000001 378.88270349562174 382.8250000000001 0.032737165935767545 330.26000000000005 26.500000000000004 215.21500000000003
decision_type=2 2 2 2 2 2 2 2 2 2 2 2 2 2 2 2 2 2 2 2 2 2 2 2 2 2 2 2 2 2
left_child=1 2 10 4 8 6 16 11 17 20 15 23 -11 25 -10 -1 -3 -2 27 -6 -7 29 -16 -4 -20 -5 -23 -8 -19 -22
right_child=3 5 7 13 19 9 18 -9 14 12 -12 -13 -14 -15 22 -17 -18 28 24 -21 21 26 -24 -25 -26 -27 -28 -29 -30 -31
leaf_value=-0.28016980763910143 0.50591337106317436 -0.047123496441730445 -3.9004265773443532 4.2960302873091267 4.1804888050730638 0.092802316462744089 -1.8645540444747262 -7.7337450761061453 1.5331007241062 0.23821551107071542 -2.2114896646066877 -5.0443784236907963 0.99008954429396112 7.4861143493652351 2.1789872563871224 -1.0998032429279425 -0.44117468487899913 0.33081314190098182 -1.1986123070317745 2.9841550356271318 -0.14436169222601805 -0.030375281388364685 3.0867394740764915 -3.1627706817433805 -1.6434060795138583 5.1998453106796534 0.35544046857105249 -2.7602707544962568 1.1533522464232904 -0.4406224223085089
leaf_weight=145 280 865 81 44 82 2887 69 26 209 777 119 80 414 20 133 195 565 29 227 49 570 1135 52 158 198 57 145 33 292 306
leaf_count=145 280 865 81 44 82 2887 69 26 209 777 119 80 414 20 133 195 565 29 227 49 570 1135 52 158 198 57 145 33 292 306
internal_value=6.14119e-10 -0.264917 -2.41111 1.91093 1.55221 -0.0542536 -0.565788 -4.11675 1.26509 0.106329 -1.12909 -3.82195 0.499572 5.24908 1.95618 -0.750254 -0.202815 0.812027 -1.55071 3.73301 0.0134576 -0.0927893 2.43414 -3.41277 -1.40583 4.8061 0.0133304 -2.15434 1.07904 -0.24785
internal_weight=10242 8995 804 1247 1126 8191 1957 345 995 6234 459 319 1191 121 394 340 1430 601 527 131 5043 2156 185 239 425 101 1280 102 321 876
internal_count=10242 8995 804 1247 1126 8191 1957 345 995 6234 459 319 1191 121 394 340 1430 601 527 131 5043 2156 185 239 425 101 1280 102 321 876
is_linear=0
shrinkage=0.05


Tree=18
num_leaves=31
num_cat=0
split_feature=42 42 38 53 42 53 45 26 22 42 42 30 28 53 53 53 42 37 53 42 44 19 19 14 42 42 51 42 26 30
split_gain=1.87211e+06 1.43625e+06 586060 405624 345456 354309 279437 121502 108844 64847.5 61412.6 45770.2 38575 37150.4 35028.1 29749.5 24722.3 29367.1 23510.5 21443.6 17880.2 13819.4 10822.9 8688.21 8611.27 8476.21 8175.07 7948.63 7498.46 7406.54
threshold=0.1544791898751873 -0.51597286613235072 88.728598100266581 206.51283253848555 -0.10889002113918213 169.35308445692064 2.5314228501489509 28.770683285271183 400.13000000000005 0.027548285077934099 -0.25670281265548617 136.43037101698178 287.63500000000005 264.1016729986668 162.15656989455226 219.08551939189439 0.2349167121877363 106.47200000000002 71.833703413009673 -0.040510890685656074 52.979854499771591 288.96500000000009 50.390000000000008 0.44050246714542096 0.43784595217201849 0.12622508021425541 18.500000000000004 0.54354453386167167 125.23882039261365 22.788905638079985
decision_type=2 2 2 2 2 2 2 2 2 2 2 2 2 2 2 2 2 2 2 2 2 2 2 2 2 2 2 2 2 2
left_child=1 3 6 14 5 18 7 20 13 15 21 28 -11 26 -1 -6 -9 -18 -3 -17 -2 -7 -8 -15 -19 -14 -5 -22 -4 -12
right_child=2 4 11 8 9 10 22 16 -10 12 29 -13 25 23 -16 19 17 24 -20 -21 27 -23 -24 -25 -26 -27 -28 -29 -30 -31
leaf_value=-0.97150425505475946 0.36784100027538158 -0.093015225880695288 3.831692955229018 -3.0967102364648746 0.0064825045731902332 -1.8938403295434041 3.9937754941273891 1.1554760692926942 -7.5971187591552738 0.18984811606196891 -0.95808263619740819 6.6996904509408139 0.53373194095298382 -5.1352235686104253 -2.1739648967113312 -0.83004768551466723 1.2071782897389125 1.7745845635732014 -0.56727543002274372 -0.19659322532853057 0.67578987935367896 -2.9331120718093149 2.9114006638526919 -4.2115909420714095 2.3345386383268569 1.0367641334074091 -3.9471205798062416 1.1499326995440893 4.7444698969523111 -1.5332927975317707
leaf_weight=147 304 809 36 79 3780 46 83 189 23 1508 66 28 169 53 103 167 126 111 386 668 196 105 32 49 180 166 44 161 60 368
leaf_count=147 304 809 36 79 3780 46 83 189 23 1508 66 28 169 53 103 167 126 111 386 668 196 105 32 49 180 166 44 161 60 368
internal_value=-2.57848e-12 -0.280672 1.62812 -2.88818 -0.123044 -0.739773 1.33267 1.11847 -4.32089 0.0469427 -1.748 4.92097 0.297664 -3.98599 -1.46692 -0.0531827 1.62984 1.84484 -0.246207 -0.323284 0.649648 -2.61651 3.69259 -4.69152 2.12095 0.782996 -3.40092 0.889619 4.40218 -1.44582
internal_weight=10242 8736 1506 498 8238 1780 1382 1267 248 6458 585 124 1843 225 250 4615 606 417 1195 835 661 151 115 102 291 335 123 357 96 434
internal_count=10242 8736 1506 498 8238 1780 1382 1267 248 6458 585 124 1843 225 250 4615 606 417 1195 835 661 151 115 102 291 335 123 357 96 434
is_linear=0
shrinkage=0.05


Tree=19
num_leaves=31
num_cat=0
split_feature=42 42 53 38 45 42 19 32 29 42 53 26 19 29 42 28 53 24 42 53 19 40 42 40 44 42 53 42 19 42
split_gain=1.69103e+06 1.32934e+06 570938 487364 231017 219585 229010 123774 102498 74137.9 60452.5 50958.5 50321.4 41651.8 25551.8 19187.9 18871.2 16734.2 15901.6 14722.9 14567.6 13905.6 12496.6 12473.3 10573.5 10382.5 8476.1 8060.79 6503.58 6000.49
threshold=0.20973588381644745 -0.33204436630696382 206.51283253848555 88.728598100266581 0.71165261904270061 -0.069406906443096966 211.03000000000003 416.30000000000007 99.60071428571429 0.073495406824146944 162.15656989455226 123.61073226111363 147.45500000000001 272.93142857142863 0.32351354709575825 93.575000000000017 59.104859910607345 26.500000000000004 -0.14390953136864829 77.069288759231583 37.625000000000007 297.38500000000005 -0.026723061761216825 426.50000000000006 54.921616201906794 0.6503182461103254 378.88270349562174 0.039653099427715645 36.685000000000009 0.12622508021425541
decision_type=2 2 2 2 2 2 2 2 2 2 2 2 2 2 2 2 2 2 2 2 2 2 2 2 2 2 2 2 2 2
left_child=1 2 10 4 8 6 15 11 17 19 16 24 -11 -5 -10 28 -1 -2 23 -7 -6 -16 -21 -8 -4 -19 -20 -24 -3 -14
right_child=3 5 7 13 20 9 18 -9 14 12 -12 -13 29 -15 21 -17 -18 25 26 22 -22 -23 27 -25 -26 -27 -28 -29 -30 -31
leaf_value=-0.25272566237326327 0.11633343420219311 0.15155329230504158 -3.667691063058788 4.3381779174804684 3.7911304662257068 0.13044130367667062 -1.5914089285507405 -7.0334836959838869 1.269629574274715 0.20231110498844865 -1.99410008662889 -4.5380999565124513 0.57416077226400375 6.8377313232421875 1.8666756031248306 -0.51753082359521041 -1.005921274087368 0.55279415580614699 -0.8811723816222039 -0.31292607668890082 2.7057761845588684 2.7401947865720655 -0.034207150823787412 -2.7594632955697871 -2.8919347525960175 1.0208651396326531 -1.4058965485671473 0.32158655584211182 -0.14549181476637404 0.98875574246048936
leaf_weight=145 94 234 58 100 81 1735 189 26 158 751 119 80 120 20 180 329 195 191 138 396 50 61 2743 26 181 312 174 169 867 320
leaf_count=145 94 234 58 100 81 1735 189 26 158 751 119 80 120 20 180 329 195 191 138 396 50 61 2743 26 181 312 174 169 867 320
internal_value=7.72437e-10 -0.239214 -2.17933 1.72552 1.40298 -0.0487784 -0.510831 -3.71619 1.14336 0.0962707 -1.02418 -3.44581 0.45108 4.75477 1.7638 -0.182479 -0.684705 0.728692 -1.4018 0.0124757 3.37687 2.08777 -0.0493957 -1.73266 -3.08019 0.843128 -1.17381 -0.0135584 -0.0823596 0.875684
internal_weight=10242 8995 804 1247 1127 8191 1957 345 996 6234 459 319 1191 120 399 1430 340 597 527 5043 131 241 3308 215 239 503 312 2912 1101 440
internal_count=10242 8995 804 1247 1127 8191 1957 345 996 6234 459 319 1191 120 399 1430 340 597 527 5043 131 241 3308 215 239 503 312 2912 1101 440
is_linear=0
shrinkage=0.05


Tree=20
num_leaves=31
num_cat=0
split_feature=43 45 53 30 47 51 47 47 51 53 37 53 45 43 26 45 20 47 30 43 53 43 50 45 53 29 45 25 35 25
split_gain=875697 539606 695726 283588 199920 228973 179602 124964 109167 104053 74702.9 70233.4 64835.9 49244.1 55031.2 44152.8 41248.4 39649.5 32476.5 26251.3 27174.5 25165 23017.4 22518.8 18280.1 17356 15759.3 14805.6 12554.8 11373.5
threshold=1.2672500000000002 -0.43536784824736569 208.62962342560294 114.39683136237416 0.68174993319540544 15.500000000000002 -3.873225821423794 3.3671765286791389 3.5000000000000004 162.15656989455226 289.42183333333338 160.3277776908875 0.71165261904270061 0.061250984728320912 21.181325859166204 0.072348453345569386 156.62500000000003 -2.7601131399274972 51.294960647419146 -0.072194553983932916 213.74444028854373 0.097895415003037986 33.500000000000007 0.55212432209304374 40.676773669719701 213.4264285714286 -1.0000000180025095e-35 220.94666666666674 55.395000000000003 59.011666666666656
decision_type=2 2 2 2 2 2 2 2 2 2 2 2 2 2 2 2 2 2 2 2 2 2 2 2 2 2 2 2 2 2
left_child=1 2 9 4 8 7 25 15 17 21 27 -5 16 18 -15 -6 24 -3 -10 20 -7 28 -9 -21 -8 29 -19 -4 -1 -2
right_child=6 3 10 11 5 19 12 22 13 -11 -12 -13 -14 14 -16 -17 -18 26 -20 23 -22 -23 -24 -25 -26 -27 -28 -29 -30 -31
leaf_value=-0.5265233677625657 3.5103141437877308 2.1725739497277474 -3.2432290420532226 5.258488286336263 -1.0716055307796295 -0.2339579622558457 1.1281071311718709 -1.0387690444146433 -0.036111047873634353 -1.7569629903940056 -7.1997676277160654 1.539100007441911 2.9392654968520344 0.15398911471744936 0.83741479751931647 0.400523783585855 2.0780877532327877 -0.32911710760423118 0.48473363267170227 -0.10392064573365406 -1.1147762393886884 1.6193604332208633 -2.5103707926888621 0.73684584332500092 -0.0032165054231882099 4.2878612987330706 0.99252011416287333 -4.3142211369105743 0.08627499593102507 2.1743510700407485
leaf_weight=160 66 72 50 30 187 282 74 31 4844 130 20 22 59 1322 379 70 68 28 319 1077 127 20 186 86 69 61 116 91 175 21
leaf_count=160 66 72 50 30 187 282 74 31 4844 130 20 22 59 1322 379 70 68 28 319 1077 127 20 186 86 69 61 116 91 175 21
internal_value=3.0139e-10 -0.0953671 -1.49213 0.0029449 -0.0180349 -0.453368 2.24135 -1.41663 0.107769 -0.546729 -4.34007 3.6849 1.47402 0.0729403 0.306263 -0.670636 1.0643 1.21455 -0.00393025 -0.162918 -0.507464 -0.103545 -2.30014 -0.0417487 0.582224 3.64123 0.735535 -3.93444 -0.206405 3.18784
internal_weight=10242 9824 646 9178 9126 2046 418 474 7080 485 161 52 270 6864 1701 257 211 216 5163 1572 409 355 217 1163 143 148 144 141 335 87
internal_count=10242 9824 646 9178 9126 2046 418 474 7080 485 161 52 270 6864 1701 257 211 216 5163 1572 409 355 217 1163 143 148 144 141 335 87
is_linear=0
shrinkage=0.05


Tree=21
num_leaves=31
num_cat=0
split_feature=42 42 38 53 42 53 42 26 33 42 42 30 28 53 50 51 53 42 37 42 42 21 19 44 42 45 19 53 42 49
split_gain=1.41214e+06 1.06762e+06 437359 300182 268296 271961 207549 90320.3 88447.3 50528.3 43203.3 42013.8 29084.4 26466 25943.3 25778.1 19264.6 16243.4 23950.9 15656.7 14940.5 14177.1 11054.1 10080.1 7821.06 7542.95 6573.78 6251.31 6552.69 6174.27
threshold=0.1544791898751873 -0.51597286613235072 70.492236578385331 206.51283253848555 -0.10889002113918213 169.35308445692064 1.8992500000000001 28.770683285271183 289.8085714285715 0.020850013431858865 -0.25670281265548617 136.43037101698178 294.50500000000005 219.08551939189439 21.500000000000004 18.500000000000004 71.833703413009673 0.2349167121877363 106.47200000000002 -0.040510890685656074 2.4392836259826987 50.010000000000012 243.21000000000004 286.99883638602438 0.12622508021425541 -0.010955083038657455 381.53000000000003 77.389454875588441 -0.024064816237402097 5.5000000000000009
decision_type=2 2 2 2 2 2 2 2 2 2 2 2 2 2 2 2 2 2 2 2 2 2 2 2 2 2 2 2 2 2
left_child=1 3 6 14 5 16 7 21 15 13 22 23 -11 27 -1 -5 29 -9 -19 -15 -8 -2 -7 -4 -14 -20 -17 -6 -29 -3
right_child=2 4 11 8 9 10 20 17 -10 12 -12 -13 24 19 -16 26 -18 18 25 -21 -22 -23 -24 -25 -26 -27 -28 28 -30 -31
leaf_value=-1.8777135719373388 0.27871045007136785 0.14089749163993132 3.9698541855812075 -2.8027151348716335 0.098523084709136011 -1.4695640704211068 2.0963116814108456 1.0099373932868716 -6.7508126692338424 0.16444248426660554 -1.2812431004207392 5.8822504316057476 0.44776596381932826 -0.7421146200802512 -0.84286870011667014 -3.6107283522443079 -0.50958307076612286 0.97979696005582806 1.3681431645932405 -0.19830246710322133 3.3065811568615482 0.74949256435246536 -2.4937720616658527 2.8015135288238526 0.92777087681651504 1.9693201078432745 -4.3427238075100645 -0.1939870998497481 0.0031695239320803032 -0.16654416807639955
leaf_weight=103 291 227 80 95 1210 34 34 189 22 1654 434 28 182 167 147 82 386 120 69 638 102 355 117 24 159 214 49 541 1907 582
leaf_count=103 291 227 80 95 1210 34 34 189 22 1654 434 28 182 167 147 82 386 120 69 638 102 355 117 24 159 214 49 541 1907 582
internal_value=-6.44568e-10 -0.243766 1.41404 -2.49188 -0.107864 -0.651371 1.14993 0.946256 -3.72439 0.0419413 -1.53469 4.16309 0.251126 -0.0515662 -1.26922 -3.42978 -0.218949 1.39238 1.57174 -0.311118 3.00401 0.537422 -2.26316 3.70024 0.671581 1.82274 -3.88453 0.00555227 -0.0404014 -0.0802781
internal_weight=10242 8736 1506 498 8238 1780 1374 1238 248 6458 585 132 1995 4463 250 226 1195 592 403 805 136 646 151 104 341 283 131 3658 2448 809
internal_count=10242 8736 1506 498 8238 1780 1374 1238 248 6458 585 132 1995 4463 250 226 1195 592 403 805 136 646 151 104 341 283 131 3658 2448 809
is_linear=0
shrinkage=0.05


Tree=22
num_leaves=31
num_cat=0
split_feature=42 42 53 38 42 19 45 53 37 42 53 26 19 25 42 53 42 24 42 21 40 19 42 40 44 42 19 22 49 42
split_gain=1.27479e+06 991276 419922 361246 172436 180681 168064 98843.7 78077.2 56746.4 44247.5 38967.6 38731.3 38278.9 19093.9 14410.1 13599.3 13559.9 12859.1 12331.9 11337.4 11250 10907.7 10902.5 8870.1 8000.87 7400.6 5862.91 5729 5436.54
threshold=0.20973588381644745 -0.33204436630696382 206.51283253848555 88.728598100266581 -0.069406906443096966 211.03000000000003 0.71165261904270061 426.60193920135504 106.47200000000002 0.073495406824146944 79.776893273592009 123.61073226111363 147.45500000000001 241.30000000000004 0.32351354709575825 59.104859910607345 -0.15060636821862899 26.500000000000004 -0.62598164803336365 114.66000000000001 297.38500000000005 37.625000000000007 -0.0078533785419123477 426.50000000000006 54.921616201906794 0.6503182461103254 366.71500000000009 449.31500000000005 5.5000000000000009 0.039653099427715645
decision_type=2 2 2 2 2 2 2 2 2 2 2 2 2 2 2 2 2 2 2 2 2 2 2 2 2 2 2 2 2 2
left_child=1 2 10 6 5 15 8 11 17 19 28 24 -11 -5 -10 -3 23 -2 -12 -6 -16 -8 -21 -7 -4 -19 -18 -14 -1 -24
right_child=3 4 7 13 9 16 21 -9 14 12 18 -13 27 -15 20 -17 26 25 -20 22 -22 -23 29 -25 -26 -27 -28 -29 -30 -31
leaf_value=0.12252675675331277 0.088586251724739273 0.01282227187927884 -3.1967010333620269 3.706822649002075 0.081173974730530854 -1.4390893888607454 3.2681316587660052 -6.5253572736467635 1.1193505727792088 0.1774549879307937 -1.7859888134002686 -3.9050850542853861 0.71129522321657501 6.1030337715148928 1.6253566763617777 -0.30594011647770042 -0.78707321071624758 0.48693723783911214 -1.050006931775237 -0.24080395699353707 2.4163637536471008 2.3143383855819706 -0.029520347391527643 -2.6189408215609467 -2.4861751113807298 0.89684155314594882 -1.2644321053715075 1.3534626667316143 -0.50278461677841402 0.31719841700578699
leaf_weight=47 94 650 58 100 2828 178 81 21 158 751 100 85 401 20 176 780 150 191 146 693 61 50 1399 22 181 316 177 39 166 123
leaf_count=47 94 650 58 100 2828 178 81 21 158 751 100 85 401 20 176 780 150 191 146 693 61 50 1399 22 181 316 177 39 166 123
internal_value=-5.74925e-10 -0.207697 -1.88305 1.49818 -0.0432495 -0.452703 1.22049 -3.20108 0.999049 0.0852875 -0.892382 -2.98561 0.395704 4.10619 1.54511 -0.161048 -1.2441 0.640156 -1.34919 0.0119769 1.82895 2.90409 -0.0763705 -1.56887 -2.6586 0.74242 -1.04546 0.768215 -0.364805 -0.00150037
internal_weight=10242 8995 804 1247 8191 1957 1127 345 996 6234 459 324 1191 120 395 1430 527 601 246 5043 237 131 2215 200 239 507 327 440 213 1522
internal_count=10242 8995 804 1247 8191 1957 1127 345 996 6234 459 324 1191 120 395 1430 527 601 246 5043 237 131 2215 200 239 507 327 440 213 1522
is_linear=0
shrinkage=0.05


Tree=23
num_leaves=31
num_cat=0
split_feature=42 42 53 34 42 42 53 32 26 53 42 30 51 20 42 37 19 42 42 21 42 53 40 53 42 19 19 49 26 14
split_gain=1.15219e+06 871629 378981 355841 168173 141409 163648 89632.2 78014 40546.9 34078.7 33475.6 31670 24809.2 14038.3 20716.1 12440.8 12415.6 11996.5 11762.9 11693.9 11068.1 10694 8279.61 6672.24 5652.65 5652.06 5212.5 5205.91 4201.37
threshold=0.1544791898751873 -0.33204436630696382 208.62962342560294 78.484871208584096 1.8992500000000001 -0.069406906443096966 190.61135434627536 416.30000000000007 28.770683285271183 80.321114519834524 0.039653099427715645 136.43037101698178 18.500000000000004 280.68500000000006 0.2349167121877363 106.47200000000002 185.98000000000005 -0.15060636821862899 2.4392836259826987 50.010000000000012 -0.62598164803336365 59.104859910607345 426.50000000000006 378.88270349562174 -0.0078533785419123477 366.71500000000009 253.82500000000002 5.5000000000000009 128.76898143362664 0.65513208963863001
decision_type=2 2 2 2 2 2 2 2 2 2 2 2 2 2 2 2 2 2 2 2 2 2 2 2 2 2 2 2 2 2
left_child=1 2 9 4 8 6 21 12 19 27 16 28 29 -12 -10 -16 -7 22 -6 -2 -11 -3 -8 -19 -18 -14 -17 -1 -5 -4
right_child=3 5 7 11 18 10 17 -9 14 20 13 -13 25 -15 15 26 24 23 -20 -21 -22 -23 -24 -25 -26 -27 -28 -29 -30 -31
leaf_value=0.11640041762209954 0.24788211091978418 0.012181158426504296 -2.5504848218146172 3.0607366525209869 1.9031710821039536 0.030592049930123599 -1.3253950802039127 -5.8696675007159902 0.92007563333762321 -1.7026386393178807 0.16993086378989941 5.3642861774989541 -3.1657478446052192 0.70949916893839848 0.88748292292157815 1.5335519490083813 -0.36908749658366047 -0.71050383706064624 2.9876639684041342 0.67670941352004732 -1.0028587230264325 -0.27050490696862967 -2.4879937692122027 -1.1984755217696035 -0.08510158651119204 -3.8505151424002144 2.0293644289427166 -0.4796632472894149 3.7997053623199464 -2.0297641754150391
leaf_weight=47 291 650 131 52 34 3318 196 26 190 101 1441 28 84 250 120 211 300 169 102 355 146 741 22 179 666 47 79 167 44 55
leaf_count=47 291 650 131 52 34 3318 196 26 190 101 1441 28 84 250 120 211 300 169 102 355 146 741 22 179 666 47 79 167 44 55
internal_value=-6.46499e-10 -0.220189 -1.7889 1.27727 1.04705 -0.0611821 -0.430067 -3.0474 0.864829 -0.852531 0.0596394 3.84311 -2.81592 0.249701 1.27535 1.43999 -0.0153827 -1.14685 2.71654 0.483538 -1.289 -0.138409 -1.44272 -0.961501 -0.173296 -3.41143 1.66862 -0.348752 3.39943 -2.39651
internal_weight=10242 8736 804 1506 1382 7932 1957 343 1246 461 5975 124 317 1691 600 410 4284 566 136 646 247 1391 218 348 966 131 290 214 96 186
internal_count=10242 8736 804 1506 1382 7932 1957 343 1246 461 5975 124 317 1691 600 410 4284 566 136 646 247 1391 218 348 966 131 290 214 96 186
is_linear=0
shrinkage=0.05


Tree=24
num_leaves=31
num_cat=0
split_feature=42 42 53 38 45 42 19 43 26 53 51 2 42 20 28 42 37 42 19 19 42 24 45 26 22 42 42 53 28 19
split_gain=1.03985e+06 786646 342128 322962 153798 127622 147715 85389 64926.2 36050.6 35791.2 35105.6 30833.5 22067.6 13889.3 12376.7 15051.9 12209.4 11681.8 10868.2 10661.8 10479.1 8150.01 7683.58 6883.49 5790.44 5631.61 4805.35 4588.57 4478.67
threshold=0.1544791898751873 -0.33204436630696382 206.51283253848555 70.492236578385331 0.71165261904270061 -0.069406906443096966 220.30000000000004 -0.66343172316084453 28.770683285271183 79.399835759401341 33.500000000000007 20.500000000000004 0.032737165935767545 298.80500000000006 93.575000000000017 0.22776875861734999 106.47200000000002 -0.2023565820039244 185.98000000000005 37.625000000000007 -0.62598164803336365 26.500000000000004 -0.010955083038657455 108.33811307250345 50.860000000000007 0.39818728059671082 -0.0075055706438621689 378.88270349562174 45.965000000000011 41.285000000000004
decision_type=2 2 2 2 2 2 2 2 2 2 2 2 2 2 2 2 2 2 2 2 2 2 2 2 2 2 2 2 2 2
left_child=1 2 9 4 8 6 14 -4 21 28 24 -5 18 -14 29 -10 -17 -8 -7 -6 -11 -2 -18 -13 -9 -23 -20 -19 -1 -3
right_child=3 5 7 11 19 12 17 10 15 20 -12 23 13 -15 -16 16 22 27 26 -21 -22 25 -24 -25 -26 -27 -28 -29 -30 -31
leaf_value=0.042550061032420303 0.046354358311121668 0.12736326778592655 -6.0600831413269045 5.3508231702058211 2.9553417935783481 0.027918056576241131 -1.670357261306938 -2.9101728439331058 0.81334540669325817 -1.6115574855804444 -3.4429586143137136 2.3894196800563647 0.16256317176635893 0.68198788014824618 -0.42881528237060507 0.86732583952046216 1.1328292098451169 -0.86684801128289224 -0.3472226355950554 2.0395919155191495 -0.94414993644560752 0.39989444986541772 1.6921719341907862 3.4182693281839058 -2.1911806990197826 0.72981719565436698 -0.086879445026376137 -1.2005058402445778 -0.47227594165393971 -0.1150845610502907
leaf_weight=61 120 245 20 23 81 3262 87 41 157 100 107 23 1531 236 335 124 94 233 308 54 149 268 212 86 177 264 638 201 149 856
leaf_count=61 120 245 20 23 81 3262 87 41 157 100 107 23 1531 236 335 124 94 233 308 54 149 268 212 86 177 264 638 201 149 856
internal_value=-2.01846e-10 -0.20918 -1.69946 1.21341 0.98646 -0.058123 -0.408564 -2.88914 0.811845 -0.805245 -2.69401 3.57573 0.0566575 0.231937 -0.146909 1.1933 1.33203 -1.12975 -0.0169451 2.58904 -1.21219 0.468414 1.52035 3.20117 -2.3264 0.563616 -0.171642 -1.02138 -0.322731 -0.0611339
internal_weight=10242 8736 804 1506 1374 7932 1957 345 1239 459 325 132 5975 1767 1436 587 430 521 4208 135 249 652 306 109 218 532 946 434 210 1101
internal_count=10242 8736 804 1506 1374 7932 1957 345 1239 459 325 132 5975 1767 1436 587 430 521 4208 135 249 652 306 109 218 532 946 434 210 1101
is_linear=0
shrinkage=0.05


Tree=25
num_leaves=31
num_cat=0
split_feature=43 45 53 26 46 26 45 40 53 51 37 46 51 51 53 26 45 19 26 24 19 43 46 26 53 46 44 28 29 29
split_gain=520383 323069 420134 169691 110245 195637 78071.1 66843.1 63254.5 62708.2 55559.1 46233.3 43934.1 43600.5 43171.8 41383.3 51825.9 40604.7 24901.1 16594 15053.6 14665.8 14213.8 13419.1 11588.9 10358 8900.49 8693.37 7705.4 5909.56
threshold=1.2672500000000002 -0.43536784824736569 208.62962342560294 125.23882039261365 52.265427298809584 22.440440857568436 0.066295118013165275 200.31000000000003 162.15656989455226 3.5000000000000004 289.42183333333338 46.787753463127466 16.500000000000004 5.5000000000000009 162.15656989455226 97.159673313811425 0.71165261904270061 325.71000000000009 43.140384587336349 257.99500000000006 160.965 0.097895415003037986 48.72329040262386 9.6390752292169015 63.255668194890028 46.883288139508899 369.72024737167595 399.77000000000004 67.695714285714288 134.77785714285719
decision_type=2 2 2 2 2 2 2 2 2 2 2 2 2 2 2 2 2 2 2 2 2 2 2 2 2 2 2 2 2 2
left_child=1 2 8 4 6 23 17 24 21 20 26 -5 -11 25 15 16 -9 18 -3 -15 -7 28 -19 -6 -2 -8 -4 -17 -1 -10
right_child=7 3 10 11 5 9 13 14 29 12 -12 -13 -14 19 -16 27 -18 22 -20 -21 -22 -23 -24 -25 -26 -27 -28 -29 -30 -31
leaf_value=-0.41413389817488933 1.109160822468835 0.017591730348963171 -3.179093534296209 4.4754094441731773 0.018828764724518252 -0.77258521531309399 1.5810321773391172 0.35148971833680809 -1.5277078483218238 -1.6285306412499052 -5.8336092567443849 1.4593136227793164 -0.73731092273231491 0.22911292095031854 0.1308998320590366 2.9725243364061633 2.5036755489853193 -0.1682180120671789 0.51418697749240216 0.67037182421471087 0.62422102781072741 1.2412031674385071 -0.82724018154174306 -0.29355292950957806 -0.17317108750343324 0.80024166310998224 -2.0404734230041508 4.0515475341251923 0.067268800842933935 -0.67233646774292
leaf_weight=153 148 4347 121 24 1699 28 83 38 105 311 20 27 249 958 22 56 106 150 268 274 62 20 180 431 20 87 20 28 182 25
leaf_count=153 148 4347 121 24 1699 28 83 38 105 311 20 27 249 958 22 56 106 150 268 274 62 20 180 431 20 87 20 28 182 25
internal_value=-1.78817e-09 -0.0735162 -1.15428 0.00255416 -0.0135169 -0.276088 0.10149 1.72781 -0.419615 -1.03538 -3.3674 2.87865 -1.23226 0.430827 2.24612 2.45022 1.93574 0.00811677 0.0464298 0.32725 0.189659 -0.0740718 -0.527685 -0.0443809 0.956502 1.18145 -3.01759 3.3322 -0.152596 -1.36321
internal_weight=10242 9824 646 9178 9127 2780 6347 418 485 650 161 51 560 1402 250 228 144 4945 4615 1232 90 355 330 2130 168 170 141 84 335 130
internal_count=10242 9824 646 9178 9127 2780 6347 418 485 650 161 51 560 1402 250 228 144 4945 4615 1232 90 355 330 2130 168 170 141 84 335 130
is_linear=0
shrinkage=0.05


Tree=26
num_leaves=31
num_cat=0
split_feature=42 42 28 38 42 27 45 22 37 42 25 32 26 51 42 45 26 22 40 37 28 26 42 42 20 21 23 22 28 32
split_gain=871638 669628 268024 243070 118258 120419 113619 75041.6 45563.7 39595.4 33740.4 32326.1 31226.7 21253.8 12240.3 11498.6 10992.4 10373.6 9119.21 9017.54 8136.96 7645.51 6303.8 6060.03 5967.57 5694.28 5643.75 5305.3 4209.78 4106.06
threshold=0.20973588381644745 -0.33204436630696382 198.19500000000002 70.492236578385331 -0.069406906443096966 142.40000000000001 0.55212432209304374 400.13000000000005 106.47200000000002 0.048186281113688424 241.30000000000004 245.38500000000002 21.525172858812873 33.500000000000007 -0.15060636821862899 -0.025099159412544009 7.4751330593565859 26.500000000000004 426.50000000000006 168.0111666666667 93.575000000000017 44.914241067302527 0.35257108197013171 -0.0078533785419123477 307.68000000000006 280.53500000000003 107.36000000000001 449.31500000000005 45.965000000000011 382.8250000000001
decision_type=2 2 2 2 2 2 2 2 2 2 2 2 2 2 2 2 2 2 2 2 2 2 2 2 2 2 2 2 2 2
left_child=1 2 12 6 5 20 8 13 17 19 29 -11 28 26 18 -10 -8 -2 -7 -6 -3 -14 -19 -21 -17 -16 -4 -13 -1 -5
right_child=3 4 7 10 9 14 16 -9 15 11 -12 27 21 -15 25 24 -18 22 -20 23 -22 -23 -24 -25 -26 -27 -28 -29 -30 -31
leaf_value=0.044811527553151868 0.0046032262209337203 -0.058257433232685535 -2.4815477578263536 2.6275800368365121 0.0343673855303612 -1.1629645434404032 1.6146521281628381 -5.2867541233698532 0.91177013027894349 0.14106228250185324 5.1892600917816161 0.56852180418823284 -0.8832258428846087 -3.0147022987405463 -0.47668410980701448 1.2999898623017705 2.5717466563270208 0.28664775438013329 -2.2368298313834454 -0.27929702973780102 -0.36593436269780222 -1.4495224175629793 0.70933842012538251 -0.04868867800306801 1.8688077579845084 -0.91792572166989839 -1.9549842544246236 1.1772116734431339 -0.44689139005924139 3.2451299767745172
leaf_weight=61 80 1101 76 51 3052 195 42 24 158 1398 20 436 133 96 100 153 105 113 22 419 267 108 402 890 66 272 154 39 152 57
leaf_count=61 80 1101 76 51 3052 195 42 24 158 1398 20 436 133 96 100 153 105 113 22 419 267 108 402 890 66 272 154 39 152 57
internal_value=6.79262e-10 -0.171743 -1.54872 1.23883 -0.0365835 -0.375666 1.00274 -2.58845 0.806803 0.0698625 3.30285 0.262142 -0.747162 -2.38981 -0.9734 1.23687 2.29829 0.534308 -1.27184 -0.0127194 -0.118308 -1.137 0.616593 -0.122504 1.47141 -0.799312 -2.12898 0.618498 -0.306075 2.95351
internal_weight=10242 8995 804 1247 8191 1957 1119 350 972 6234 128 1873 454 326 589 377 147 595 217 4361 1368 241 515 1309 219 372 230 475 213 108
internal_count=10242 8995 804 1247 8191 1957 1119 350 972 6234 128 1873 454 326 589 377 147 595 217 4361 1368 241 515 1309 219 372 230 475 213 108
is_linear=0
shrinkage=0.05


Tree=27
num_leaves=31
num_cat=0
split_feature=43 53 30 26 26 53 43 47 43 26 2 53 43 43 22 43 20 22 51 53 53 43 46 39 43 28 46 24 51 36
split_gain=424729 260447 269453 120377 96663.8 183564 90388.8 86916.7 45756.4 57550.7 41358.6 33632.2 79316.6 33353 31071.2 30802.2 29166.7 27838.9 24459.1 20841.4 19131.8 18853.2 15966.8 12914.7 9303.55 8877.71 5898.22 5572.85 5190.2 4945.87
threshold=1.2672500000000002 366.08803286969669 41.269826838849589 125.23882039261365 81.929508738490114 206.51283253848555 -0.36215191543989728 -3.873225821423794 0.061250984728320912 27.225594283036688 24.500000000000004 63.492303574085248 -0.21613096573398696 -1.0000000180025095e-35 243.59500000000003 0.094059924283973237 205.82500000000002 75.220000000000013 13.500000000000002 274.7412776488066 92.497911597490329 -0.15734700369293311 48.631631289393603 27.650000000000002 -0.035772264736528635 399.77000000000004 48.794986162492094 26.500000000000004 15.500000000000002 203.28500000000003
decision_type=2 2 2 2 2 2 2 2 2 2 2 2 2 2 2 2 2 2 2 2 2 2 2 2 2 2 2 2 2 2
left_child=1 3 15 4 8 27 10 25 11 26 -4 17 -13 -5 -8 22 18 -1 20 -11 23 -16 -3 -9 -24 29 -10 -6 -26 -2
right_child=7 2 6 13 5 -7 14 16 9 19 -12 12 -14 -15 21 -17 -18 -19 -20 -21 -22 -23 24 -25 28 -27 -28 -29 -30 -31
leaf_value=0.062238034927631553 1.657842813219343 0.068078285285224346 -5.4649686177571617 1.1204276254853687 -0.29196142833679917 -2.2530774901894963 -3.1171472549438479 2.0344935332404246 0.24945783327641441 1.2466449543833733 -2.8692771777772066 -0.70114608227585762 -0.037138249722303111 3.3638612847526868 -1.7977225813296958 0.50067486707459796 2.8166074571155368 0.62943325697463393 -0.0654666355362645 0.45492384413935549 -0.32798234927468006 -0.80428544156691617 -0.89392264632435592 1.0517204761505128 -0.88460962755090911 3.3736328051640436 0.056665795617183157 0.26588600451539229 -0.22719175669436276 2.5011790813785968
leaf_weight=1849 21 118 21 37 64 136 29 45 590 160 57 510 3806 30 109 110 21 245 54 173 20 85 154 130 38 26 1211 149 143 101
leaf_count=1849 21 118 21 37 64 136 29 45 590 160 57 510 3806 30 109 110 21 245 54 173 20 85 154 130 38 26 1211 149 143 101
internal_value=2.6905e-10 -0.0664167 -0.895471 0.0135277 -0.00237974 -0.818014 -2.10308 1.56095 0.0309368 0.231475 -3.56812 -0.0358258 -0.115601 2.12495 -1.59064 -0.249841 1.02715 0.1286 0.876229 0.83533 1.13701 -1.36245 -0.432085 1.30443 -0.608262 2.53479 0.119824 0.0982699 -0.365213 2.35601
internal_weight=10242 9824 864 8960 8893 349 301 418 8544 2134 78 6410 4316 67 223 563 270 2094 249 333 195 194 453 175 335 148 1801 213 181 122
internal_count=10242 9824 864 8960 8893 349 301 418 8544 2134 78 6410 4316 67 223 563 270 2094 249 333 195 194 453 175 335 148 1801 213 181 122
is_linear=0
shrinkage=0.05


Tree=28
num_leaves=31
num_cat=0
split_feature=42 42 53 38 42 42 53 43 37 29 53 42 34 42 25 44 19 42 53 19 32 53 42 22 42 19 25 53 24 45
split_gain=731144 541898 225897 220502 101700 91975.2 104096 67369.9 46263.5 29699.2 25987.8 23482.9 19546.8 19516.3 15848.9 11141.5 10661.2 9011.54 7571.22 7504.67 7460.01 7273.67 7260.95 5576.63 5469.19 4599.23 4529.72 4156.8 3917.88 3730.29
threshold=0.1544791898751873 -0.33204436630696382 206.51283253848555 70.492236578385331 1.8992500000000001 -0.07516766918180269 190.61135434627536 -0.66343172316084453 106.47200000000002 285.80571428571437 79.399835759401341 0.014179540730323285 111.65339816872377 0.32351354709575825 250.20166666666668 54.64627640959354 185.98000000000005 -0.15060636821862899 59.104859910607345 247.30500000000004 400.13000000000005 162.15656989455226 9.1457500000000014 50.860000000000007 0.10421320289534224 366.71500000000009 307.30500000000006 61.213999214172368 515.53000000000009 0.43931013427327653
decision_type=2 2 2 2 2 2 2 2 2 2 2 2 2 2 2 2 2 2 2 2 2 2 2 2 2 2 2 2 2 2
left_child=1 2 10 4 8 6 18 -4 15 29 -1 16 23 26 -13 -2 -7 20 -3 -15 -8 -12 -6 -9 -16 -19 -10 -17 -18 -5
right_child=3 5 7 9 22 11 17 12 13 -11 21 14 -14 19 24 27 28 25 -20 -21 -22 -23 -24 -25 -26 -27 -28 -29 -30 -31
leaf_value=-0.27602405128024871 0.21682733000345988 0.0096633023884202876 -5.1955782747268682 2.4700030434131626 1.7227099395189129 0.01686421967421298 -1.0800226823407777 -2.4514261160956492 0.54616723252194266 4.7442315959930417 -0.77265371175912723 0.1126755417972934 -2.8001775308982615 1.2241380379117768 0.26694012117401072 0.69356157549675679 -0.16375638220313354 -0.57457696352999643 -0.22650491220337049 1.889612082072667 -2.0510434324091134 -1.3136588617533196 2.4572926559448245 -1.8301399397719753 0.63211863259936496 -0.9431829021735626 0.93841009678813703 0.25225722001149103 -0.77577594739419453 3.1087524533271793
leaf_weight=210 342 638 20 80 61 3008 196 45 126 20 130 1736 97 174 196 298 830 163 725 56 22 119 75 183 215 176 177 65 27 32
leaf_count=210 342 638 20 80 61 3008 196 45 126 20 130 1736 97 174 196 298 830 163 725 56 22 119 75 183 215 176 177 65 27 32
internal_value=-5.44335e-10 -0.175402 -1.41231 1.01747 0.829948 -0.0500278 -0.35131 -2.37901 0.687372 2.96943 -0.685698 0.04619 -2.20568 1.0389 0.178775 0.421607 -0.0274608 -0.927224 -0.115958 1.38617 -1.17802 -1.03121 2.12781 -1.95276 0.45797 -0.765948 0.775299 0.61454 -0.183038 2.6525
internal_weight=10242 8736 804 1506 1374 7932 1920 345 1238 132 459 6012 325 533 2147 705 3865 557 1363 230 218 249 136 228 411 339 303 363 857 112
internal_count=10242 8736 804 1506 1374 7932 1920 345 1238 132 459 6012 325 533 2147 705 3865 557 1363 230 218 249 136 228 411 339 303 363 857 112
is_linear=0
shrinkage=0.05


Tree=29
num_leaves=31
num_cat=0
split_feature=42 42 53 38 42 42 53 53 39 2 53 42 42 30 31 53 30 42 53 42 53 20 42 22 53 24 24 30 42 40
split_gain=659857 489063 203894 199003 91937 83132.4 91582.8 62910 36875.8 28736.9 23866.8 23276.9 16819.3 16581 13241.6 12635.5 12132.5 12620.2 8714.84 7941.14 7196.93 7117.16 6057.58 5214.99 4639.12 4869.6 3967 3890.73 3726.64 3491.67
threshold=0.1544791898751873 -0.33204436630696382 208.62962342560294 70.492236578385331 1.7316940887078287 -0.091359535065047334 225.12587026715281 426.60193920135504 27.650000000000002 20.500000000000004 77.069288759231583 0.0083554824767957704 2.4392836259826987 114.39683136237416 240.33500000000004 219.08551939189439 30.649200015324478 0.2469893393441395 74.047513173818615 -0.23575765862482326 162.15656989455226 298.80500000000006 0.12622508021425541 60.535000000000004 77.389454875588441 35.150000000000006 26.500000000000004 114.39683136237416 -0.035759686749976351 489.57500000000005
decision_type=2 2 2 2 2 2 2 2 2 2 2 2 2 2 2 2 2 2 2 2 2 2 2 2 2 2 2 2 2 2
left_child=1 2 10 4 8 6 18 13 26 -5 -1 15 -6 23 -13 24 -10 -18 -3 -8 -12 -19 -16 -4 -7 -26 -2 -11 -17 -21
right_child=3 5 7 9 12 11 19 -9 16 27 20 14 -14 -15 22 28 17 21 -20 29 -22 -23 -24 -25 25 -27 -28 -29 -30 -31
leaf_value=-0.24207198590264847 0.0064858953000710741 -0.030786804381599045 -2.2565332084894183 4.4269838830699095 1.3134020980041807 0.090340142942344159 -1.5238711950913917 -4.9163474673316596 0.63310775533513053 1.9198931852976484 -0.72565394631514313 0.10462466304947576 2.223653128567864 -2.6769390713084831 0.26150483603070257 -0.46967028070540329 0.73694371337997189 1.0948836899605119 -0.31089994161274176 -0.83769076725449221 -1.2512981761585582 1.7422705953771418 0.64684051127133968 -1.7270037039588482 -0.55954244353554461 -0.028139500592032157 0.34350017711916242 2.6408075658012837 -0.17695366003174173 -1.4358383563848642
leaf_weight=199 123 794 64 23 101 1020 53 21 383 24 141 1946 102 88 262 137 179 119 427 396 121 66 167 170 44 2133 301 85 527 26
leaf_count=199 123 794 64 23 101 1020 53 21 383 24 141 1946 102 88 262 137 179 119 427 396 121 66 167 170 44 2133 301 85 527 26
internal_value=1.36759e-10 -0.166632 -1.34169 0.966599 0.788451 -0.0475264 -0.357914 -2.26479 0.61816 2.82096 -0.654873 0.0368894 1.77077 -2.09186 0.160057 -0.0388744 0.82955 1.03625 -0.128746 -0.946995 -0.968413 1.32584 0.411507 -1.87183 0.00234768 -0.0388798 0.245734 2.48207 -0.237349 -0.874543
internal_weight=10242 8736 804 1506 1374 7932 1696 343 1171 132 461 6236 203 322 2375 3861 747 364 1221 475 262 185 429 234 3197 2177 424 109 664 422
internal_count=10242 8736 804 1506 1374 7932 1696 343 1171 132 461 6236 203 322 2375 3861 747 364 1221 475 262 185 429 234 3197 2177 424 109 664 422
is_linear=0
shrinkage=0.05


Tree=30
num_leaves=31
num_cat=0
split_feature=42 42 53 38 45 42 53 19 26 47 53 42 35 51 53 42 53 21 38 42 40 26 53 42 45 22 22 42 20 53
split_gain=596079 446352 193967 172392 81145.9 74265 78433.8 62866.1 35458.2 28958.6 23987.3 22187.1 18123.3 17405.7 8911.66 8449.7 7217.23 6995.43 6642.39 6627.22 8009.76 6473.91 5942.87 5752.07 5583.49 4685.99 4367.65 4341.3 3282.21 3052.6
threshold=0.16448201247384822 -0.31103904290937617 206.51283253848555 70.492236578385331 0.55212432209304374 -0.069406906443096966 183.35724209725859 411.80500000000006 29.804022934016871 -23.106712855213512 59.104859910607345 0.048186281113688424 120.88000000000001 33.500000000000007 162.15656989455226 0.47899577429778778 20.799498558044437 143.34000000000003 49.885721471039368 -0.13167877090789298 426.50000000000006 5.2795267615281274 55.710986019372946 -0.013343967381824907 0.036882773123463226 449.31500000000005 60.535000000000004 0.39818728059671082 307.68000000000006 378.88270349562174
decision_type=2 2 2 2 2 2 2 2 2 2 2 2 2 2 2 2 2 2 2 2 2 2 2 2 2 2 2 2 2 2
left_child=1 2 10 4 8 6 22 13 16 -5 -1 17 -13 26 -12 -6 -2 -7 -10 20 -8 -17 -3 -19 -20 -14 -4 -18 -26 -21
right_child=3 5 7 9 15 11 19 -9 18 -11 14 12 25 -15 -16 21 27 23 24 29 -22 -23 -24 -25 28 -27 -28 -29 -30 -31
leaf_value=-0.097223426122218376 -0.044255699100639589 0.014199598230313788 -2.1085592015584314 4.4324442768096928 0.91989725253411714 0.041655059357556666 -0.88824374103170689 -4.8489122581481938 0.76991367782023479 2.3669597114835468 -0.63895374891161927 0.10024977568581916 0.41727159175613715 -2.5306115789511772 -1.1854110188844824 1.3372848527184849 0.29465245678908675 -0.24285296795575806 0.77821294232209526 -0.46937225816097672 -1.7793067387172155 2.1812258202689034 -0.1961231779732544 -0.035182088448108467 1.1496449368340629 1.0103500379456414 -1.6169770715015184 0.58385193317138839 1.6368558235168458 -0.80139334342058965
leaf_weight=163 88 605 60 20 21 2586 254 20 263 112 200 1244 445 97 119 29 249 445 75 141 28 105 755 1330 112 36 183 271 50 136
leaf_count=163 88 605 60 20 21 2586 254 20 263 112 200 1244 445 97 119 29 249 445 75 141 28 105 755 1330 112 36 183 271 50 136
internal_value=8.4687e-11 -0.151467 -1.24652 0.960595 0.780904 -0.0362849 -0.307498 -2.12463 0.631006 2.67991 -0.590668 0.0492322 0.201026 -1.96438 -0.842805 1.85244 0.374503 -0.0108099 0.942913 -0.806092 -0.976718 1.99858 -0.10256 -0.0872461 1.13489 0.46166 -1.73836 0.44537 1.30002 -0.632386
internal_weight=10242 8847 842 1395 1263 8005 1919 360 1108 132 482 6086 1725 340 319 155 608 4361 500 559 282 134 1360 1775 237 481 243 520 162 277
internal_count=10242 8847 842 1395 1263 8005 1919 360 1108 132 482 6086 1725 340 319 155 608 4361 500 559 282 134 1360 1775 237 481 243 520 162 277
is_linear=0
shrinkage=0.05


Tree=31
num_leaves=31
num_cat=0
split_feature=42 42 19 30 45 42 19 32 37 48 42 19 20 42 51 42 28 19 42 28 34 19 40 23 19 42 19 18 19 35
split_gain=537961 403126 160250 156755 70970.6 70516.4 77412.4 52447.7 36482 34587 20073 20036.2 15682.1 11710.4 10971.4 8013.49 7885.34 7822.99 7803.2 7371.63 6115.43 6083.55 5501.89 3602.81 3506.52 3521.31 3496.92 3435.03 3343.6 3187.03
threshold=0.16448201247384822 -0.33204436630696382 200.34500000000006 114.39683136237416 0.55212432209304374 -0.069406906443096966 220.30000000000004 416.30000000000007 106.47200000000002 -3.391749099824295 0.019233884379395928 72.91500000000002 280.68500000000006 0.35257108197013171 18.500000000000004 -0.14390953136864829 193.29500000000004 38.840000000000011 0.6503182461103254 93.575000000000017 48.511844531897871 411.80500000000006 297.38500000000005 26.500000000000004 477.15000000000003 -0.015811842301667513 36.685000000000009 123.50000000000001 183.56000000000003 152.08000000000004
decision_type=2 2 2 2 2 2 2 2 2 2 2 2 2 2 2 2 2 2 2 2 2 2 2 2 2 2 2 2 2 2
left_child=1 2 11 4 8 6 19 14 18 -5 16 -1 -12 28 27 21 -7 -6 -2 26 -13 -8 -15 -20 25 -18 -3 -4 -10 -16
right_child=3 5 7 9 17 10 15 -9 13 -11 12 20 -14 22 29 -17 24 -19 23 -21 -22 -23 -24 -25 -26 -27 -28 -29 -30 -31
leaf_value=-0.20935675499970535 0.21255332123488191 0.12516545894054265 -1.7429744676779244 4.4623527941496475 2.087838500883521 0.022551935593314761 -0.97166673246182889 -4.1868325490217941 0.34637730115271631 2.2767808353199679 0.10925454829402102 -0.68377369856982506 0.47142910847393671 1.076147553553948 -2.0140620663052515 -0.65920975390354541 -0.25105652852478078 1.3860556183697341 0.093706117021410087 -0.31422020752538943 -1.1701077417091088 -1.88844970703125 1.6395450623830161 0.60990521405500919 -0.41430798149803316 -0.042917128487548153 -0.092650275435548435 -1.2721327538923786 0.81713815921264177 -2.5247902890046436
leaf_weight=191 330 234 131 23 82 2887 190 26 47 85 1785 161 359 156 84 311 294 77 38 335 108 20 60 306 103 658 867 55 191 48
leaf_count=191 330 234 131 23 82 2887 190 26 47 85 1785 161 359 156 84 311 294 77 38 335 108 20 60 306 103 658 867 55 191 48
internal_value=-2.61582e-10 -0.143894 -1.21141 0.912565 0.759027 -0.0371822 -0.298264 -2.02769 0.619627 2.74223 0.0467706 -0.60097 0.169899 0.96609 -1.85116 -0.820345 -0.0201969 1.74798 0.386253 -0.108846 -0.87903 -1.05898 1.23265 0.552883 -0.137179 -0.107195 -0.046357 -1.60375 0.724173 -2.19978
internal_weight=10242 8847 804 1395 1287 8043 1957 344 1128 108 6086 460 2144 454 318 521 3942 159 674 1436 269 210 216 344 1055 952 1101 186 238 132
internal_count=10242 8847 804 1395 1287 8043 1957 344 1128 108 6086 460 2144 454 318 521 3942 159 674 1436 269 210 216 344 1055 952 1101 186 238 132
is_linear=0
shrinkage=0.05


Tree=32
num_leaves=31
num_cat=0
split_feature=42 42 30 42 19 53 45 47 26 47 42 42 53 31 53 53 38 42 30 26 42 42 53 47 53 19 49 42 40 42
split_gain=485510 363942 141471 103393 98771 90095.4 64051 49122.6 33222 31620.6 22418.3 19566.8 13408.9 13034.1 11136.9 10791.3 7600.72 7396.04 6233.8 5450.13 5126.4 5016.76 4477.11 4357.95 3982.22 4273.73 3789.39 3752.39 3674.41 3475.7
threshold=0.16448201247384822 -0.58509013554422229 114.39683136237416 -0.11118516607712188 215.21500000000003 219.08551939189439 0.55212432209304374 1.1908220059983139 29.804022934016871 -11.99145721654836 0.0083554824767957704 -0.24207231249042255 219.08551939189439 240.33500000000004 71.833703413009673 162.15656989455226 50.055469920691742 0.47899577429778778 4.2935087004415529 5.2795267615281274 -0.035759686749976351 0.10421320289534224 264.1016729986668 -4.7472954465784758 77.389454875588441 74.330000000000013 5.5000000000000009 -0.38204699618148263 393.21500000000009 0.39818728059671082
decision_type=2 2 2 2 2 2 2 2 2 2 2 2 2 2 2 2 2 2 2 2 2 2 2 2 2 2 2 2 2 2
left_child=1 5 6 4 14 15 8 -7 18 -4 12 28 24 -12 26 -1 -10 -8 -2 -19 -14 -15 -9 -18 -5 -26 -3 -16 -6 -20
right_child=2 3 9 10 11 7 17 22 16 -11 13 -13 20 21 27 -17 23 19 29 -21 -22 -23 -24 -25 25 -27 -28 -29 -30 -31
leaf_value=-0.57231576576232912 -0.048918411263337964 0.12689593201213414 4.2498237444006879 0.07500977683591202 -1.2321775671947435 -4.6751451539993285 0.87108002471923829 -1.786777417453719 0.6945401935419947 2.1600766103407918 0.090474650701667603 -0.78133650604883842 -0.4584701210183183 0.19636211731979117 -0.65923679243950617 -1.2093493891433933 1.3718463687669664 1.2011178477057096 0.26769160308751633 1.9754587577638174 -0.15726764220534517 0.5146800401880548 -2.2965256421462352 0.93205833086153034 -0.51624956130981448 -0.029295365634021769 -0.11484344457962614 -0.28868415516970075 -1.7279231183669148 0.52682670187273306
leaf_weight=125 89 225 23 1154 83 20 25 81 265 85 1983 375 193 220 84 142 84 29 246 105 527 283 92 171 46 2200 580 366 68 273
leaf_count=125 89 225 23 1154 83 20 25 81 265 85 1983 375 193 220 84 142 84 29 246 105 527 283 92 171 46 2200 580 366 68 273
internal_value=-2.34078e-10 -0.136699 0.866937 -0.0615951 -0.399698 -1.50604 0.721076 -2.32908 0.588646 2.60512 0.0295587 -0.974849 -0.0419905 0.148136 -0.158639 -0.911113 0.882058 1.66058 0.337701 1.80788 -0.238007 0.375456 -2.05786 1.07693 -0.000481177 -0.0392686 -0.0472765 -0.357854 -1.45543 0.404
internal_weight=10242 8847 1395 8387 1781 460 1287 193 1128 108 6606 526 4120 2486 1255 267 520 159 608 134 720 503 173 255 3400 2246 805 450 151 519
internal_count=10242 8847 1395 8387 1781 460 1287 193 1128 108 6606 526 4120 2486 1255 267 520 159 608 134 720 503 173 255 3400 2246 805 450 151 519
is_linear=0
shrinkage=0.05


Tree=33
num_leaves=31
num_cat=0
split_feature=42 42 53 30 42 53 43 45 35 37 42 35 53 42 30 19 42 53 40 53 26 22 42 19 19 42 29 24 21 53
split_gain=438520 345417 143282 102360 65165.4 61832.2 52934.4 49219.9 29737.5 26347.4 22207.8 23953.9 17780.6 15830.5 10539 8290.49 6969.68 6396.56 5164.06 4954.53 4918.74 4027.68 3746.86 3687.09 3183.91 2772.25 3192.54 2613.46 2594.9 2451.6
threshold=0.32351354709575825 -0.31103904290937617 206.51283253848555 114.39683136237416 -0.0010165686772729073 256.76882542431355 -0.66343172316084453 0.55212432209304374 149.05000000000004 106.47200000000002 0.12622508021425541 158.96500000000003 59.104859910607345 -0.11817539885283358 114.39683136237416 41.285000000000004 -0.2088970760848618 162.15656989455226 297.38500000000005 20.799498558044437 5.2795267615281274 50.860000000000007 -0.23575765862482326 477.15000000000003 411.80500000000006 0.039653099427715645 71.971428571428575 26.500000000000004 318.4550000000001 192.85642050862313
decision_type=2 2 2 2 2 2 2 2 2 2 2 2 2 2 2 2 2 2 2 2 2 2 2 2 2 2 2 2 2 2
left_child=1 2 12 7 5 15 -4 9 -5 19 25 -12 -1 22 21 -3 29 -14 -11 -2 -9 -8 -7 -15 -24 -6 -27 -18 -13 -17
right_child=3 4 6 8 10 13 14 20 -10 18 11 28 17 23 -16 16 27 -19 -20 -21 -22 -23 24 -25 -26 26 -28 -29 -30 -31
leaf_value=-0.081550455845869577 -0.037039584214700029 0.11391265712731938 -4.324623456001282 4.2152106714248658 0.03062981684942731 -1.4804369138634723 -1.9273791758219401 1.1410619998800344 2.0793252413923091 0.94492552814095532 0.10586573761902121 0.45863140038128114 -0.55075965464115151 -0.2936053753764023 -2.1151810169219973 -0.27679229813653067 -0.35713011709029802 -1.0137266267247562 1.451770812021175 0.50474448150010287 1.8766858028230216 -1.4030961240003557 -0.73676996871689771 -0.61258518178947274 -1.2177436886764155 0.06065344494669829 0.2226198053960857 -0.061242889110733924 0.70306169308080213 -0.73438499479582819
leaf_weight=163 47 557 20 20 2138 23 45 29 88 172 522 183 200 310 98 259 77 119 71 413 105 197 214 128 41 782 498 2423 267 33
leaf_count=163 47 557 20 20 2138 23 45 29 88 172 522 183 200 310 98 259 77 119 71 413 105 197 214 128 41 782 498 2423 267 33
internal_value=-4.69071e-10 -0.104308 -1.07007 1.02619 -0.00813115 -0.152384 -1.82478 0.839264 2.47486 0.671866 0.125442 0.336326 -0.506386 -0.574127 -1.67773 -0.0622171 -0.0973547 -0.723465 1.09302 0.449388 1.71748 -1.50059 -0.869231 -0.386823 -0.814103 0.0654717 0.123668 -0.0703562 0.60366 -0.328507
internal_weight=10242 9297 842 945 8455 4065 360 837 108 703 4390 972 482 716 340 3349 2792 319 243 460 134 242 278 438 255 3418 1280 2500 450 292
internal_count=10242 9297 842 945 8455 4065 360 837 108 703 4390 972 482 716 340 3349 2792 319 243 460 134 242 278 438 255 3418 1280 2500 450 292
is_linear=0
shrinkage=0.05


Tree=34
num_leaves=31
num_cat=0
split_feature=42 42 38 42 53 53 42 2 37 46 42 53 42 53 27 42 42 53 44 53 51 42 42 27 53 24 42 49 27 53
split_gain=396542 297140 115312 84269.1 80502.6 74855.8 54144.3 35505 24514.9 24454.6 18241.8 16171.7 15064.9 11581.2 10329.7 9491.87 7013.55 6982.02 6679.03 4728.75 4586.97 4395.83 4100.44 3971.81 3476.52 3536.35 3395.08 3195.24 2772.32 2595.6
threshold=0.16448201247384822 -0.58509013554422229 70.492236578385331 -0.11118516607712188 180.82100519776347 220.60124763309958 1.7316940887078287 20.500000000000004 106.47200000000002 45.326915517829661 0.0059371215586323618 162.15656989455226 -0.24207231249042255 219.08551939189439 242.25000000000003 2.4392836259826987 0.35257108197013171 71.833703413009673 54.64627640959354 256.76882542431355 18.500000000000004 0.10421320289534224 -0.040510890685656074 202.86500000000004 78.066802459359181 35.150000000000006 1.4939086447573324 5.5000000000000009 184.35500000000002 61.213999214172368
decision_type=2 2 2 2 2 2 2 2 2 2 2 2 2 2 2 2 2 2 2 2 2 2 2 2 2 2 2 2 2 2
left_child=1 5 6 4 17 11 8 -7 18 -4 13 -1 19 24 -12 -8 28 27 -2 -6 -13 -16 -15 -18 -5 -26 -11 -3 -10 -20
right_child=2 3 9 10 12 7 15 -9 16 26 14 20 -14 22 21 -17 23 -19 29 -21 -22 -23 -24 -25 25 -27 -28 -29 -30 -31
leaf_value=-0.51747577590942384 0.13551828051868559 0.11763542243507173 3.7114143111489035 0.067751358443251586 -0.72660004993279781 -4.0823262329101562 1.041022812021841 -1.9797765446644204 0.30313065910401443 1.6584885886221223 0.07955883020398602 -1.1260514062993667 -0.67864521393870447 -0.43443462927825749 0.16985678856542413 1.7248290585536585 0.89645547171433781 -0.29917699545196397 0.51606181931114115 -1.3710463601000171 -1.7336944630271511 0.4600550823890559 -0.15515618408080872 1.4534992933273316 -0.47300205438033399 -0.029807788432554161 2.2255013856020844 -0.1043448834466459 0.72507441142230356 0.16006625833049898
leaf_weight=125 306 225 22 1174 36 25 101 102 48 66 2074 170 410 176 240 102 96 394 294 136 38 286 519 48 46 2091 44 580 206 62
leaf_count=125 306 225 22 1174 36 25 101 102 48 66 2074 170 410 176 240 102 96 394 294 136 38 286 519 48 46 2091 44 580 206 62
internal_value=8.90997e-10 -0.123541 0.783489 -0.0556788 -0.360916 -1.36085 0.636527 -2.39366 0.493262 2.18965 0.0266143 -0.966948 -0.84341 -0.0403227 0.129749 1.38461 0.803375 -0.126712 0.30682 -1.23616 -1.23706 0.327645 -0.22588 1.08214 -0.00137302 -0.0393478 1.88529 -0.0423007 0.645337 0.454063
internal_weight=10242 8847 1395 8387 1781 460 1263 127 1060 132 6606 333 582 4006 2600 203 398 1199 662 172 208 526 695 144 3311 2137 110 805 254 356
internal_count=10242 8847 1395 8387 1781 460 1263 127 1060 132 6606 333 582 4006 2600 203 398 1199 662 172 208 526 695 144 3311 2137 110 805 254 356
is_linear=0
shrinkage=0.05


Tree=35
num_leaves=31
num_cat=0
split_feature=42 42 53 28 42 53 47 45 48 42 39 37 53 51 42 28 42 53 40 45 53 53 26 53 24 53 47 43 40 14
split_gain=357893 282404 116602 84034.4 53727.4 49539.5 45976.9 40019.7 35878.6 27209.4 21403.2 16387.8 14469.4 9642.9 5073.75 5758.66 5046.46 4964.17 4646.14 4203.57 4201.21 3988.36 3913.77 3424.44 3257.04 2941.04 2556.07 2936.83 2470.32 2441.21
threshold=0.32351354709575825 -0.31103904290937617 206.51283253848555 314.78000000000003 -0.063817000855407244 151.34126035869124 -16.860476393456455 0.6141185223032255 -3.4933672396776569 0.10421320289534224 158.98000000000005 106.47200000000002 59.104859910607345 18.500000000000004 0.0042467438043781334 189.40000000000003 -0.15060636821862899 162.15656989455226 426.50000000000006 0.43931013427327653 20.799498558044437 48.565211001634601 5.2795267615281274 378.88270349562174 26.500000000000004 494.54081681370741 0.68174993319540544 0.075321049027007203 297.38500000000005 0.65513208963863001
decision_type=2 2 2 2 2 2 2 2 2 2 2 2 2 2 2 2 2 2 2 2 2 2 2 2 2 2 2 2 2 2
left_child=1 2 12 7 5 21 -4 11 -5 14 24 20 -1 29 15 -6 18 -14 -7 -10 -2 -3 -9 -18 -11 -17 27 -12 -13 -8
right_child=3 4 6 8 9 16 13 22 19 10 26 28 17 -15 -16 25 23 -19 -20 -21 -22 -23 -24 -25 -26 -27 -28 -29 -30 -31
leaf_value=-0.07572649916393992 -0.041963518518667198 0.056432746919475633 -3.9780762898921966 4.0077446603775027 0.014547694494836156 -0.73340139991598707 -1.4100064127898415 1.0232903973809604 1.5473180839750502 -0.061550639277682617 0.63371863267000983 0.85740597881804936 -0.50265104255080229 -1.8109449116388956 0.077287840866363311 -0.1051041934675417 -0.37624228263295006 -0.91050064463575353 -1.518629823412214 2.207028611501058 0.45687321288790106 -0.1265965179535351 1.6830159797668458 -0.66986259360339773 0.17039151973559399 -0.41329657762029837 0.77114359649379605 0.36113977237462497 1.3023933812191613 -1.037329688106758
leaf_weight=163 47 432 20 20 2436 183 121 29 90 213 170 174 200 150 1933 775 220 119 21 33 414 957 100 181 523 86 89 236 38 69
leaf_count=163 47 432 20 20 2436 183 121 29 90 213 170 174 200 150 1933 775 220 119 21 33 414 957 100 181 523 86 89 236 38 69
internal_value=8.29377e-10 -0.094232 -0.967474 0.927064 -0.00726934 -0.23415 -1.6483 0.727967 2.04367 0.0627509 0.274246 0.573333 -0.458969 -1.51126 0.0129706 -0.024738 -0.611772 -0.654796 -0.814234 1.72431 0.406016 -0.0696716 1.53471 -0.508774 0.103267 -0.135888 0.528471 0.475274 0.937168 -1.27467
internal_weight=10242 9297 842 945 8455 1994 360 802 143 6461 1231 673 482 340 5230 3297 605 319 204 123 461 1389 129 401 736 861 495 406 212 190
internal_count=10242 9297 842 945 8455 1994 360 802 143 6461 1231 673 482 340 5230 3297 605 319 204 123 461 1389 129 401 736 861 495 406 212 190
is_linear=0
shrinkage=0.05


Tree=36
num_leaves=31
num_cat=0
split_feature=43 53 45 26 47 45 26 19 22 53 45 26 53 46 53 45 49 43 48 49 28 45 45 53 34 24 37 19 26 34
split_gain=164578 109566 140209 53957.2 41558.3 39772.6 37172.8 73272.3 31962 32152.2 29846.3 28923.6 27353.1 22259.9 16558.4 13578.4 13306.5 10983 9883.91 8415.7 7923.08 6376.61 4159.49 3983.23 3342.1 3242.74 3147.36 2764.95 2635.25 1921.36
threshold=1.2672500000000002 366.08803286969669 -0.22049202364556064 125.23882039261365 1.9178854363965174 0.16586900758758899 81.929508738490114 198.19500000000002 37.625000000000007 166.02549870014192 -0.21390086863543697 28.770683285271183 164.82468624114995 50.732483277540197 267.97878285408024 0.056320596223924636 5.5000000000000009 -0.12788141512210374 -1.5712926094444775 4.5000000000000009 399.77000000000004 0.27875687450918279 0.3575795257091372 494.54081681370741 16.392220316247258 26.500000000000004 289.42183333333338 395.10500000000008 22.440440857568436 60.130142234903445
decision_type=2 2 2 2 2 2 2 2 2 2 2 2 2 2 2 2 2 2 2 2 2 2 2 2 2 2 2 2 2 2
left_child=1 3 4 6 -3 -5 10 25 22 16 12 21 19 15 -13 28 -10 27 -14 -1 -18 -12 -2 -17 -19 -8 -6 -15 -4 -27
right_child=8 2 13 5 26 -7 7 -9 9 -11 11 14 18 17 -16 23 20 24 -20 -21 -22 -23 -24 -25 -26 29 -28 -29 -30 -31
leaf_value=-0.30183949917316266 -0.16965007487152306 -4.0815823841094971 -0.090412731703532784 -0.013620750499623163 -1.8357708423952515 2.4563298934545275 -0.22470719453413041 -1.4126051489921179 0.81285990616854498 -0.39247561268232489 0.014575178117147918 0.61481187879094479 -0.3258586974234654 -0.88177664846670434 0.13493948654913351 0.41622273740067617 1.4931023564449577 -0.11000795204411536 -0.8483016140935824 0.0069336248302187195 2.3865143578628016 0.18562440227467369 0.475820048410317 -0.32089828196026032 -0.5184760340067901 0.12215117684751749 -1.337713955933193 -1.5061265563964845 -0.45230038486219737 0.61058640827735267
leaf_weight=283 35 20 92 28 79 39 64 136 68 27 5565 347 212 61 373 144 172 68 158 1002 29 604 87 21 190 125 53 25 111 24
leaf_count=283 35 20 92 28 79 39 64 136 68 27 5565 347 212 61 373 144 172 68 158 1002 29 604 87 21 190 125 53 25 111 24
internal_value=-3.32455e-10 -0.0413435 -0.579068 0.0105085 -1.95761 1.42411 -0.000141597 -0.505939 0.971672 1.25237 0.0205189 0.0663231 -0.170143 -0.284773 0.366211 -0.0144731 1.41746 -0.573932 -0.548956 -0.0610685 1.622 0.0313224 0.290644 0.322407 -0.410818 0.0729658 -1.63579 -1.06327 -0.288292 0.200825
internal_weight=10242 9824 864 8960 152 67 8893 349 418 296 8544 6889 1655 712 720 368 269 344 370 1285 201 6169 122 165 258 213 132 86 203 149
internal_count=10242 9824 864 8960 152 67 8893 349 418 296 8544 6889 1655 712 720 368 269 344 370 1285 201 6169 122 165 258 213 132 86 203 149
is_linear=0
shrinkage=0.05


Tree=37
num_leaves=31
num_cat=0
split_feature=42 42 53 38 19 45 42 53 29 39 53 42 33 51 30 26 42 19 53 41 53 22 53 42 22 53 53 20 45 42
split_gain=299087 222093 94169.3 85577 41735.6 40143.7 38699.8 41881.6 23671.4 17611.6 11964.2 11421.2 10340.5 8949.49 7493.6 4570.79 4243.4 5095.08 4055.36 4360.77 3736.69 3696.11 3558.46 3507.4 3019.68 2918.65 2772.8 2576.94 2261.33 2037.78
threshold=0.16448201247384822 -0.31103904290937617 192.85642050862313 70.492236578385331 411.80500000000006 0.55212432209304374 -0.063817000855407244 151.34126035869124 285.80571428571437 27.650000000000002 59.104859910607345 0.048186281113688424 81.828571428571436 33.500000000000007 32.317099104427918 10.496192166625137 -0.13167877090789298 411.80500000000006 77.069288759231583 0.48589953151251475 162.15656989455226 449.31500000000005 52.598884047865873 0.2469893393441395 60.535000000000004 499.61973993837836 20.799498558044437 307.68000000000006 0.43931013427327653 0.35257108197013171
decision_type=2 2 2 2 2 2 2 2 2 2 2 2 2 2 2 2 2 2 2 2 2 2 2 2 2 2 2 2 2 2
left_child=1 2 10 5 13 9 7 22 28 26 -1 18 -13 24 -11 -7 17 -9 -8 25 -12 -14 -3 -16 -4 -20 -2 -25 -5 -28
right_child=3 6 4 8 -6 15 11 16 -10 14 20 12 21 -15 23 -17 -18 -19 19 -21 -22 -23 -24 27 -26 -27 29 -29 -30 -31
leaf_value=-0.072410126972052222 -0.060269244641272562 0.032122208335548907 -1.5060793844858806 1.4667668455839158 -3.708687109947205 0.88299021075169248 0.074540187768772581 -0.64305914418602539 3.476291835308075 0.44137179732638449 -0.46823144000768657 0.058219715899506003 0.284622895021928 -1.7652784578578988 0.53957500892930332 1.4811662938378074 -0.43874848484759421 -1.4350409767844461 -0.019325262474504088 -0.48536210959812376 -0.82397345029390778 0.80760020679897737 -0.13116897853324191 0.7786520231805163 -1.097880044176772 -0.30081639481218242 0.10154863203206332 1.1583747910671547 1.9640932053327562 0.36133260408659346
leaf_weight=163 90 557 60 80 20 45 1136 264 20 365 200 1140 549 97 113 110 319 22 3002 53 117 36 832 167 185 95 128 61 32 184
leaf_count=163 90 557 60 80 20 45 1136 264 20 365 200 1140 549 97 113 110 319 22 3002 53 117 36 832 167 185 95 128 61 32 184
internal_value=3.26945e-10 -0.107292 -0.87973 0.680436 -1.48861 0.553833 -0.0260433 -0.216921 1.8918 0.4484 -0.420529 0.0372756 0.145914 -1.35879 0.598822 1.3075 -0.564131 -0.703981 -0.00644856 -0.0356559 -0.599531 0.316806 -0.0656879 0.767354 -1.19785 -0.02796 0.184227 0.880245 1.60886 0.254755
internal_weight=10242 8847 842 1395 362 1263 8005 1994 132 1108 480 6011 1725 342 706 155 605 286 4286 3150 317 585 1389 341 245 3097 402 228 112 312
internal_count=10242 8847 842 1395 362 1263 8005 1994 132 1108 480 6011 1725 342 706 155 605 286 4286 3150 317 585 1389 341 245 3097 402 228 112 312
is_linear=0
shrinkage=0.05


Tree=38
num_leaves=31
num_cat=0
split_feature=53 30 30 48 53 41 51 19 30 39 52 34 53 52 23 53 21 52 50 50 36 39 50 51 24 25 38 41 51 51
split_gain=104374 118788 87067.8 44076 29084.9 79089.9 77449.8 31772 23051.3 21324.8 17523.3 16693 11844.1 10059.5 9168.84 8939.41 13492.3 6719.58 6630.14 6404.26 6352.39 5944.3 4817.3 4673.17 4223.14 3852.67 3373.33 3357.45 2888.11 2834.7
threshold=366.08803286969669 114.39683136237416 41.269826838849589 -3.6201761614034367 65.503148145675667 0.44134498249277859 5.5000000000000009 162.31500000000003 139.55432678438561 27.650000000000002 1.0000000180025095e-35 49.000924507110959 267.97878285408024 1.0000000180025095e-35 217.68000000000004 494.54081681370741 410.84000000000009 1.0000000180025095e-35 12.500000000000002 23.500000000000004 200.24500000000003 54.760000000000005 47.500000000000007 1.0000000180025095e-35 74.105000000000004 328.38666666666671 20.791249478605888 0.056938860898577907 11.500000000000002 1.0000000180025095e-35
decision_type=2 2 2 2 2 2 2 2 2 2 2 2 2 2 2 2 2 2 2 2 2 2 2 2 2 2 2 2 2 2
left_child=1 4 15 -4 6 11 9 20 13 -1 25 17 14 -3 -13 16 26 22 -8 -12 29 -19 -6 -11 -22 -5 -2 -17 -14 -7
right_child=2 8 3 10 5 7 18 -9 -10 23 19 12 28 -15 -16 27 -18 21 -20 -21 24 -23 -24 -25 -26 -27 -28 -29 -30 -31
leaf_value=1.355151689821674 -0.054229739175617013 0.27045300569046632 -3.3969071558543611 -1.6357475209743422 -0.36444341854485512 -0.18750298740342261 0.39731776035598498 -1.2339217691045059 3.0703237438201905 0.6497835817008184 -0.22145035579800607 -0.36463504716753964 0.53249076570455844 1.4546767116207437 0.773323412159724 -0.13904218595379439 0.34277646545389739 -0.20645410363188021 0.044870897651223741 -0.89415582958454931 -0.24815514975144892 0.024191530337289838 0.053881625598757581 0.070373597797394424 0.52302249103784559 -0.99296946054504776 -0.48098479980471159 -0.54999005067957574 -0.042318851245145728 -0.65480462950329454
leaf_weight=124 87 22 21 94 216 40 139 152 20 203 50 20 26 97 154 78 162 301 3334 121 158 3884 101 42 20 31 99 137 137 172
leaf_count=124 87 22 21 94 216 40 139 152 20 203 50 20 26 97 154 78 162 301 3334 121 158 3884 101 42 20 31 99 137 137 172
internal_value=2.64908e-10 0.0489364 -0.520616 -1.18342 0.0270717 -0.0479548 0.132152 -0.620721 1.49971 0.820869 -1.02638 0.0161987 0.355627 1.23574 0.642524 -0.147424 0.00917904 -0.00920935 0.0589769 -0.697458 -0.38173 0.00760268 -0.23116 0.550456 -0.161506 -1.47634 -0.281374 -0.400902 0.0493686 -0.566635
internal_weight=10242 9362 880 317 9223 5381 3842 542 139 369 296 4839 337 119 174 563 348 4502 3473 171 390 4185 317 245 178 125 186 215 163 212
internal_count=10242 9362 880 317 9223 5381 3842 542 139 369 296 4839 337 119 174 563 348 4502 3473 171 390 4185 317 245 178 125 186 215 163 212
is_linear=0
shrinkage=0.05


Tree=39
num_leaves=31
num_cat=0
split_feature=43 45 53 30 2 46 30 22 53 45 19 53 51 51 36 30 53 20 46 29 29 19 45 29 39 44 30 45 19 53
split_gain=121600 83129.9 103862 45275.2 31059.6 29021 50810.7 24153.1 24250.3 21757.6 19933.9 16815.4 14530.4 12237.2 10072.4 9755.72 7716.17 10482.8 7682.75 5124 4512.35 3968.12 3208.34 2972.09 2205.33 2194.91 2089.17 2057.19 2009.2 1557.97
threshold=1.2672500000000002 -0.43536784824736569 219.08551939189439 114.39683136237416 18.500000000000004 52.265427298809584 19.672505819574038 37.625000000000007 166.02549870014192 0.13756789994673371 153.38000000000002 162.15656989455226 3.5000000000000004 16.500000000000004 203.28500000000003 19.457689695380719 494.54081681370741 345.21000000000009 48.130849423112288 259.73928571428581 68.792142857142878 162.06000000000003 0.3575795257091372 136.80571428571432 152.14500000000004 331.00860389610398 11.17862230860697 0.087262556066383681 89.600000000000009 60.637910981178287
decision_type=2 2 2 2 2 2 2 2 2 2 2 2 2 2 2 2 2 2 2 2 2 2 2 2 2 2 2 2 2 2
left_child=1 2 11 5 -4 9 26 22 14 16 -5 20 21 -14 29 -11 17 -3 -17 -16 28 -8 -2 -13 -6 -22 -7 -28 -1 -9
right_child=7 3 4 10 24 6 12 8 -10 15 -12 23 13 -15 19 18 -18 -19 -20 -21 25 -23 -24 -25 -26 -27 27 -29 -30 -31
leaf_value=-0.16615478829589003 -0.16105295687913895 0.0055538259789512925 -3.4720920085906983 2.5316229820251466 -1.2984212993220849 0.013329131735987616 -0.38037853282073453 1.2184531166439965 -0.34926217366699824 0.089545896082872486 0.56788519301584794 -0.80621325161146096 -0.7938797755457927 -0.36430255956135604 1.3607944446067288 0.64799829364485217 -0.38629197593906833 0.26571796331499214 0.25272885224063679 2.2141639184951782 0.040067065913318357 0.32820027009133373 0.40583397982449371 -0.21427738895783058 -1.7461762571334838 0.51802424320152829 -0.21346143031111833 0.043211965357561499 -0.62674677618618668 0.73578202724456787
leaf_weight=129 35 4956 22 24 88 1684 29 21 27 358 28 115 320 344 146 225 116 420 271 20 169 62 87 26 40 28 220 121 29 82
leaf_count=129 35 4956 22 24 88 1684 29 21 27 358 28 115 320 344 146 225 116 420 271 20 169 62 87 26 40 28 220 121 29 82
internal_value=-1.69505e-10 -0.0355376 -0.583767 0.0030499 -1.73663 -0.00533287 -0.140047 0.835219 1.07923 0.0536815 1.47423 -0.23512 -0.490125 -0.571328 1.22261 0.288462 0.0171734 0.0258791 0.432035 1.46361 -0.051644 0.102389 0.243202 -0.697062 -1.43834 0.108 -0.00952425 -0.122384 -0.250694 0.834191
internal_weight=10242 9824 646 9178 150 9126 2780 418 296 6346 52 496 755 664 269 854 5492 5376 496 166 355 91 122 141 128 197 2025 341 158 103
internal_count=10242 9824 646 9178 150 9126 2780 418 296 6346 52 496 755 664 269 854 5492 5376 496 166 355 91 122 141 128 197 2025 341 158 103
is_linear=0
shrinkage=0.05


Tree=40
num_leaves=31
num_cat=0
split_feature=42 42 38 53 43 42 42 53 47 39 42 53 53 22 42 21 51 42 42 53 40 53 53 47 53 44 42 38 40 22
split_gain=232504 166793 68166.6 67198 37548.8 31998.7 30895 33918.6 22418.1 16254.7 9295.85 8264.92 5892.48 5172.04 4840.36 4749.72 4579.83 4540.42 4341.39 2908.13 2823.96 2805.2 2574.86 2504.8 2490.3 2419.28 2414.19 2413.76 2328.06 1842.23
threshold=0.1513136663790923 -0.33204436630696382 70.492236578385331 213.74444028854373 -0.66343172316084453 1.7316940887078287 -0.091359535065047334 151.34126035869124 -25.067153000404485 27.650000000000002 0.0054418306385338828 59.104859910607345 192.85642050862313 312.38000000000005 9.1457500000000014 257.71500000000009 18.500000000000004 0.2469893393441395 -0.2023565820039244 162.15656989455226 489.57500000000005 47.814710089564336 267.97878285408024 0.28008992653595227 71.833703413009673 63.471356978447382 0.057189627716532729 51.371566428939353 598.65500000000009 449.31500000000005
decision_type=2 2 2 2 2 2 2 2 2 2 2 2 2 2 2 2 2 2 2 2 2 2 2 2 2 2 2 2 2 2
left_child=1 3 5 11 -5 9 7 21 -4 -2 12 -1 24 -12 -7 23 -6 -17 22 -13 -20 -3 -9 27 -8 -26 -15 -11 -14 -28
right_child=2 6 8 4 16 14 10 18 -10 15 13 19 28 26 -16 17 -18 -19 20 -21 -22 -23 -24 -25 25 -27 29 -29 -30 -31
leaf_value=-0.086325733507501667 0.12493125166403421 0.056751592408888343 3.1907247650623325 -3.428074644505978 -1.0244535986672749 0.85749543327838185 0.074297039828856035 -0.56920815732168117 1.3746205880578641 0.34335077806366704 0.06857508701646578 -0.41865884423255917 -0.13426621031664712 0.10280968704949255 1.3633449465433758 0.5132479000569049 -1.4084137472317373 0.92409765252443121 -0.44739003384638815 -0.7246701416465664 -0.98459373620840229 -0.11586400782851336 -1.0782705614964168 0.95631482481956498 -0.37705803799132509 -0.017791117387269739 0.32042509793907148 0.70526608778880195 -0.65577964714982295 0.71980054174150743
leaf_weight=145 443 329 20 20 176 128 884 46 113 404 2175 195 784 115 75 181 139 107 414 129 26 827 54 20 48 1971 165 52 22 35
leaf_count=145 443 329 20 20 176 128 884 46 113 404 2175 195 784 115 75 181 139 107 414 129 26 827 54 20 48 1971 165 52 22 35
internal_value=2.3827e-10 -0.100332 0.565646 -0.786409 -1.32727 0.463578 -0.0304647 -0.219562 1.64772 0.365895 0.021271 -0.400081 -0.0288968 0.0959988 1.04439 0.505615 -1.19388 0.66589 -0.546721 -0.540497 -0.479134 -0.0667372 -0.844102 0.408643 0.00431054 -0.0263324 0.285353 0.384622 -0.148501 0.390316
internal_weight=10242 8699 1543 804 335 1410 7895 1696 133 1207 6199 469 3709 2490 203 764 315 288 540 324 440 1156 100 476 2903 2019 315 456 806 200
internal_count=10242 8699 1543 804 335 1410 7895 1696 133 1207 6199 469 3709 2490 203 764 315 288 540 324 440 1156 100 476 2903 2019 315 456 806 200
is_linear=0
shrinkage=0.05


Tree=41
num_leaves=31
num_cat=0
split_feature=43 53 45 26 33 45 45 53 22 53 51 51 26 19 30 44 28 20 43 49 51 43 26 53 46 51 45 19 46 34
split_gain=98321.8 68816.8 87793.1 34460.1 30056.8 26923.4 22984.6 30562.1 19390.8 20005.7 19229.1 14507.1 12251.1 18384 12184 9263.05 8396.18 8022.13 6099.11 5450.68 5004.92 4554.02 4251.81 4154.85 3997.61 3209.5 2727.35 2694.32 2268.09 1945.07
threshold=1.2672500000000002 366.08803286969669 -0.22049202364556064 128.76898143362664 332.37250000000006 0.16586900758758899 -0.21390086863543697 164.82468624114995 37.625000000000007 166.02549870014192 4.5000000000000009 17.500000000000004 102.08037863480088 200.34500000000006 43.292725529385486 331.00860389610398 399.77000000000004 311.84000000000009 -0.0074922273623320964 5.5000000000000009 39.500000000000007 -0.12491872561768533 71.089584479381926 494.54081681370741 46.883288139508899 39.500000000000007 0.36691789020151472 89.600000000000009 47.807800546025184 50.762413514082645
decision_type=2 2 2 2 2 2 2 2 2 2 2 2 2 2 2 2 2 2 2 2 2 2 2 2 2 2 2 2 2 2
left_child=1 3 4 6 -3 -5 7 15 26 16 24 21 17 -14 -9 20 19 -12 28 -10 -1 -4 -16 25 29 -20 -2 -26 -13 -8
right_child=8 2 11 5 -6 -7 10 14 9 -11 12 18 13 -15 22 -17 -18 -19 23 -21 -22 -23 -24 -25 27 -27 -28 -29 -30 -31
leaf_value=-0.15272548462016133 -0.13773707960908477 -1.2752719214468291 -0.86705226168252425 0.0051884886622428896 -3.3552606296539311 2.1951041273772716 0.4597120484337211 -0.25325423242028788 0.6238253831863404 -0.32780115976929669 0.020582022396078405 -0.037549413083973582 0.38173654394991258 -1.0779712765903795 -0.66183642858376535 0.84073649408488438 1.9034954498554097 0.26118643071828157 0.36450834807383925 1.1526143509288167 0.046106855212581677 -0.39504290439453227 -1.1668364290680204 -0.20256786878187075 0.69752459651545484 -0.066353799844017389 0.37655505092704999 0.21083510181149553 -0.42180581284602259 0.95700940197589357
leaf_weight=701 37 132 69 25 20 32 32 203 68 27 6481 59 34 59 163 29 29 366 129 172 577 197 56 83 38 65 85 113 110 51
leaf_count=701 37 132 69 25 20 32 32 203 68 27 6481 59 34 59 163 29 29 366 129 172 577 197 56 83 38 65 85 113 110 51
internal_value=-3.33371e-10 -0.0319556 -0.458113 0.00913821 -1.54895 1.23461 0.00129229 -0.162353 0.751032 0.969664 0.0407323 -0.225237 0.025701 -0.544315 -0.532305 -0.042904 1.09989 0.0334433 -0.0509386 1.00279 -0.0629553 -0.517481 -0.790969 0.0934854 0.486532 0.220147 0.220581 0.333313 -0.287657 0.76528
internal_weight=10242 9824 864 8960 152 57 8903 1729 418 296 7174 712 6940 93 422 1307 269 6847 446 240 1278 266 219 277 234 194 122 151 169 83
internal_count=10242 9824 864 8960 152 57 8903 1729 418 296 7174 712 6940 93 422 1307 269 6847 446 240 1278 266 219 277 234 194 122 151 169 83
is_linear=0
shrinkage=0.05


Tree=42
num_leaves=31
num_cat=0
split_feature=42 42 30 33 42 53 45 35 53 37 42 42 25 53 53 42 22 26 53 23 42 42 22 53 39 22 53 22 42 40
split_gain=195549 139882 52485.3 43752.3 42977.4 40999.1 23340.1 22786.4 19505.3 13685.4 9745.03 8093.86 6072.5 5199.43 5186.87 4089.58 4056.33 3451.8 3083.53 2771.55 2697.02 2328.64 2218.62 2156.65 2318.95 2115.48 2040.04 2014.45 1968.8 1922.13
threshold=0.16448201247384822 -0.58509013554422229 114.39683136237416 289.8085714285715 -0.094707446627164071 225.12587026715281 0.55212432209304374 149.05000000000004 206.51283253848555 106.47200000000002 0.010781699728707865 -0.21578494989017649 250.20166666666668 192.85642050862313 71.833703413009673 0.32351354709575825 26.500000000000004 7.4751330593565859 220.60124763309958 233.76000000000002 -0.019421102451302123 0.43784595217201849 16.500000000000004 77.389454875588441 35.695000000000007 395.10500000000008 162.15656989455226 343.34000000000009 -0.38204699618148263 489.57500000000005
decision_type=2 2 2 2 2 2 2 2 2 2 2 2 2 2 2 2 2 2 2 2 2 2 2 2 2 2 2 2 2 2
left_child=1 3 6 8 5 14 9 -4 26 16 13 27 -12 23 22 -11 -2 -8 -10 -17 25 -18 -3 -6 -25 -15 -1 -7 -16 -13
right_child=2 4 7 -5 10 11 17 -9 18 15 12 29 -14 20 28 19 21 -19 -20 -21 -22 -23 -24 24 -26 -27 -28 -29 -30 -31
leaf_value=-0.3704226705551148 -0.053689217367635968 0.10102729583311765 3.1323392182588581 -3.111486395922574 0.06368317719367389 -0.8190168150110182 0.63965533949612152 1.262675557962873 -0.98248422668093738 0.43256509487309724 0.061991733608434477 -0.44666197648402106 0.25756401945689017 -0.2168961317748227 -0.44809234585790403 0.59103348885308693 0.15543304306717176 1.1680689424531072 -1.3656746413594201 0.93366675683767486 -0.075756722095067661 0.36548766883582445 -0.074895606600351772 -0.35685345618163838 -0.015445006860983185 -0.67051536543615942 -0.67094944935400513 -1.3307112390344793 -0.18333705138049533 -0.89957518959045402
leaf_weight=125 101 244 20 22 1067 153 42 88 105 211 1868 372 504 226 84 142 206 117 105 101 630 367 675 51 2009 29 103 22 428 25
leaf_count=125 101 244 20 22 1067 153 42 88 105 211 1868 372 504 226 84 142 206 117 105 101 630 367 675 51 2009 29 103 22 428 25
internal_value=-2.99403e-10 -0.0867549 0.550194 -0.935696 -0.0401932 -0.242259 0.461351 1.60891 -0.826409 0.381409 0.0232055 -0.600057 0.103547 -0.0242943 -0.0992396 0.593609 0.238473 1.02849 -1.17408 0.733445 -0.131288 0.289971 -0.028187 0.00598702 -0.0238974 -0.268484 -0.506187 -0.883344 -0.226773 -0.475183
internal_weight=10242 8847 1395 460 8387 2003 1287 108 438 1128 6384 572 2372 4012 1431 454 674 159 210 243 885 573 919 3127 2060 255 228 175 512 397
internal_count=10242 8847 1395 460 8387 2003 1287 108 438 1128 6384 572 2372 4012 1431 454 674 159 210 243 885 573 919 3127 2060 255 228 175 512 397
is_linear=0
shrinkage=0.05


Tree=43
num_leaves=31
num_cat=0
split_feature=42 42 32 48 42 19 42 40 19 21 42 19 42 19 23 42 19 19 24 42 33 39 41 21 42 19 21 36 24 39
split_gain=176565 124422 52867.9 41789.4 37377.1 31381.9 30055.5 16675.6 14970.4 14343.5 10433.9 11031.1 4866.97 4623.82 4177.9 3588.99 2892.83 2606.26 2469.33 2425.05 4954.88 2280.29 2209.74 2154.13 2076 1798.85 1526.99 1458.97 1412.68 1402.42
threshold=0.14904227520564409 -0.58509013554422229 444.22500000000008 -2.7354729139675422 -0.13167877090789298 220.30000000000004 1.4006164539094066 200.31000000000003 198.19500000000002 97.00500000000001 -1.0000000180025095e-35 269.43500000000006 0.32351354709575825 36.685000000000009 233.76000000000002 -0.23575765862482326 36.685000000000009 411.80500000000006 36.530000000000008 0.064793496226903377 73.894285714285729 152.14500000000004 0.47625529005993922 264.08500000000004 -0.019421102451302123 94.965000000000018 381.53000000000003 397.10500000000008 484.59000000000009 152.14500000000004
decision_type=2 2 2 2 2 2 2 2 2 2 2 2 2 2 2 2 2 2 2 2 2 2 2 2 2 2 2 2 2 2
left_child=1 3 6 -1 5 13 9 22 -5 18 11 16 23 -3 -14 27 -6 -17 -2 -12 -21 26 -8 -11 28 -15 -10 -7 -13 -9
right_child=2 4 -4 8 10 15 7 29 21 12 19 24 14 25 -16 17 -18 -19 -20 20 -22 -23 -24 -25 -26 -27 -28 -29 -30 -31
leaf_value=-3.1242083060741428 -0.036009216082602512 0.085986314031638603 3.0401179289817812 -0.50221231296327384 0.095561934083141176 -0.78599098671314327 0.33119666678273779 1.0288665728888127 -1.0662726665875926 0.21757274815191827 0.033434564654562883 -0.32230618658446475 0.47388189670726144 -0.14457110335322051 0.91730029315364614 -0.48839918213012895 -0.046287257460051301 -1.0877291655540466 0.19769539901490821 0.023117194045687239 0.23396903338838984 -1.4613643856609571 0.64795441031456003 0.4738114527252873 -0.11418623484578348 -0.32319226097793469 -0.60303929567337045 -1.1784808948122223 -0.72003762722015385 1.3534559547901155
leaf_weight=20 160 190 20 225 424 129 117 198 161 135 2526 320 116 546 98 195 2360 20 385 595 524 34 104 209 128 190 20 29 24 40
leaf_count=20 160 190 20 225 424 129 117 198 161 135 2526 320 116 546 98 195 2360 20 385 595 524 34 104 209 128 190 20 29 24 40
internal_value=-9.57838e-12 -0.0887309 0.48572 -0.888911 -0.0438427 -0.289889 0.453013 0.793009 -0.787306 0.311528 0.0024715 -0.0625781 0.489722 -0.133915 0.676943 -0.677108 -0.0246838 -0.544151 0.129085 0.0605789 0.121854 -1.08566 0.480259 0.373253 -0.286091 -0.190683 -1.01509 -0.85803 -0.350055 1.08342
internal_weight=10242 8660 1582 460 8200 1299 1562 459 440 1103 6901 3256 558 926 214 373 2784 215 545 3645 1119 215 221 344 472 736 181 158 344 238
internal_count=10242 8660 1582 460 8200 1299 1562 459 440 1103 6901 3256 558 926 214 373 2784 215 545 3645 1119 215 221 344 472 736 181 158 344 238
is_linear=0
shrinkage=0.05


Tree=44
num_leaves=31
num_cat=0
split_feature=42 42 29 32 53 42 42 53 32 42 40 42 33 26 51 31 42 21 42 22 53 39 42 53 48 24 39 53 53 24
split_gain=159633 114519 48202.6 44045.3 32963.4 23384.2 21793.6 23581.7 18550.6 7659.99 7250.57 6884.85 6531.91 6378.56 5520.02 3497.56 3134.9 2757.75 2729.93 2553.84 2292.43 2281.32 2095.05 2037.73 1890.37 1668.46 1616.51 1611.34 1462.3 1414.79
threshold=0.16448201247384822 -0.31103904290937617 339.80785714285713 437.38500000000005 166.91286934077741 1.5345916654757954 -0.063817000855407244 151.34126035869124 235.66500000000002 0.43784595217201849 200.31000000000003 0.048186281113688424 77.68357142857144 62.263555714058349 39.500000000000007 26.500000000000004 -0.18426071623841003 107.08500000000002 -0.0064843828954310257 449.31500000000005 50.547215127944959 152.14500000000004 0.30340086580086584 267.97878285408024 22.412452614795022 425.09000000000009 152.14500000000004 95.597436544895189 52.598884047865873 43.020000000000003
decision_type=2 2 2 2 2 2 2 2 2 2 2 2 2 2 2 2 2 2 2 2 2 2 2 2 2 2 2 2 2 2
left_child=1 2 4 5 14 8 7 20 15 -10 -7 17 -13 -6 27 -2 23 -8 25 -14 -3 29 -17 -9 -18 -19 28 -1 -12 -15
right_child=3 6 -4 -5 13 10 11 16 9 -11 26 12 19 21 -16 22 24 18 -20 -21 -22 -23 -24 -25 -26 -27 -28 -29 -30 -31
leaf_value=-0.27727490317279646 0.036581447232461907 0.036931084864867507 -2.9984894457317535 2.8266417133808139 -0.6479725524190475 0.5564091786971459 0.035394371594085532 -0.43892527875575155 0.48580106266700063 0.98705555024354352 1.0946556560695171 0.041039982147317494 0.21936638097539413 -1.3567029044741679 0.17692696612614853 0.11770198466192033 -0.34842084590900457 -0.10200989213308041 -0.0043942617092738272 0.65379824241002404 -0.097373456728708008 -1.354977968398561 0.34253573625376732 -0.86026793082555142 -0.84475829780101785 -0.41241687102162317 1.3672038927674295 -0.57152547580855229 0.77315586209297182 -0.92314882453798597
leaf_weight=275 212 492 21 20 176 130 2051 55 226 115 96 1128 561 21 65 145 470 735 1454 36 897 47 363 60 20 46 32 56 56 181
leaf_count=275 212 492 21 20 176 130 2051 55 226 115 96 1128 561 21 65 145 470 735 1454 36 897 47 363 60 20 46 32 56 56 181
internal_value=-1.40593e-10 -0.0783842 -0.633054 0.497108 -0.57255 0.463224 -0.0200416 -0.163282 0.351051 0.654846 0.842253 0.0274747 0.111823 -0.878371 -0.244333 0.20717 -0.423818 -0.00647313 -0.0448938 0.245563 -0.0498012 -1.04122 0.278361 -0.658756 -0.36868 -0.120293 1.04421 -0.327057 0.976208 -0.968221
internal_weight=10242 8847 842 1395 821 1375 8005 1994 1061 341 314 6011 1725 425 396 720 605 4286 2235 597 1389 249 508 115 490 781 184 331 152 202
internal_count=10242 8847 842 1395 821 1375 8005 1994 1061 341 314 6011 1725 425 396 720 605 4286 2235 597 1389 249 508 115 490 781 184 331 152 202
is_linear=0
shrinkage=0.05


Tree=45
num_leaves=31
num_cat=0
split_feature=42 42 29 40 53 42 19 40 42 42 19 42 26 19 28 19 42 40 20 45 42 36 28 53 40 24 24 15 43 37
split_gain=144785 108579 43502.8 37665.4 29749.5 25034.6 23191.2 16853.7 15411.1 7521.89 9821.71 6064.16 5756.65 3929.85 3912.87 3889.59 3099.07 2834.21 2376.3 2272.35 1964.15 1852.33 1792.39 1788.43 1809.53 1459.95 1344.19 1328.23 1299.86 1415.26
threshold=0.32351354709575825 -0.31103904290937617 339.80785714285713 448.50500000000005 166.91286934077741 -0.0035085908973238543 220.30000000000004 297.38500000000005 1.7316940887078287 0.10421320289534224 74.045000000000016 -0.13167877090789298 62.263555714058349 26.500000000000004 49.07500000000001 36.685000000000009 9.1457500000000014 408.09000000000009 193.22500000000002 0.43931013427327653 -0.16586702788242227 395.64500000000004 352.19500000000005 220.60124763309958 419.2050000000001 26.500000000000004 26.500000000000004 0.36570897681179731 0.094059924283973237 331.19433333333336
decision_type=2 2 2 2 2 2 2 2 2 2 2 2 2 2 2 2 2 2 2 2 2 2 2 2 2 2 2 2 2 2
left_child=1 2 4 7 14 6 15 8 13 28 25 17 -6 -2 -1 -3 -10 -8 -15 -9 -17 -13 -12 -14 -25 -11 -22 -16 -7 -30
right_child=3 5 -4 -5 12 9 11 19 16 10 22 21 23 18 27 20 -18 -19 -20 -21 26 -23 -24 24 -26 -27 -28 -29 29 -31
leaf_value=0.075442648077065633 0.0033671860731291497 0.08486319759941012 -2.8485649835495721 2.7363995930552485 -0.615573925270953 0.046127719232244735 -0.48323648337806974 0.90554824860826622 0.66903088018298151 -0.076420405877649158 0.23077888934815355 -0.16520521655972853 -0.83223729565030047 0.32915652944697599 0.07168523257686979 -0.16844829769726855 1.0737913684844971 -1.0085559162600288 0.69692140975776984 1.3520349798975764 -0.25294575834150118 -0.35167871978967002 0.39643966597815355 -1.1848265966447462 -0.71688590240478511 0.088390725633971573 -0.037395725240008337 -0.33996474314671737 -0.024969990280203497 -0.45473780319094659
leaf_weight=82 88 533 21 20 176 2937 224 124 128 213 339 304 105 424 21 381 75 29 49 37 75 237 315 119 25 364 2030 293 454 20
leaf_count=82 88 533 21 20 176 2937 224 124 128 213 339 304 105 424 21 381 75 29 49 37 75 237 315 119 25 364 2030 293 454 20
internal_value=5.42684e-10 -0.0599354 -0.601402 0.58965 -0.543923 -0.00601291 -0.100943 0.543234 0.445259 0.0719636 0.177912 -0.34139 -0.834453 0.310174 -0.232116 -0.0377049 0.818573 -0.543451 0.367255 1.00816 -0.0639835 -0.246895 0.31057 -0.989162 -1.10359 0.0275506 -0.0450757 -0.312434 0.0337279 -0.0431037
internal_weight=10242 9297 842 945 821 8455 3813 925 764 4642 1231 794 425 561 396 3019 203 253 473 161 2486 541 654 249 144 577 2105 314 3411 474
internal_count=10242 9297 842 945 821 8455 3813 925 764 4642 1231 794 425 561 396 3019 203 253 473 161 2486 541 654 249 144 577 2105 314 3411 474
is_linear=0
shrinkage=0.05


Tree=46
num_leaves=31
num_cat=0
split_feature=42 42 33 48 42 53 40 42 53 42 19 42 19 42 42 32 18 53 32 20 19 42 47 43 42 24 51 24 43 44
split_gain=130668 98486.9 36980.9 35260.9 32290.1 28837.5 14014.7 13908.5 13264.8 10504.3 8864.09 5982.55 3546.69 2796.91 2634.47 2778.65 2499.76 2275.07 2184.22 2144.61 2078.86 1819.38 1755.13 2041.78 1649.2 1415.81 1398.7 1317.61 1253.54 1340.44
threshold=0.32351354709575825 -0.58509013554422229 321.41678571428571 -2.7354729139675422 -0.066327260447763006 100.40544097781182 297.38500000000005 1.7316940887078287 219.08551939189439 0.10421320289534224 74.045000000000016 -0.24207231249042255 26.500000000000004 9.1457500000000014 -1.0000000180025095e-35 116.04000000000001 123.50000000000001 162.15656989455226 46.845000000000006 193.22500000000002 269.43500000000006 -0.15458615292385761 0.68174993319540544 0.075321049027007203 -0.2088970760848618 489.33500000000004 31.500000000000004 26.500000000000004 0.11450399215075378 325.34358785780751
decision_type=2 2 2 2 2 2 2 2 2 2 2 2 2 2 2 2 2 2 2 2 2 2 2 2 2 2 2 2 2 2
left_child=1 3 6 -1 5 18 7 12 17 14 27 16 -2 -9 15 -6 -7 -5 -3 -14 -13 -22 23 -12 -20 -17 -8 -11 -16 -30
right_child=2 4 -4 8 9 11 26 13 -10 10 22 20 19 -15 28 25 -18 -19 24 -21 21 -23 -24 -25 -26 -27 -28 -29 29 -31
leaf_value=-2.8235059145092967 0.0031988273350924087 0.080904742934898882 2.5861342516812411 -0.29638298066650948 0.023579253539317412 -0.75807694585426999 0.74589043562695134 0.63557933792471888 -1.0147194390978134 -0.072599386495861618 0.38072072622424741 -0.2224707666254751 0.31269870148795958 1.0201017977396647 0.049485507551891517 -0.080385377784540094 -0.38768741444629784 -0.59014391949479017 -0.16696524350060193 0.66207534257246525 -0.59143561324006633 -0.34353281479273273 0.47331185631878808 0.18075125959013832 -0.03265154653021337 -0.46847754468520481 1.0528671644926071 0.083971190229979356 -0.016968792529162925 -0.3406639205983707
leaf_weight=20 88 301 22 123 1064 138 59 128 175 213 207 276 424 75 2645 1129 68 142 319 49 95 335 114 333 806 24 100 364 371 35
leaf_count=20 88 301 22 123 1064 138 59 128 175 213 207 276 424 75 2645 1129 68 142 319 49 95 335 114 333 806 24 100 364 371 35
internal_value=4.9957e-10 -0.0569386 0.560168 -0.770221 -0.0198095 -0.17916 0.511878 0.422996 -0.67689 0.0375164 0.169016 -0.398738 0.294666 0.777644 0.00678821 -0.0346911 -0.635812 -0.453795 -0.0387284 0.348892 -0.329563 -0.398302 0.295041 0.257406 -0.0707369 -0.0884636 0.938958 0.026173 0.036929 -0.0448735
internal_weight=10242 9297 945 460 8837 2338 923 764 440 6499 1231 912 561 203 5268 2217 206 265 1426 473 706 430 654 540 1125 1153 159 577 3051 406
internal_count=10242 9297 945 460 8837 2338 923 764 440 6499 1231 912 561 203 5268 2217 206 265 1426 473 706 430 654 540 1125 1153 159 577 3051 406
is_linear=0
shrinkage=0.05


Tree=47
num_leaves=31
num_cat=0
split_feature=42 42 26 33 42 19 48 42 36 19 40 42 19 22 42 19 21 40 42 42 40 42 41 31 22 22 19 21 45 41
split_gain=117952 85908.1 35008.4 32747 25948.4 20576.3 17116.2 13032.1 10908.7 9809.27 9406.45 8542.45 7919.44 3830.31 3405.9 3115.51 2621.98 2592.34 2386.15 2267.51 2178.31 1760.13 1669.08 1611 1363.43 1277.62 1239.92 1210.17 1176.4 1129.06
threshold=0.17158807515283722 -0.58509013554422229 142.46406584936543 289.8085714285715 -0.13167877090789298 220.30000000000004 -1.6855455499123739 1.4006164539094066 229.28000000000003 198.19500000000002 200.31000000000003 0.0042467438043781334 275.07000000000005 312.38000000000005 0.47899577429778778 36.685000000000009 50.010000000000012 448.50500000000005 -0.21578494989017649 -0.019421102451302123 81.200000000000017 0.055726332927868015 0.47625529005993922 152.20500000000001 60.535000000000004 449.31500000000005 94.965000000000018 485.59000000000009 0.053710397403839608 0.45146204824381375
decision_type=2 2 2 2 2 2 2 2 2 2 2 2 2 2 2 2 2 2 2 2 2 2 2 2 2 2 2 2 2 2
left_child=1 3 7 9 5 15 -4 8 16 -1 22 12 20 -13 -10 -3 -2 18 -7 27 -6 -15 -9 24 -11 -23 -17 -14 -18 -26
right_child=2 4 6 -5 11 17 -8 10 14 23 -12 13 19 21 -16 26 28 -19 -20 -21 -22 25 -24 -25 29 -27 -28 -29 -30 -31
leaf_value=-0.40903358224795783 0.037029929018816819 0.07127713533216401 2.9136779303848748 -2.6140685590830719 0.059427376805670423 -0.65389346483938704 0.89265224093740647 0.26091383369559917 0.44185006636302032 -0.99967223927378657 0.86129577275292546 0.053640145878982193 -0.26808789906599578 0.073516752199877897 0.85757939929053895 -0.11754326209261326 0.12318312752930845 -1.0887359074183873 -0.39319057662140677 -0.094857622158451713 -0.030327780604760636 0.25723187391459945 0.53620691895484929 -1.1727297617838932 -0.96911095778147383 0.57349811478665003 -0.26584049388374154 -0.66025617463248121 0.31599858782688778 -0.60817362604997105
leaf_weight=227 255 190 20 22 881 167 22 117 226 64 204 2392 311 121 63 546 122 21 185 256 2905 200 104 39 30 38 190 21 225 78
leaf_count=227 255 190 20 22 881 167 22 117 226 64 204 2392 311 121 63 546 122 21 185 256 2905 200 104 39 30 38 190 21 225 78
internal_value=-1.21592e-10 -0.06634 0.433995 -0.73171 -0.0300069 -0.235527 1.85505 0.388642 0.279973 -0.637162 0.616463 0.00746261 -0.0359559 0.0764966 0.532476 -0.109229 0.158755 -0.549072 -0.516876 -0.206674 -0.00944181 0.228788 0.390464 -0.882589 -0.816802 0.307728 -0.155827 -0.292894 0.248208 -0.708434
internal_weight=10242 8884 1358 460 8424 1299 42 1316 891 438 425 7125 4374 2751 289 926 602 373 352 588 3786 359 221 211 172 238 736 332 347 108
internal_count=10242 8884 1358 460 8424 1299 42 1316 891 438 425 7125 4374 2751 289 926 602 373 352 588 3786 359 221 211 172 238 736 332 347 108
is_linear=0
shrinkage=0.05


Tree=48
num_leaves=31
num_cat=0
split_feature=42 42 40 48 42 53 40 42 53 42 31 42 24 42 18 42 53 41 53 28 32 47 43 53 42 37 53 18 44 24
split_gain=106816 80195 30519.8 30506.2 26387.3 24029.4 11837 11308.1 10681.6 8500.81 7441.91 4984.97 2896.56 2456.12 2163.96 2130.71 2668.97 2577.14 1986.36 1963.62 1911.4 1713.98 1661.77 1548.42 1413.05 1391.74 1276.01 1273.34 1065.06 1021.17
threshold=0.32351354709575825 -0.58509013554422229 448.50500000000005 -2.7354729139675422 -0.063817000855407244 100.40544097781182 297.38500000000005 1.7316940887078287 219.08551939189439 0.10421320289534224 53.130000000000003 -0.24207231249042255 97.360000000000014 9.5250000000000021 123.50000000000001 0.0042467438043781334 78.506074754595772 0.48589953151251475 162.15656989455226 487.64000000000004 46.845000000000006 0.68174993319540544 0.057673971488115143 34.334691882133491 -0.2088970760848618 279.33233333333339 256.76882542431355 88.500000000000014 277.71562910958909 26.500000000000004
decision_type=2 2 2 2 2 2 2 2 2 2 2 2 2 2 2 2 2 2 2 2 2 2 2 2 2 2 2 2 2 2
left_child=1 3 6 -1 5 20 7 12 18 15 29 14 23 -9 -7 16 -6 -18 -5 26 -3 22 -12 -2 -22 27 -13 -8 -23 -11
right_child=2 4 -4 8 9 11 25 13 -10 10 21 19 -14 -15 -16 -17 17 -19 -20 -21 24 28 -24 -25 -26 -27 -28 -29 -30 -31
leaf_value=-2.6049622322991492 0.014000720624904057 0.074595209000399329 2.4388830202817919 -0.26103120398957558 0.052815110524714805 -0.6899244404357413 1.3444078373908999 0.60425264045789651 -0.91146956971713478 -0.071449397857401495 0.33897212987373537 -0.19384609800690097 0.44751551406188583 1.0106813975742885 -0.34530969331698386 0.048274037837921356 -0.03891056185990685 -0.40908552408218385 -0.53552045268072213 -0.78578592002391812 -0.15297874523382227 0.29107025144463877 0.16234355488467242 0.24849221143883526 -0.028739916073077722 0.70267044101388032 -0.33418736557561646 0.88648062802496419 0.59691572926261205 0.069152761642855207
leaf_weight=20 91 320 20 123 951 138 20 154 175 213 209 254 159 49 68 1933 2298 48 142 20 319 59 367 311 810 78 447 63 55 328
leaf_count=20 91 320 20 123 951 138 20 154 175 213 209 254 159 49 68 1933 2298 48 142 20 319 59 367 311 810 78 447 63 55 328
internal_value=8.07559e-11 -0.0514801 0.506466 -0.695124 -0.017976 -0.160452 0.464684 0.382576 -0.608313 0.0344189 0.152634 -0.35925 0.266863 0.702356 -0.576168 0.00659432 -0.0178421 -0.0464845 -0.408116 -0.297274 -0.0332706 0.261491 0.226433 0.195411 -0.0638437 0.854315 -0.283336 0.996825 0.438627 0.0137955
internal_weight=10242 9297 945 460 8837 2376 925 764 440 6461 1231 927 561 203 206 5230 3297 2346 265 721 1449 690 576 402 1129 161 701 83 114 541
internal_count=10242 9297 945 460 8837 2376 925 764 440 6461 1231 927 561 203 206 5230 3297 2346 265 721 1449 690 576 402 1129 161 701 83 114 541
is_linear=0
shrinkage=0.05


Tree=49
num_leaves=31
num_cat=0
split_feature=42 42 22 28 42 19 25 45 42 19 29 42 29 45 19 37 42 14 34 30 39 45 19 44 24 22 42 42 51 32
split_gain=96457.5 72139.7 28884.4 28387.2 23551.2 20453.5 9694.55 10780.9 8009.09 7649.09 7599.81 4105.05 2826.09 2734.17 2675.37 2347.31 2428.08 1676.93 1605.32 1523.25 1483.1 1423.48 1391.71 1248.42 1245.39 1181.72 1184.31 1153.39 1115 1052.82
threshold=0.30340086580086584 -0.58509013554422229 400.13000000000005 408.45000000000005 -0.091359535065047334 215.21500000000003 220.94666666666674 2.5314228501489509 0.064793496226903377 198.19500000000002 112.44857142857144 -0.18426071623841003 77.077857142857155 0.43931013427327653 94.965000000000018 163.29000000000005 -0.018319632828109198 0.90332234122743971 7.7095014290773616 4.9407477892774905 152.19000000000003 -0.027499127167900598 50.390000000000008 411.49026720857836 43.020000000000003 449.31500000000005 0.17158807515283722 -0.22365550498115658 20.500000000000004 487.74500000000006
decision_type=2 2 2 2 2 2 2 2 2 2 2 2 2 2 2 2 2 2 2 2 2 2 2 2 2 2 2 2 2 2
left_child=1 2 9 6 5 14 7 12 15 -1 28 21 19 -8 18 -6 23 -14 -3 -2 24 -7 -9 -17 -11 26 -12 -20 -10 -13
right_child=3 4 -4 -5 8 11 13 22 10 20 25 29 17 -15 -16 16 -18 -19 27 -21 -22 -23 -24 -25 -26 -27 -28 -29 -30 -31
leaf_value=-0.36827037430938647 -0.058510801678865548 0.062508332632848482 -2.3873980669871622 2.0122621796254454 0.017119388801737388 -0.54766437927633527 0.69584625217464424 0.90703521808945986 -0.062709506490874464 -1.106994812829154 0.19274902028619967 -0.29340578431361602 0.47004882332940517 1.3068258853185746 -0.21913469220623685 -0.14766340468096151 -0.022396584018072097 -0.00019963184992472329 -0.15276866574438627 0.23649342232554568 -1.1965108346939086 -0.99007696032524106 0.51890350803732876 -0.52143635054429371 -0.69872582092793034 0.52189323596465287 0.3452594941368749 -0.031801649281540167 0.064012071960734815 -0.66663226693868638
leaf_weight=227 49 305 23 29 3558 200 143 83 218 21 429 342 195 21 241 323 1136 21 288 409 20 20 32 24 169 39 181 624 852 20
leaf_count=227 49 305 23 29 3558 200 143 83 218 21 429 342 195 21 241 323 1136 21 288 409 20 20 32 24 169 39 181 624 852 20
internal_value=1.0514e-10 -0.0499685 -0.660368 0.471189 -0.0180612 -0.166961 0.424294 0.351588 0.026873 -0.569472 0.120071 -0.417546 0.275243 0.774081 -0.0669328 -0.00490805 -0.0577561 0.42433 -0.0367926 0.204932 -0.786961 -0.587884 0.799033 -0.173515 -0.74385 0.255062 0.238002 -0.0700018 0.038194 -0.314026
internal_weight=10242 9260 460 982 8800 2040 953 789 6760 437 1719 582 674 164 1458 5041 1483 216 1217 458 210 220 115 347 190 649 610 912 1070 362
internal_count=10242 9260 460 982 8800 2040 953 789 6760 437 1719 582 674 164 1458 5041 1483 216 1217 458 210 220 115 347 190 649 610 912 1070 362
is_linear=0
shrinkage=0.05


Tree=50
num_leaves=31
num_cat=0
split_feature=42 42 33 33 19 42 19 28 42 42 19 26 42 19 19 19 19 42 39 24 40 51 24 43 33 43 14 26 19 24
split_gain=87052.9 65274.6 34365.8 29892.3 15979.2 15178 14618.6 8822.96 10530.6 4602.27 5905.06 3632.12 3236.18 2791.01 2280.81 2105.84 2030.79 2006.93 1844.27 2560.58 1755.87 1455.78 1268.64 1095.61 1477.04 1052.53 1036.53 1332.89 1010.72 1232.03
threshold=0.30340086580086584 -0.31103904290937617 332.37250000000006 321.41678571428571 94.965000000000018 -0.0084290278413996448 220.30000000000004 240.57000000000002 1.7316940887078287 0.10421320289534224 98.655000000000015 62.263555714058349 -0.15458615292385761 26.500000000000004 26.500000000000004 496.18000000000006 37.625000000000007 9.5250000000000021 152.14500000000004 396.47500000000008 404.02500000000003 31.500000000000004 26.500000000000004 0.094059924283973237 335.7928571428572 0.12228516064879928 0.93684664338241042 43.729284406929175 97.00500000000001 26.500000000000004
decision_type=2 2 2 2 2 2 2 2 2 2 2 2 2 2 2 2 2 2 2 2 2 2 2 2 2 2 2 2 2 2
left_child=1 2 4 7 16 6 13 8 14 23 22 -6 20 -3 -2 -14 -1 -10 19 -13 -8 -9 -11 -7 -25 -12 27 -16 29 -15
right_child=3 5 -4 -5 11 9 12 21 17 10 25 18 15 28 26 -17 -18 -19 -20 -21 -22 -23 -24 24 -26 -27 -28 -29 -30 -31
leaf_value=0.074855688504357643 -0.010626988819930502 0.072942684769396235 -2.3733566895775176 2.2699218392372131 -0.45648871678294561 0.033717711762486453 -0.42000675548052957 0.55395578363019493 0.54740720979579083 -0.069481145594195992 0.32973490411129136 -0.72889717199237636 -0.21025238905639251 -0.2318631797246635 0.24228129928340045 -0.73250749826431283 -0.2172272208751044 0.91479559333956972 -1.0176214108000632 -0.15763358541510322 -0.92062230229377739 0.82404605136551989 0.081205302764321044 -0.028511243549855476 -0.46724388942122463 0.19085037970221003 -0.08250182356153217 0.49402061529823993 -0.10759541769980395 -0.024011656405603966
leaf_weight=77 93 509 23 22 231 3292 141 92 154 204 260 181 553 75 381 20 262 49 46 22 20 109 443 470 20 287 21 61 681 1443
leaf_count=77 93 509 23 22 231 3292 141 92 154 204 260 181 553 75 381 20 262 49 46 22 20 109 443 470 20 287 21 61 681 1443
internal_value=6.99694e-11 -0.04747 -0.467215 0.44763 -0.413684 -0.00548561 -0.0862104 0.405869 0.327865 0.0503534 0.135934 -0.599287 -0.284132 -0.032564 0.21533 -0.228481 -0.150884 0.636087 -0.731763 -0.666987 -0.482195 0.700423 0.0336937 0.0233352 -0.0464187 0.256865 0.260717 0.277024 -0.0569855 -0.034281
internal_weight=10242 9260 842 982 819 8418 3442 960 759 4976 1194 480 734 2708 556 573 339 203 249 203 161 201 647 3782 490 547 463 442 2199 1518
internal_count=10242 9260 842 982 819 8418 3442 960 759 4976 1194 480 734 2708 556 573 339 203 249 203 161 201 647 3782 490 547 463 442 2199 1518
is_linear=0
shrinkage=0.05


Tree=51
num_leaves=31
num_cat=0
split_feature=42 42 47 48 42 53 42 36 53 42 53 42 36 22 53 53 41 40 44 42 53 42 42 53 38 42 29 27 48 53
split_gain=78638 57803.1 26702.7 25684.6 17612.8 14119.8 10623 10434.5 7982.75 5830.9 5668.25 3935.68 3880.46 2846.45 2260.22 1978.86 1937.29 1890.97 1843.92 1585.17 1519.29 1198.06 1149.95 1088.74 1027.75 997.958 1039.07 889.255 844.005 816.803
threshold=0.17158807515283722 -0.58509013554422229 -29.206097045605571 -2.7354729139675422 -0.13167877090789298 256.76882542431355 1.5345916654757954 229.28000000000003 219.08551939189439 0.0042467438043781334 356.36368643045432 0.47899577429778778 200.24500000000003 312.38000000000005 36.418100297451026 78.178069090843209 0.48589953151251475 448.50500000000005 53.452676924565999 -0.18929200902277651 162.15656989455226 0.13129305608175892 -0.020809453193666051 79.399835759401341 51.831797621757708 0.7505590033768369 77.910000000000011 297.50000000000006 0.56623588228099453 220.60124763309958
decision_type=2 2 2 2 2 2 2 2 2 2 2 2 2 2 2 2 2 2 2 2 2 2 2 2 2 2 2 2 2 2
left_child=1 3 -2 -1 5 14 7 18 20 10 15 -9 -8 -11 -3 -6 -17 19 -4 -7 28 -15 24 -16 -12 -20 -27 -23 -5 -10
right_child=2 4 6 8 9 17 12 11 29 13 22 -13 -14 21 23 16 -18 -19 25 -21 -22 27 -24 -25 -26 26 -28 -29 -30 -31
leaf_value=-2.3523743474483489 2.1678352308273316 0.059403408017186889 0.038418586146096695 -0.27630933030752591 0.034972689566607727 -0.54661973008138698 0.41225137519386579 0.35945315125864002 -0.64355143633755774 0.04383677499385763 -0.24532431420032405 0.72465489793907523 0.76677622214953112 0.14081507387388975 -0.090987269111020661 -0.031911136134056453 -0.34629642915725711 -0.93011581103007002 0.11856969168049195 -0.32345629140342536 -0.45865268530979963 0.053915405943989761 -0.11382271432683121 -0.21658950819137909 -0.58545180654525752 0.24065178709667784 0.60913615113212949 0.43022750126172427 0.078635918749496339 -0.86642698481542257
leaf_weight=20 20 189 273 103 1465 167 159 224 66 2392 199 110 150 266 509 2454 50 21 186 152 142 20 181 261 25 215 21 73 20 109
leaf_count=20 20 189 273 103 1465 167 159 224 66 2392 199 110 150 266 509 2454 50 21 186 152 142 20 181 261 25 215 21 73 20 109
internal_value=3.58163e-11 -0.0541676 0.354363 -0.599953 -0.0243645 -0.193686 0.327256 0.250052 -0.520297 0.00650551 -0.0293661 0.479729 0.584351 0.0635403 -0.0955319 -0.0111841 -0.0381888 -0.470539 0.139675 -0.440285 -0.34723 0.194824 -0.20755 -0.133562 -0.283285 0.20518 0.273441 0.3493 -0.218595 -0.782371
internal_weight=10242 8884 1358 460 8424 1299 1338 1029 440 7125 4374 334 309 2751 959 3969 2504 340 695 319 265 359 405 770 224 422 236 93 123 175
internal_count=10242 8884 1358 460 8424 1299 1338 1029 440 7125 4374 334 309 2751 959 3969 2504 340 695 319 265 359 405 770 224 422 236 93 123 175
is_linear=0
shrinkage=0.05


Tree=52
num_leaves=31
num_cat=0
split_feature=42 42 33 33 42 53 53 33 45 42 33 42 37 53 14 53 48 37 32 53 39 30 22 45 22 42 41 19 48 53
split_gain=71178.1 53779.7 26164.4 24174 17632.3 16050.2 7305.62 7169.05 7722.82 5469.85 6307.5 3240.71 2657.86 1781.68 1610.54 1479.23 1448.81 1397.1 1332.65 1315.46 2254.13 1268.7 1263.32 1203.85 1158.85 1329.98 1154.48 1130.6 1042.72 1146.32
threshold=0.30340086580086584 -0.58509013554422229 321.41678571428571 289.8085714285715 -0.063817000855407244 100.40544097781182 219.08551939189439 253.13857142857145 2.5314228501489509 0.053877306606963361 80.463928571428582 -0.24207231249042255 106.47200000000002 499.61973993837836 0.65513208963863001 162.15656989455226 22.412452614795022 279.33233333333339 46.845000000000006 74.047513173818615 35.695000000000007 4.9407477892774905 311.59500000000008 0.43382107009606391 109.56500000000001 0.43784595217201849 0.063750790772394164 50.390000000000008 -0.15082179267540133 264.1016729986668
decision_type=2 2 2 2 2 2 2 2 2 2 2 2 2 2 2 2 2 2 2 2 2 2 2 2 2 2 2 2 2 2
left_child=1 3 7 6 5 18 15 8 12 13 -11 14 21 19 -7 -1 -13 23 -3 -6 -21 -2 -12 -9 -14 -26 -15 -10 -8 -30
right_child=2 4 -4 -5 9 11 28 17 27 10 22 16 24 26 -16 -17 -18 -19 -20 20 -22 -23 -24 -25 25 -27 -28 -29 29 -31
leaf_value=-0.1998654453545809 -0.057232911728930719 0.062259292550152168 2.1096433521163735 -2.1872570460492913 0.050052951639533994 -0.56725965067744255 -0.62256326671989493 0.70141661342647343 0.7870518224785128 0.026856085551150849 0.14803047993500909 -0.23197655969485642 0.25787534630030734 -0.11693201996386052 -0.26995891954968959 -0.4357200485719761 -0.65346340537071235 0.53775340237599967 -0.053336235269346499 -0.32933188543788028 -0.0093314898551251305 0.21082872934053454 0.27602822837316332 1.134159161090851 0.32522081593672436 0.65289157163351774 -0.51736204672294361 0.43722019232809545 -0.69758570724063462 -1.0679458726675084
leaf_weight=125 49 320 22 22 1028 138 87 45 83 1284 415 700 89 72 68 142 21 68 1129 56 3185 445 360 25 60 64 24 32 45 39
leaf_count=125 49 320 22 22 1028 138 87 45 83 1284 415 700 89 72 68 142 21 68 1129 56 3185 445 360 25 60 64 24 32 45 39
internal_value=3.14911e-11 -0.0429241 0.404763 -0.569955 -0.0153747 -0.13175 -0.488721 0.365693 0.309708 0.0276683 0.0948451 -0.294224 0.247898 -0.00401941 -0.469122 -0.325301 -0.244253 0.699166 -0.0278079 0.000770919 -0.0148607 0.18424 0.207487 0.855968 0.395536 0.494341 -0.21704 0.689707 -0.743885 -0.869539
internal_weight=10242 9260 982 460 8800 2376 438 960 822 6424 2059 927 707 4365 206 267 721 138 1449 4269 3241 494 775 70 213 124 96 115 171 84
internal_count=10242 9260 982 460 8800 2376 438 960 822 6424 2059 927 707 4365 206 267 721 138 1449 4269 3241 494 775 70 213 124 96 115 171 84
is_linear=0
shrinkage=0.05


Tree=53
num_leaves=31
num_cat=0
split_feature=42 42 37 22 42 53 42 53 31 40 53 42 53 42 22 28 19 42 22 49 42 21 53 45 41 43 43 42 42 42
split_gain=64274.2 46261.8 35970.8 22327.5 13911 11809.5 10288.4 6385.17 5624.68 5597.25 4765.75 3073.75 2375.57 2238.36 2214.68 1860.1 1736.42 1707.5 1675.22 1466.57 1417.79 1369.45 1335.01 1237.75 974.504 947.915 943.04 1120.3 921.769 883.954
threshold=0.14904227520564409 -0.58509013554422229 382.14483333333339 400.13000000000005 -0.13167877090789298 256.76882542431355 1.4006164539094066 219.08551939189439 42.170000000000009 200.31000000000003 494.54081681370741 -1.0000000180025095e-35 113.9975213545561 0.47899577429778778 109.56500000000001 45.965000000000011 430.18500000000006 -0.037710127901015293 312.38000000000005 7.5000000000000009 -0.21578494989017649 256.19000000000005 162.15656989455226 0.32782962403712274 0.47625529005993922 0.21098388775914367 0.069682255728767434 0.0032772003746707806 0.053877306606963361 -0.22365550498115658
decision_type=2 2 2 2 2 2 2 2 2 2 2 2 2 2 2 2 2 2 2 2 2 2 2 2 2 2 2 2 2 2
left_child=1 3 6 7 5 15 8 22 -2 24 11 12 -6 21 -15 -3 20 -14 25 -16 -7 -10 -1 -11 -8 -13 27 -12 -20 -17
right_child=2 4 -4 -5 10 16 9 -9 13 23 26 18 17 14 19 29 -18 -19 28 -21 -22 -23 -24 -25 -26 -27 -28 -29 -30 -31
leaf_value=-0.18987217410802842 0.047963377576995703 0.047880063377254249 2.4000704789161684 -2.0598633273788121 0.0086740904842810673 -0.51433187804809988 0.18432905083028681 -0.70106384301886848 0.13586296327558278 0.27505172816189855 -0.23496376900944149 0.040826109315962568 -0.16937985790063398 0.27656314431966006 0.49570701643824577 -0.16991671277536516 -0.8590573245828802 -0.041485909622428638 0.05571578075611814 0.98869661309502355 -0.30247185950189137 0.30361975405296376 -0.41393404644979559 0.66864170173552184 0.39468188606775723 -0.037786613555855303 -0.5347407492724332 0.1163984266611246 0.21736580873326139 -0.060826184266394502
leaf_weight=125 453 203 20 23 1876 146 117 170 231 22 178 2773 377 91 48 428 22 848 161 22 172 257 142 217 104 445 22 26 195 328
leaf_count=125 453 203 20 23 1876 146 117 170 231 22 178 2773 377 91 48 428 22 848 161 22 172 257 142 217 104 445 22 26 195 328
internal_value=8.89113e-11 -0.0535353 0.293057 -0.541457 -0.0261641 -0.176268 0.266078 -0.461541 0.183171 0.464695 0.00209059 0.00973613 -0.0266893 0.277546 0.439208 -0.0865023 -0.429461 -0.0808459 0.0413409 0.650647 -0.399741 0.22421 -0.309036 0.632412 0.283319 0.0299552 -0.223723 -0.190182 0.14426 -0.122586
internal_weight=10242 8660 1582 460 8200 1299 1562 437 1102 460 6901 6675 3101 649 161 959 340 1225 3574 70 318 488 267 239 221 3218 226 204 356 756
internal_count=10242 8660 1582 460 8200 1299 1562 437 1102 460 6901 6675 3101 649 161 959 340 1225 3574 70 318 488 267 239 221 3218 226 204 356 756
is_linear=0
shrinkage=0.05


Tree=54
num_leaves=31
num_cat=0
split_feature=42 42 33 48 42 25 25 42 42 31 28 42 27 15 25 42 37 22 45 42 43 44 42 32 40 45 22 39 43 15
split_gain=58599.5 43765.6 22660.5 21226.1 14344.7 12874.4 6271.13 6789.19 4462.24 5133.82 4115.68 2633.87 1805.2 1634.01 1512.11 1499.97 1482.62 1339.94 1189.18 1177.65 1149.95 1122.72 1057.95 1031.65 974.889 962.455 951.283 920.877 1352.5 900.522
threshold=0.30340086580086584 -0.58509013554422229 321.41678571428571 -2.7354729139675422 -0.063817000855407244 138.12333333333336 220.94666666666674 2.4392836259826987 0.048186281113688424 50.150000000000006 198.19500000000002 -0.18426071623841003 50.82500000000001 0.91586428826728705 32.099999999999987 -0.21578494989017649 163.29000000000005 311.59500000000008 0.43931013427327653 0.7505590033768369 0.11450399215075378 330.17752705776087 -0.018319632828109198 75.435000000000016 489.57500000000005 -0.095562098363207518 109.56500000000001 152.39000000000001 -0.60948749999999985 0.42887605137607676
decision_type=2 2 2 2 2 2 2 2 2 2 2 2 2 2 2 2 2 2 2 2 2 2 2 2 2 2 2 2 2 2
left_child=1 3 6 -1 5 14 7 12 16 -10 -5 13 -2 -7 -3 -16 -6 -11 -8 -14 22 -22 -18 -9 -13 -15 -21 28 -12 -19
right_child=2 4 -4 10 8 11 18 23 9 17 27 24 19 25 15 -17 20 29 -20 26 21 -23 -24 -25 -26 -27 -28 -29 -30 -31
leaf_value=-2.1074650789424778 0.13806731779660866 0.057106812001024333 1.9538812751797114 -0.2918071448719794 0.015173123327179058 -0.33191194181255573 0.53543074677387881 0.53909161125404248 0.012050585776058951 0.12201141033816908 -0.24299357937914984 -0.20458361495430122 0.1534026393358848 -0.50272750490241591 -0.14192068383970904 -0.026837196873074357 -0.12887539734840395 -0.075870400383358905 0.85285517730210969 0.30473335229459853 -0.11564208823256195 -0.53719149773771113 -0.014059584730237863 0.87559604294159843 -0.49864281928787629 -0.89358642668951127 0.54328735416585749 -0.92088729023933424 -0.61834036558866501 0.26117679526479071
leaf_weight=20 362 323 22 224 2942 174 132 69 1152 613 28 466 96 63 417 882 250 21 38 174 56 22 1016 34 30 21 55 20 168 352
leaf_count=20 362 323 22 224 2942 174 132 69 1152 613 28 466 96 63 417 882 250 21 38 174 56 22 1016 34 30 21 55 20 168 352
internal_value=-2.15341e-10 -0.0389471 0.36726 -0.514384 -0.0140946 -0.119062 0.3309 0.271619 0.0247288 0.0837307 -0.441972 -0.289768 0.214864 -0.41934 -0.0397077 -0.0637809 -0.00470327 0.167479 0.606384 0.300403 -0.0482125 -0.234541 -0.0367325 0.650171 -0.222369 -0.600442 0.362028 -0.597698 -0.564719 0.242201
internal_weight=10242 9260 982 460 8800 2376 960 790 6424 2138 440 754 687 258 1622 1299 4286 986 170 325 1344 78 1266 103 496 84 229 216 196 373
internal_count=10242 9260 982 460 8800 2376 960 790 6424 2138 440 754 687 258 1622 1299 4286 986 170 325 1344 78 1266 103 496 84 229 216 196 373
is_linear=0
shrinkage=0.05


Tree=55
num_leaves=31
num_cat=0
split_feature=42 42 29 29 53 42 53 35 42 22 42 42 53 47 50 53 19 19 53 25 53 47 42 19 24 32 42 43 43 32
split_gain=52944.9 39831 28258.7 21502.5 10119.2 9825.44 9227.85 6813.02 6251.93 3076.89 3264.23 2573.26 1999.74 1780.06 1740.84 1679.93 1467.1 1383.9 1249.97 1151.59 1243.69 1119.34 1096.58 1037.68 990.886 931.064 895.995 1095.78 833.506 828
threshold=0.35257108197013171 -0.31103904290937617 339.80785714285713 315.69142857142867 166.91286934077741 -0.0035085908973238543 280.89947379827504 108.06000000000002 2.4392836259826987 269.10000000000008 0.053877306606963361 -0.18929200902277651 46.910642910003666 -3.7707471606786345 21.500000000000004 59.104859910607345 496.18000000000006 26.500000000000004 98.460179142951986 328.38666666666671 264.1016729986668 0.63925287961698996 -0.2088970760848618 56.935000000000009 26.500000000000004 75.435000000000016 0.14358396162770701 0.075321049027007203 0.61094286454622038 210.61000000000004
decision_type=2 2 2 2 2 2 2 2 2 2 2 2 2 2 2 2 2 2 2 2 2 2 2 2 2 2 2 2 2 2
left_child=1 2 4 7 15 6 12 8 17 28 -11 -8 -3 -9 -6 -1 21 -2 23 20 -16 -13 -14 -19 -24 -10 27 -12 -7 -17
right_child=3 5 -4 -5 14 9 11 13 25 10 26 16 22 -15 19 29 -18 18 -20 -21 -22 -23 24 -25 -26 -27 -28 -29 -30 -31
leaf_value=-0.012167644457308793 0.031196069561299822 0.049565240911883621 -2.1746142148971557 1.9857855686545371 -0.31844196780461131 0.033416440619312406 -0.60655996499752463 0.54579979498629216 0.51213704088459844 0.012654238164407271 0.26495398844651008 -0.27053316229183871 -0.13746836182781227 1.0457780379056931 -0.49734814354488927 -0.25262374660798481 -0.55669574817192968 0.20653510879882703 -0.076516635598795069 -0.38661136161990284 -0.73060025887669255 -0.12765808667071529 -0.21853697135423622 0.3753075392976884 -0.029971632106515506 0.83181625744875731 0.29061159982196827 0.047422415683092169 -0.062583417910336794 0.063378081146789639
leaf_weight=163 105 659 21 20 113 3658 44 162 69 317 111 249 303 20 124 210 29 343 31 82 106 305 72 124 2152 34 231 121 241 23
leaf_count=163 105 659 21 20 113 3658 44 162 69 317 111 249 303 20 124 210 29 343 31 82 106 305 72 124 2152 34 231 121 241 23
internal_value=5.70357e-11 -0.0354567 -0.363473 0.364486 -0.317147 -0.00293322 -0.062511 0.32797 0.257652 0.0456177 0.13627 -0.237849 -0.0280047 0.600742 -0.48659 -0.135294 -0.210022 0.196158 0.230939 -0.54749 -0.604847 -0.191875 -0.0482337 0.251348 -0.0360763 0.617662 0.220906 0.1515 0.0274826 -0.22143
internal_weight=10242 9334 842 908 821 8492 3813 888 706 4679 780 627 3186 182 425 396 583 603 498 312 230 554 2527 467 2224 103 463 232 3899 233
internal_count=10242 9334 842 908 821 8492 3813 888 706 4679 780 627 3186 182 425 396 583 603 498 312 230 554 2527 467 2224 103 463 232 3899 233
is_linear=0
shrinkage=0.05


Tree=56
num_leaves=31
num_cat=0
split_feature=53 36 34 45 53 45 47 41 53 46 45 22 45 44 37 43 22 21 53 53 53 41 45 22 53 41 47 45 45 15
split_gain=25653.1 24610 20025.9 17421.7 9804.67 9527.24 8625.42 4730.84 13315.8 4501.38 2862.23 2859.89 3387.06 2144.63 2106.41 2006.73 1948.81 1860.73 3264.65 1783.59 1366.24 1149.2 956.661 884.042 813.479 771.671 642.971 453.885 428.916 327.303
threshold=560.38022562563435 551.35500000000013 52.971403372369622 0.29586512126283321 356.36368643045432 -0.18208633960108081 -3.873225821423794 0.43117195491223659 162.15656989455226 50.049720813740848 2.5314228501489509 310.06000000000006 -0.056035328691932666 271.2416505655587 281.45850000000002 -0.0099369560813005412 50.860000000000007 358.37500000000006 454.23593914389613 74.830377647280713 92.497911597490329 0.27351374749592477 0.6141185223032255 398.83500000000009 413.32510092973718 0.46364133064800989 0.68174993319540544 0.34723088098451671 2.7929149943930933 0.91586428826728705
decision_type=2 2 2 2 2 2 2 2 2 2 2 2 2 2 2 2 2 2 2 2 2 2 2 2 2 2 2 2 2 2
left_child=1 3 -2 4 7 14 21 11 19 10 13 20 -13 -8 24 23 -10 26 -19 -9 -1 -5 -17 -11 -6 27 -7 -23 -27 -16
right_child=2 -3 -4 6 5 17 9 8 16 15 -12 12 -14 -15 29 22 -18 18 -20 -21 -22 25 -24 -25 -26 28 -28 -29 -30 -31
leaf_value=0.024568363326727911 -0.14498915817588567 1.6754516268318351 -2.3825055630132557 0.20439815248828383 -0.58561567713816964 -0.33142932700105465 0.16078739756134136 0.0088621061533514164 -0.73151749941435729 -0.11372196847417702 0.68657308777173365 -0.12526800686900971 0.21171420001965796 0.60289235993705947 -0.31247889186091288 0.0041884592507843051 -0.36259659949379663 0.094207577864405603 -0.18176228183463877 -0.14045746208751106 -0.022091580065035143 0.55533866286277778 0.23105564383523808 -0.48470125290063715 -0.9373494758605958 0.41120124773312644 -0.13520835671307785 0.86026165589042325 0.63144095766133279 -0.49064059386382236
leaf_weight=3429 20 22 20 32 48 83 507 984 44 42 30 96 334 29 85 273 192 227 203 251 2892 26 56 26 25 93 84 23 29 37
leaf_count=3429 20 22 20 32 48 83 507 984 44 42 30 96 334 29 85 273 192 227 203 251 2892 26 56 26 25 93 84 23 29 37
internal_value=-2.84062e-11 0.0049549 -1.26375 0.00134479 -0.0221803 -0.190198 0.18321 -0.00599574 -0.0872467 0.120773 0.211308 0.0117083 0.136481 0.184707 -0.493629 -0.00830224 -0.431378 -0.0910867 -0.0360759 -0.0214854 0.00322039 0.479404 0.0428042 -0.255567 -0.706072 0.530867 -0.232731 0.698466 0.463553 -0.366512
internal_weight=10242 10202 40 10180 9014 792 1166 8222 1471 963 566 6751 430 536 195 397 236 597 430 1235 6321 203 329 68 73 171 167 49 122 122
internal_count=10242 10202 40 10180 9014 792 1166 8222 1471 963 566 6751 430 536 195 397 236 597 430 1235 6321 203 329 68 73 171 167 49 122 122
is_linear=0
shrinkage=0.05


Tree=57
num_leaves=31
num_cat=0
split_feature=42 42 37 48 42 53 34 42 53 25 53 43 47 24 30 30 19 19 42 42 49 53 37 53 42 42 42 42 38 47
split_gain=44781.4 32890.6 24111.9 18513.8 11107.5 8190.19 4677.23 4513.31 4243.92 3451.66 3393.03 3049.64 1911.41 1579.45 1488.23 1411.07 1357.66 1317.15 1159.62 962.956 907.026 875.896 875.204 1100.66 1242.47 865.409 840.777 806.649 786.783 751.417
threshold=0.27134082422581646 -0.58509013554422229 327.28533333333343 -2.7354729139675422 -0.13167877090789298 256.76882542431355 31.334848294389982 0.010781699728707865 219.08551939189439 317.49000000000007 356.36368643045432 -0.020324302339073307 -0.036106984952084524 35.960000000000008 66.310480327214051 8.6831968373231927 430.18500000000006 36.685000000000009 0.13129305608175892 9.5250000000000021 6.5000000000000009 166.91286934077741 281.45850000000002 220.60124763309958 -0.61001260416833858 -0.21578494989017649 -0.012581838826496092 -0.014027063085931235 51.831797621757708 3.7457515240613621
decision_type=2 2 2 2 2 2 2 2 2 2 2 2 2 2 2 2 2 2 2 2 2 2 2 2 2 2 2 2 2 2
left_child=1 3 6 -1 5 15 13 10 21 20 17 -8 14 -2 19 -3 25 -6 -11 -13 -9 -5 23 -10 -25 29 -19 28 -12 -7
right_child=2 4 -4 8 7 16 11 9 22 18 27 12 -14 -15 -16 -17 -18 26 -20 -21 -22 -23 -24 24 -26 -27 -28 -29 -30 -31
leaf_value=-1.9354237940907479 -0.026804798024010607 0.029890470406552013 1.9849416443279813 -0.17780420409563261 0.071916645017616201 -0.57760367089626841 0.13533257307415758 0.013049801878551346 -0.46391544694250286 0.10253049126858343 -0.18382899550159582 0.3075105435917011 0.75686151937740609 0.20409020836039182 0.55621028716821186 -0.10936305444625734 -0.73940616683526483 -0.042950545817082221 0.25804783115313662 0.59423408508300779 0.081352575867426447 -0.36253684703089778 -0.29717189161479474 -0.92906753733044578 -0.54447229135604136 -0.25726819716307314 0.0044435929551206342 -0.078342776277016135 -0.47548551078026113 -0.33967862224892564
leaf_weight=20 91 244 21 156 478 51 108 1509 66 232 209 260 41 398 109 715 22 1654 248 33 717 109 25 42 42 172 2155 194 26 95
leaf_count=20 91 244 21 156 478 51 108 1509 66 232 209 260 41 398 109 715 22 1654 248 33 717 109 25 42 42 172 2155 194 26 95
internal_value=-1.74309e-10 -0.0355418 0.307549 -0.447606 -0.0138069 -0.148688 0.273678 0.00979997 -0.379978 0.0612731 -0.0197348 0.373569 0.431649 0.161122 0.398481 -0.0739325 -0.359542 -0.00631866 0.182881 0.339804 0.0350503 -0.253789 -0.571065 -0.616714 -0.73677 -0.333262 -0.0161366 -0.153803 -0.216097 -0.422789
internal_weight=10242 9181 1061 460 8721 1299 1040 7422 440 2706 4716 551 443 489 402 959 340 4287 480 293 2226 265 175 150 84 318 3809 429 235 146
internal_count=10242 9181 1061 460 8721 1299 1040 7422 440 2706 4716 551 443 489 402 959 340 4287 480 293 2226 265 175 150 84 318 3809 429 235 146
is_linear=0
shrinkage=0.05


Tree=58
num_leaves=31
num_cat=0
split_feature=42 42 33 37 42 19 53 35 42 42 39 51 51 19 42 47 53 47 19 42 43 14 28 43 33 24 15 44 53 53
split_gain=40601.2 30201.8 24238.5 20071.5 7721.82 7303.54 7073.07 4892.41 4783.47 2411.38 3471.12 2051.07 1911.08 1783.35 1889.75 1641.21 1569.7 1394.28 1235.2 1133.65 1090.37 1066.46 986.375 957.454 1117.85 872.742 818.583 785.044 783.3 718.22
threshold=0.35257108197013171 -0.31103904290937617 332.37250000000006 324.70533333333339 -0.0095080579103861192 220.30000000000004 166.91286934077741 108.06000000000002 1.7316940887078287 0.10421320289534224 51.660000000000004 39.500000000000007 18.500000000000004 496.18000000000006 -0.2023565820039244 -3.7707471606786345 12.143758199214938 0.68174993319540544 26.500000000000004 9.5250000000000021 0.075321049027007203 0.91754963795098432 408.45000000000005 0.094059924283973237 366.40321428571434 44.570000000000007 0.90515966073569365 280.19408080808086 100.90146086990835 304.58080179870132
decision_type=2 2 2 2 2 2 2 2 2 2 2 2 2 2 2 2 2 2 2 2 2 2 2 2 2 2 2 2 2 2
left_child=1 2 6 7 5 16 11 8 18 23 -11 -1 25 14 26 -9 -3 20 -2 -10 -12 -20 -14 -6 -25 -8 -7 -19 -18 -16
right_child=3 4 -4 -5 9 13 12 15 19 10 17 -13 22 -15 29 -17 28 27 21 -21 -22 -23 -24 24 -26 -27 -28 -29 -30 -31
leaf_value=-0.1702839769570022 -0.030885444975447381 0.064744583748176071 -1.9175082077798635 1.8856044468283653 0.02578510972059438 -0.23196160445610681 -0.62985382183738381 0.46083244504350607 0.36141073137041063 -0.001720530373787967 0.22360722793821705 0.13692723069053431 -0.61322630774525422 -0.64609546227888626 -0.068391354232551951 0.94043399304151531 -0.020968865178987856 0.20225334916108598 0.19462358604223295 0.63731621236217273 0.08628654285864551 -0.17968833562219516 -0.26348588463539879 -0.033377934513234737 -0.41502131581306456 -0.30799869280979042 -0.57392704373314263 0.46503608916644695 -0.086248687407871297 -0.19197644531312918
leaf_weight=331 87 426 23 20 3364 30 23 165 155 531 228 65 126 22 157 20 1574 60 392 49 395 20 24 472 20 250 42 54 649 468
leaf_count=331 87 426 23 20 3364 30 23 165 155 531 228 65 126 22 157 20 1574 60 392 49 395 20 24 472 20 250 42 54 649 468
internal_value=-1.11624e-10 -0.0310496 -0.316678 0.319182 -0.00272892 -0.0615379 -0.271722 0.283902 0.223697 0.0359261 0.0957407 -0.119858 -0.413892 -0.202866 -0.188875 0.512681 -0.0231783 0.16596 0.140304 0.427682 0.136542 0.176453 -0.557268 0.0162568 -0.0488919 -0.335115 -0.431441 0.326729 -0.0400272 -0.160932
internal_weight=10242 9334 842 908 8492 3368 819 888 703 5124 1268 396 423 719 697 185 2649 737 499 204 623 412 150 3856 492 273 72 114 2223 625
internal_count=10242 9334 842 908 8492 3368 819 888 703 5124 1268 396 423 719 697 185 2649 737 499 204 623 412 150 3856 492 273 72 114 2223 625
is_linear=0
shrinkage=0.05


Tree=59
num_leaves=31
num_cat=0
split_feature=42 42 37 33 53 42 53 35 45 21 51 32 53 14 47 37 45 42 38 53 19 14 42 32 51 42 53 19 44 47
split_gain=36699.7 27910.8 34891.1 22172.4 10617 5517.99 4588.28 4394.96 3967.03 3396.31 1750.66 1222.38 1179.35 1236.31 1046.58 1022.33 1119.69 997.407 1387.73 990.981 1368.19 989.071 938.99 921.438 821.361 741.386 960.966 728.158 724.624 722.032
threshold=0.47899577429778778 -0.17536864442696176 341.17616666666675 320.12750000000011 162.15656989455226 0.010781699728707865 356.36368643045432 108.06000000000002 2.5314228501489509 243.28500000000005 18.500000000000004 116.04000000000001 36.418100297451026 0.95868230523210329 -2.6285683927630923 279.33233333333339 0.43382107009606391 -0.016954278933262585 57.578972129277354 105.8809470832348 42.625000000000007 0.93684664338241042 0.17158807515283722 410.55500000000006 14.500000000000002 -0.037710127901015293 76.768729260563859 44.465000000000011 54.921616201906794 0.68174993319540544
decision_type=2 2 2 2 2 2 2 2 2 2 2 2 2 2 2 2 2 2 2 2 2 2 2 2 2 2 2 2 2 2
left_child=1 2 4 7 12 6 11 8 19 24 28 -3 -1 -14 -12 16 -9 18 29 20 -2 22 -11 -16 -7 26 -13 -10 -6 -8
right_child=3 5 -4 -5 10 9 17 15 27 21 14 25 13 -15 23 -17 -18 -19 -20 -21 -22 -23 -24 -25 -26 -27 -28 -29 -30 -31
leaf_value=0.041249172280533715 0.11448206027957382 0.016983467338560678 -2.3053861337900163 1.969597438722849 -0.57076716604440114 -0.044088115869694716 -0.30706757955253128 0.51075656401939806 0.5716866010572853 0.12894412277836509 -0.22365912457599357 0.0004854366565708089 -0.12448815800585465 0.26569904628254121 -0.57156938456495598 0.35802938487656694 0.88285305125017965 -0.075136577829125514 -0.59118035157089655 -0.17794119460042568 0.28465055727313476 -0.1921409018151462 0.2553170488302724 -0.22506376193328337 0.043893964033676826 -0.017095998933764397 -0.13571028362803506 0.29354386767654711 -0.28181485893987801 -0.13815635700618298
leaf_weight=158 302 2458 20 20 23 308 90 62 82 526 34 207 610 21 150 54 30 201 23 20 194 20 204 22 1912 1516 346 33 383 213
leaf_count=158 302 2458 20 20 23 308 90 62 82 526 34 207 610 21 150 54 30 201 23 20 194 20 204 22 1912 1516 346 33 383 213
internal_value=2.64947e-11 -0.0274939 -0.23174 0.325822 -0.202138 0.00867674 -0.0231085 0.283511 0.226311 0.0627652 -0.358421 -0.00685386 -0.0809135 -0.111503 -0.477142 0.530727 0.632092 -0.162738 -0.21675 0.167126 0.18104 0.154755 0.164259 -0.527249 0.0316874 -0.0351729 -0.0847292 0.491872 -0.298184 -0.188328
internal_weight=10242 9445 1421 797 1401 8024 5054 777 631 2970 612 4527 789 631 206 146 92 527 326 516 496 750 730 172 2220 2069 553 115 406 303
internal_count=10242 9445 1421 797 1401 8024 5054 777 631 2970 612 4527 789 631 206 146 92 527 326 516 496 750 730 172 2220 2069 553 115 406 303
is_linear=0
shrinkage=0.05


Tree=60
num_leaves=31
num_cat=0
split_feature=42 40 33 42 53 40 42 42 21 53 35 30 38 50 42 42 30 53 14 19 53 42 29 32 19 24 28 47 47 19
split_gain=33173.7 26781.1 20812.2 19434.5 11072.9 3408.8 3201.72 2561.8 2554.12 2435.28 2206.51 1876.68 2252.22 1174.67 1133.67 1101.57 1088.96 1053.79 1036.87 951.564 1042.95 949.394 857.895 1034.04 787.283 828.509 688.366 656.975 640.879 635.066
threshold=0.27134082422581646 736.7600000000001 323.72000000000008 -0.1333913232799385 155.40839372575286 161.87500000000003 0.0091087903412931191 1.4006164539094066 298.19000000000005 173.80162469148641 100.37500000000001 60.291840792447431 130.17468593369259 21.500000000000004 0.6503182461103254 -0.040510890685656074 8.6831968373231927 220.60124763309958 0.95868230523210329 16.500000000000004 79.10489873528482 0.13129305608175892 263.52357142857153 75.435000000000016 36.685000000000009 26.500000000000004 61.830000000000005 0.96615683853200107 0.68174993319540544 77.435000000000016
decision_type=2 2 2 2 2 2 2 2 2 2 2 2 2 2 2 2 2 2 2 2 2 2 2 2 2 2 2 2 2 2
left_child=1 3 5 4 16 19 9 10 -8 24 26 -6 17 -9 -12 27 -1 -13 29 -2 -21 -10 23 -15 -5 -26 -7 -11 -23 -18
right_child=2 -3 -4 6 11 7 8 13 21 15 14 12 -14 22 -16 -17 18 -19 -20 20 -22 28 -24 -25 25 -27 -28 -29 -30 -31
leaf_value=0.025001371368960492 -0.075478714052587756 -1.6029898541945 1.8623538960143926 0.065000027324228243 -0.26890820227636286 0.10681156733909908 0.028235264257507931 0.25520029372361663 0.08517553453903387 -0.21638203039765358 0.26531101934138746 -0.3697731112332448 -0.010372249368164275 0.37287508037059047 0.60282888739339768 -0.044300441859584962 -0.07408838640283516 -0.59680659614179443 0.24098093380982225 0.17282612192317506 -0.19835589587688449 0.17462097382439035 0.20285048815939161 0.60133261886627787 -0.18344499175510709 -0.00014048331671428409 -0.19783154607496478 -0.086235360107756287 0.35905631728350157 -0.17472071524590571
leaf_weight=244 52 27 20 480 511 118 2246 91 273 178 126 92 27 87 31 862 471 115 22 352 20 196 27 115 63 2864 22 213 62 235
leaf_count=244 52 27 20 480 511 118 2246 91 273 178 126 92 27 87 31 862 471 115 22 352 20 196 27 115 63 2864 22 213 62 235
internal_value=1.25041e-10 -0.0305905 0.264705 -0.0259527 -0.177575 0.23401 0.00905285 0.309014 0.0515508 -0.0162726 0.20326 -0.322609 -0.43988 0.407167 0.331955 -0.0758748 -0.0664126 -0.495903 -0.0970514 0.124865 0.15287 0.15017 0.467556 0.502938 0.00564738 -0.00408588 0.0589391 -0.145484 0.218943 -0.107585
internal_weight=10242 9181 1061 9154 1717 1041 7437 617 2777 4660 297 745 234 320 157 1253 972 207 728 424 372 531 229 202 3407 2927 140 391 258 706
internal_count=10242 9181 1061 9154 1717 1041 7437 617 2777 4660 297 745 234 320 157 1253 972 207 728 424 372 531 229 202 3407 2927 140 391 258 706
is_linear=0
shrinkage=0.05


Tree=61
num_leaves=31
num_cat=0
split_feature=42 40 33 42 53 42 31 31 42 19 30 38 53 53 24 30 53 19 14 15 47 47 43 42 29 30 48 51 41 43
split_gain=30233.4 24301 19213.8 18410.5 9634.27 3974.65 3639.02 3413.59 3262.37 2176.47 1435.03 1851.62 1307.9 1072.32 1981.53 1063.75 1008.09 1529.43 1001.03 951.365 909.789 906.336 1017.03 868.086 815.394 715.186 602.992 534.236 525.666 523.056
threshold=0.47899577429778778 736.7600000000001 320.12750000000011 -0.15060636821862899 162.15656989455226 0.048186281113688424 108.38500000000002 50.150000000000006 2.4392836259826987 381.53000000000003 55.097318438158489 130.17468593369259 264.1016729986668 74.047513173818615 52.405000000000008 8.2334102486166376 105.8809470832348 41.835000000000008 0.95868230523210329 0.90515966073569365 -3.873225821423794 0.68174993319540544 0.075321049027007203 -0.014027063085931235 263.52357142857153 48.604785064698625 -1.0568517970762161 20.500000000000004 0.23111369526603029 1.2672500000000002
decision_type=2 2 2 2 2 2 2 2 2 2 2 2 2 2 2 2 2 2 2 2 2 2 2 2 2 2 2 2 2 2
left_child=1 3 6 4 15 9 8 27 16 13 19 12 -12 -5 -15 -1 17 28 -17 -6 24 22 -9 -11 29 -23 -10 -7 -2 -8
right_child=2 -3 -4 5 10 7 20 21 26 23 11 -13 -14 14 -16 18 -18 -19 -20 -21 -22 25 -24 -25 -26 -27 -28 -29 -30 -31
leaf_value=0.028834221489455133 -0.080862260203024283 -1.522840432988273 1.8259112054109572 0.029403283523269937 -0.19284560470483625 -0.055991685120353185 0.72243675900002324 0.17040360548674821 0.39346800366273293 -0.20373487244094748 -0.35110154083741257 -0.0098536384050492906 -0.57898139681353755 -0.28112243661578273 -0.01429260535023158 -0.11031089826157221 -0.19382056453730911 0.26740453507243234 0.24036503859928679 -0.35194708970464339 0.77838661481033677 0.19848302466000295 0.065651473519690265 -0.047281488693012609 0.262719220765259 0.51770324230194098 0.67564868116378785 0.024792322268039541 0.11868465123364176 0.44108752597053097
leaf_weight=212 38 27 20 1626 234 261 24 402 78 193 153 27 107 71 3474 658 20 220 21 157 22 143 547 164 46 20 25 948 251 53
leaf_count=212 38 27 20 1626 234 261 24 402 78 193 153 27 107 71 3474 658 20 220 21 157 22 143 547 164 46 20 25 948 251 53
internal_value=-8.1314e-11 -0.0249545 0.295728 -0.0206603 -0.177018 0.0105953 0.256341 0.0655063 0.204512 -0.0124597 -0.319052 -0.403957 -0.444883 -0.0042163 -0.0196367 -0.0689383 0.154385 0.168067 -0.0994653 -0.25673 0.482246 0.128733 0.110025 -0.131863 0.429278 0.237651 0.461958 0.0073526 0.0924466 0.528781
internal_weight=10242 9445 797 9418 1569 7849 777 2321 632 5528 678 287 260 5171 3545 891 529 509 679 391 145 1112 949 357 123 163 103 1209 289 77
internal_count=10242 9445 797 9418 1569 7849 777 2321 632 5528 678 287 260 5171 3545 891 529 509 679 391 145 1112 949 357 123 163 103 1209 289 77
is_linear=0
shrinkage=0.05


Tree=62
num_leaves=31
num_cat=0
split_feature=42 42 24 23 42 53 25 42 53 42 42 19 53 47 47 14 44 42 29 48 15 25 53 0 24 44 42 48 26 47
split_gain=27285.6 21573.2 16785.2 15923.6 7630.62 6608.04 2911.36 3132.03 2678.92 1973.69 1934.41 2559.22 1721.35 1234.92 1017.68 955.327 950.243 922.066 907.355 862.188 823.758 812.813 686.968 694.996 679.823 624.286 621.723 632.34 613.122 599.775
threshold=0.47899577429778778 -0.58509013554422229 415.09500000000008 400.34000000000009 -0.012581838826496092 256.76882542431355 123.46500000000002 1.8992500000000001 219.08551939189439 -0.15458615292385761 0.10421320289534224 60.290000000000006 34.334691882133491 -3.6507404148203686 0.68174993319540544 0.92425648564791574 53.452676924565999 -0.22365550498115658 263.52357142857153 -0.15082179267540133 0.91586428826728705 478.07166666666672 220.60124763309958 3.5000000000000004 26.500000000000004 277.71562910958909 -0.62598164803336365 0.16195716920500378 54.771949245087775 -1.6621364642612197
decision_type=2 2 2 2 2 2 2 2 2 2 2 2 2 2 2 2 2 2 2 2 2 2 2 2 2 2 2 2 2 2
left_child=1 3 6 8 5 12 7 15 26 20 -6 24 -3 18 29 16 -2 -14 -8 -10 28 -11 -21 -24 -12 -16 -1 -28 -7 -13
right_child=2 4 -4 -5 10 9 13 -9 19 21 11 14 17 -15 25 -17 -18 -19 -20 22 -22 -23 23 -25 -26 -27 27 -29 -30 -31
leaf_value=-0.2562615118488189 0.015337929431192368 0.048534827595140849 1.7111517804861069 -1.6399735201960024 0.013493299144556568 -0.18707932505368566 0.46316500534600719 0.40232360107166798 -0.33139784820377827 -0.12464798306029534 -0.064079934552246254 0.16806907340529806 -0.11342790582136292 0.74010490912657523 0.16662907213982892 -0.20009835238258045 0.1864908058718959 -0.032687604211780824 0.21168555542826653 -0.38603289050715311 -0.4194339576421432 -0.45016631424427039 -0.83444946963211586 -0.46176951676607136 0.045944629256795766 0.4007858673009006 -0.23157935928297688 0.0069844110365040978 -0.45489898324012756 0.07330223844981211
leaf_weight=155 107 577 20 23 4004 120 94 136 84 466 227 316 437 26 59 21 335 1853 58 35 103 20 29 22 368 55 51 61 26 354
leaf_count=155 107 577 20 23 4004 120 94 136 84 466 227 316 437 26 59 21 335 1853 58 35 103 20 29 22 368 55 51 61 26 354
internal_value=8.05882e-13 -0.0237068 0.280942 -0.357676 -0.00660875 -0.0629376 0.244128 0.191368 -0.290187 -0.196691 0.0310834 0.0821571 -0.0286479 0.421674 0.141496 0.129403 0.145058 -0.0480953 0.367206 -0.445333 -0.311159 -0.138044 -0.556618 -0.673686 0.00396887 0.279599 -0.191405 -0.101647 -0.234773 0.117998
internal_weight=10242 9445 797 460 8985 3602 777 599 437 735 5383 1379 2867 178 784 463 442 2290 152 170 249 486 86 51 595 114 267 112 146 670
internal_count=10242 9445 797 460 8985 3602 777 599 437 735 5383 1379 2867 178 784 463 442 2290 152 170 249 486 86 51 595 114 267 112 146 670
is_linear=0
shrinkage=0.05


Tree=63
num_leaves=27
num_cat=0
split_feature=53 32 30 45 26 47 53 45 53 25 53 47 20 45 44 38 43 47 20 53 47 20 53 53 37 20
split_gain=17149.7 16209.3 15850.9 8320.99 4868.84 4296.8 3295.82 2245.75 5158.76 2009.83 1972.36 1877.36 1729.05 1605.1 1407.15 1242.05 1148.83 922.781 865.09 864.91 712.975 704.849 1426.04 438.509 420.288 551.385
threshold=560.38022562563435 538.52500000000009 32.317099104427918 0.29586512126283321 102.08037863480088 -0.48747244218475932 208.62962342560294 -0.20705490664898415 162.15656989455226 120.85166666666667 454.23593914389613 -5.1365720633678782 310.49500000000006 2.5314228501489509 331.00860389610398 130.17468593369259 0.0051575942678491497 0.7242105020509727 26.500000000000004 220.60124763309958 1.3636818217523301 357.89500000000004 80.896924147605901 397.12753333389765 279.33233333333339 147.45500000000001
decision_type=2 2 2 2 2 2 2 2 2 2 2 2 2 2 2 2 2 2 2 2 2 2 2 2 2 2
left_child=1 3 -2 4 7 11 20 8 14 -10 12 24 -9 16 -1 19 23 -12 -18 -8 -6 22 -13 -7 25 -5
right_child=2 -3 -4 5 6 13 15 10 9 -11 17 21 -14 -15 -16 -17 18 -19 -20 -21 -22 -23 -24 -25 -26 -27
leaf_value=-0.013835417880774135 -0.037950812128838156 1.2054202583219324 -2.0286103891581297 0.31381136444333485 -0.077610637924887926 -0.073275513256203781 -0.25199131704164002 -0.00038144644626787386 -0.50793942782613966 -0.1590172045760373 -0.30133552075322001 0.17154149349465755 0.082190899266066667 0.43867964148521427 0.30303036412224177 -0.016870295353557753 -0.062256716252813316 -0.075173751253337751 0.1020649677058872 -0.50607578850218227 0.27248735476571778 0.41449850320264148 -0.24113527002151716 -0.28776811926114942 0.1758776031434536 0.52344442302530458
leaf_weight=1310 20 28 20 73 33 103 53 5992 45 498 67 432 709 22 36 23 119 138 245 91 26 27 22 31 24 55
leaf_count=1310 20 28 20 73 33 103 53 5992 45 498 67 432 709 22 36 23 119 138 245 91 26 27 22 31 24 55
internal_value=1.05378e-10 0.00405129 -1.03328 0.000744983 -0.0154209 0.127226 -0.244571 -0.00953256 -0.0578418 -0.187933 0.00368147 0.21471 0.00835513 0.020731 -0.00536055 -0.358063 0.00226743 -0.14909 0.0483444 -0.412559 0.0766698 0.166304 0.151544 -0.122897 0.367886 0.403888
internal_weight=10242 10202 40 10174 9021 1153 226 8795 1889 543 6906 633 6701 520 1346 167 498 205 364 144 59 481 454 134 152 128
internal_count=10242 10202 40 10174 9021 1153 226 8795 1889 543 6906 633 6701 520 1346 167 498 205 364 144 59 481 454 134 152 128
is_linear=0
shrinkage=0.05


Tree=64
num_leaves=31
num_cat=0
split_feature=42 53 42 20 42 53 27 45 42 37 22 38 34 51 43 48 14 43 42 19 24 42 24 22 47 53 42 53 41 21
split_gain=23249.9 30724.9 18366.4 19826 8941.96 6851.71 3281.48 1965.52 1707.61 1860.67 1426.39 995.821 1529.3 987.53 857.871 847.521 1055.98 814.923 751.449 750.118 727.032 641.288 577.485 561.719 546.159 539.913 516.425 492.871 523.562 486.468
threshold=-0.1333913232799385 454.23593914389613 2.4392836259826987 72.690000000000012 0.14904227520564409 155.40839372575286 50.82500000000001 0.31638453410256528 -1.0000000180025095e-35 156.58800000000002 50.860000000000007 130.17468593369259 112.39500216038728 23.500000000000004 0.16132562491646568 -0.19120004871214896 0.95868230523210329 0.010348500832235792 -0.035759686749976351 49.07500000000001 35.960000000000008 0.093638507575933533 484.59000000000009 475.54000000000008 -3.9467574884323109 12.143758199214938 -0.21578494989017649 50.547215127944959 0.22845766801871134 257.71500000000009
decision_type=2 2 2 2 2 2 2 2 2 2 2 2 2 2 2 2 2 2 2 2 2 2 2 2 2 2 2 2 2 2
left_child=1 5 4 -4 8 15 20 29 9 25 -7 12 26 -9 21 -1 19 -15 22 -17 27 -10 -11 -23 -16 -2 -12 28 -6 -8
right_child=2 -3 3 -5 6 10 7 13 14 18 11 -13 -14 17 24 16 -18 -19 -20 -21 -22 23 -24 -25 -26 -27 -28 -29 -30 -31
leaf_value=-0.14427793182497628 0.057601458239121266 -2.0241401721130718 0.35907466890436884 2.1012461507320404 -0.069685670747249226 -0.5321934014372528 0.10758117098875566 0.2181946656737348 0.025557082638812935 -0.11436798505158881 -0.26135076181289563 0.061926118599680759 -0.48989333983871247 0.20368559037645662 -0.24994091573836552 0.02701075819202314 0.32669377014040951 0.48224445796504467 -0.041957344429941909 -0.078647796918916185 0.082729153102666111 0.074615679390897804 -0.36632276189823948 0.29822584748268127 -0.022685986091991895 -0.0094269852122166806 -0.16197992496822688 -0.26558099062669849 0.12601205680519342 0.19777370037442005
leaf_weight=215 357 22 89 20 108 45 335 145 2673 434 401 26 62 36 28 259 20 97 582 478 411 440 24 30 474 1896 194 21 50 270
leaf_count=215 357 22 89 20 108 45 335 145 2673 434 401 26 62 36 28 259 20 97 582 478 411 440 24 30 474 1896 194 21 50 270
internal_value=-1.01442e-10 -0.167568 0.0338677 0.678739 0.0255106 -0.143542 0.137397 0.1984 0.00175609 -0.0243415 -0.25953 -0.241565 -0.253576 0.308448 0.0253334 -0.0566705 -0.0317886 0.406845 -0.0796602 -0.0415168 0.0461001 0.0350276 -0.127571 0.0888887 -0.0353616 0.00119403 -0.228951 -0.0380036 -0.00775601 0.147832
internal_weight=10242 1722 8520 109 8411 1700 1473 883 6938 3293 728 683 657 278 3645 972 757 133 1040 737 590 3143 458 470 502 2253 595 179 158 605
internal_count=10242 1722 8520 109 8411 1700 1473 883 6938 3293 728 683 657 278 3645 972 757 133 1040 737 590 3143 458 470 502 2253 595 179 158 605
is_linear=0
shrinkage=0.05


Tree=65
num_leaves=31
num_cat=0
split_feature=42 53 42 32 42 53 27 45 42 39 24 42 38 30 51 15 53 53 43 43 45 22 42 45 37 22 24 21 15 21
split_gain=20983.1 27729.2 16575.7 15961 8070.12 6183.67 2961.53 1773.88 1541.12 1705.89 1353.36 1124.89 930.932 1348.71 891.246 857.146 989.665 851.921 774.229 735.468 672.131 782.79 578.763 529.953 516.662 506.951 506.491 489.085 461.013 439.037
threshold=-0.1333913232799385 454.23593914389613 2.4392836259826987 210.61000000000004 0.14904227520564409 155.40839372575286 50.82500000000001 0.31638453410256528 -1.0000000180025095e-35 101.40000000000002 43.020000000000003 -0.035759686749976351 130.17468593369259 58.076798756464221 23.500000000000004 0.25118075958286767 79.399835759401341 410.26007825016984 0.16132562491646568 0.010348500832235792 0.50316019246339883 26.500000000000004 0.093638507575933533 0.026931679747167373 309.84150000000005 475.54000000000008 484.59000000000009 162.07500000000002 0.8977101403255705 257.71500000000009
decision_type=2 2 2 2 2 2 2 2 2 2 2 2 2 2 2 2 2 2 2 2 2 2 2 2 2 2 2 2 2 2
left_child=1 5 4 -4 8 15 20 29 9 -2 -7 26 13 28 -9 -1 -17 -15 22 -16 21 -6 -10 -23 27 -24 -11 -20 -12 -8
right_child=2 -3 3 -5 6 10 7 14 18 11 12 -13 -14 17 19 16 -18 -19 24 -21 -22 23 25 -25 -26 -27 -28 -29 -30 -31
leaf_value=0.24125872924923897 0.0081520904768741433 -1.9229331504214895 0.34054632762382769 1.8479959029634221 -0.057348808784007548 -0.64211263372784577 0.10220211296606421 0.20728493127329597 0.024279228415109971 -0.11273192914573049 -0.15912325764273078 -0.031023898184587614 0.058829818350764423 -0.30158569160273968 0.19350131261679862 -0.028902097728369297 -0.14184538461387788 -0.55428417623043058 -0.03423225298751164 0.45813223329401515 -0.22737008624456148 -0.021723802906268724 0.070884895604844636 0.11301335715853661 -0.19932057999919148 0.28331455747286477 -0.34800662954027456 0.14673021741938302 -0.25911034329770466 0.1878850163905709
leaf_weight=24 1876 22 87 22 123 21 335 145 2673 488 282 905 26 162 36 676 272 42 418 97 22 92 440 353 43 30 24 41 195 270
leaf_count=24 1876 22 87 22 123 21 335 145 2673 488 282 905 26 162 36 676 272 42 418 97 22 92 440 353 43 30 24 41 195 270
internal_value=-2.48893e-11 -0.15919 0.0321743 0.644802 0.0242351 -0.136365 0.130527 0.18848 0.00166829 -0.0231244 -0.246553 -0.0645321 -0.234804 -0.246015 0.293026 -0.053837 -0.0613078 -0.353612 0.0240667 0.386503 0.0437951 0.0542979 0.0332762 0.0851576 -0.0335935 0.0844442 -0.12376 -0.0180678 -0.199998 0.140441
internal_weight=10242 1722 8520 109 8411 1700 1473 883 6938 3293 728 1417 707 681 278 972 948 204 3645 133 590 568 3143 445 502 470 512 459 477 605
internal_count=10242 1722 8520 109 8411 1700 1473 883 6938 3293 728 1417 707 681 278 972 948 204 3645 133 590 568 3143 445 502 470 512 459 477 605
is_linear=0
shrinkage=0.05


Tree=66
num_leaves=31
num_cat=0
split_feature=42 19 42 29 42 19 27 45 42 39 22 42 30 51 24 36 23 14 43 47 43 24 42 36 44 27 21 39 42 42
split_gain=19056.6 28214.6 15033.6 16911.2 7457.96 4534.98 2672.78 1600.92 1526.77 1836.66 1265.34 1075.18 927.17 804.349 798.256 910.876 1073.01 698.978 680.397 668.779 663.76 618.024 599.603 542.307 464.663 444.619 559.89 437.077 416.443 405.385
threshold=-0.15060636821862899 430.18500000000006 2.4392836259826987 69.706428571428589 0.14904227520564409 107.66500000000002 50.82500000000001 0.31638453410256528 -0.0010165686772729073 101.40000000000002 50.860000000000007 -0.035759686749976351 11.038556275480557 23.500000000000004 400.06000000000006 399.91000000000003 165.39000000000001 0.93068945620106103 0.12593909284486079 0.68174993319540544 0.010348500832235792 35.960000000000008 0.093638507575933533 513.00000000000011 280.19408080808086 37.560000000000009 26.500000000000004 120.07000000000001 0.0091087903412931191 9.5250000000000021
decision_type=2 2 2 2 2 2 2 2 2 2 2 2 2 2 2 2 2 2 2 2 2 2 2 2 2 2 2 2 2 2
left_child=1 5 4 29 8 12 21 -8 9 -2 -7 23 -1 -9 15 17 -17 -12 22 28 -15 25 -10 -11 -21 26 -6 -24 -20 -4
right_child=2 -3 3 -5 6 10 7 13 18 11 14 -13 -14 20 -16 16 -18 -19 19 24 -22 -23 27 -25 -26 -27 -28 -29 -30 -31
leaf_value=0.013597600358914129 0.0077418563795047315 -1.9805073276516936 0.21415678690309112 1.9263477337360382 -0.06788017609148124 -0.48902572668261002 0.13341872554734227 0.19692068408853536 0.023987055146628199 -0.11025711044577682 -0.21798071750722073 -0.031166238030811883 -0.096137917448466559 0.18382624197337363 0.056685994135645727 -0.66085714280605323 -0.23682723017157736 0.052717907249927524 -0.17293826529787759 0.033754665329299792 0.43522562268238096 0.075376955123160519 0.052252844985585592 -0.36906475289946511 0.27898168222357833 -0.24116502430128015 0.1385730303665425 0.16657986877835357 -0.032220920874902546 0.42770002886306407
leaf_weight=285 1911 21 46 20 109 45 605 145 2719 560 517 841 593 36 26 25 37 25 59 99 97 411 241 21 24 23 47 128 483 43
leaf_count=285 1911 21 46 20 109 45 605 145 2719 560 517 841 593 36 26 25 37 25 59 99 97 411 241 21 24 23 47 128 483 43
internal_value=-1.36722e-11 -0.160051 0.0290632 0.612562 0.0216322 -0.135434 0.124001 0.179056 0.000352344 -0.0242756 -0.232881 -0.0673032 -0.0605176 0.278375 -0.214585 -0.226262 -0.407807 -0.205495 0.0222241 -0.0236523 0.367178 0.0416053 0.0321036 -0.119612 0.0816038 -0.0359374 -0.00567953 0.091911 -0.0475389 0.317329
internal_weight=10242 1574 8668 109 8559 1553 1473 883 7086 3333 675 1422 878 278 630 604 62 542 3753 665 133 590 3088 581 123 179 156 369 542 89
internal_count=10242 1574 8668 109 8559 1553 1473 883 7086 3333 675 1422 878 278 630 604 62 542 3753 665 133 590 3088 581 123 179 156 369 542 89
is_linear=0
shrinkage=0.05


Tree=67
num_leaves=31
num_cat=0
split_feature=42 37 42 33 53 42 35 53 28 45 53 24 51 14 27 15 28 47 19 48 24 53 20 42 42 47 43 47 14 43
split_gain=17333.9 24279.1 13666 14877 4721.08 2644.32 2380.86 2190.86 1635 1631.42 1190.87 1081.77 949.767 816.793 795.473 787.125 819.322 736.303 688.061 668.067 667.038 757.242 666.621 626.705 514.722 593.479 533.225 509.778 667.67 461.312
threshold=-0.17536864442696176 341.17616666666675 0.47899577429778778 320.12750000000011 166.02549870014192 0.0042467438043781334 108.06000000000002 216.03812490880492 245.38500000000002 2.5314228501489509 105.8809470832348 43.020000000000003 18.500000000000004 0.93684664338241042 42.235000000000007 0.25118075958286767 50.845000000000006 -3.873225821423794 26.500000000000004 -2.8109738083072267 26.500000000000004 71.833703413009673 154.44000000000003 0.17158807515283722 -0.055305084886084731 0.63925287961698996 0.11450399215075378 -2.7601131399274972 -0.51604327560882712 0.37928451432922988
decision_type=2 2 2 2 2 2 2 2 2 2 2 2 2 2 2 2 2 2 2 2 2 2 2 2 2 2 2 2 2 2
left_child=1 4 5 6 15 7 9 18 29 10 14 -6 -13 23 -4 -1 -17 19 -2 -8 21 -20 -9 -10 25 -24 -26 -14 -29 -7
right_child=2 -3 3 -5 11 8 17 22 13 -11 -12 12 27 -15 -16 16 -18 -19 20 -21 -22 -23 24 -25 26 -27 -28 28 -30 -31
leaf_value=0.25135731905698777 0.0562253281371074 -1.8918549990653994 0.072935142577489995 1.5700386434048417 -0.59652493028413678 0.02921507340592816 0.49491305891902021 -0.35715474682563753 0.083316432884457517 0.31711778231289078 -0.2694077057018876 -0.18441904899354611 -0.13320157574189287 -0.21401541009545327 0.20245452668821937 0.022870751947870228 -0.095552659585170591 0.63745003525506372 0.079126498786111679 0.24496545126045344 -0.0049642778081960028 -0.25939729888484164 -0.20373525250148267 0.18374138675275303 -0.031744936673610696 -0.077173584448518573 -0.22622754965957845 -0.10971726826392114 -0.39456881914908687 -0.032567201255468796
leaf_weight=20 470 20 300 20 21 2133 39 22 597 115 20 376 31 20 196 194 591 22 24 85 3208 53 141 210 486 270 38 24 144 352
leaf_count=20 470 20 300 20 21 2133 39 22 597 115 20 376 31 20 196 194 591 22 24 85 3208 53 141 210 486 270 38 24 144 352
internal_value=-1.96516e-11 -0.162064 0.0261074 0.223576 -0.137371 0.00649342 0.188918 -0.0175709 0.0407299 0.146818 0.108863 -0.244042 -0.231169 0.101627 0.124116 -0.0583945 -0.0662862 0.370874 -0.000359126 0.323578 -0.00845492 -0.153883 -0.0851052 0.109449 -0.078704 -0.120593 -0.0458486 -0.319499 -0.353876 0.0204636
internal_weight=10242 1421 8821 797 1401 8024 777 4712 3312 631 516 596 575 827 496 805 785 146 3755 124 3285 77 957 807 935 411 524 199 168 2485
internal_count=10242 1421 8821 797 1401 8024 777 4712 3312 631 516 596 575 827 496 805 785 146 3755 124 3285 77 957 807 935 411 524 199 168 2485
is_linear=0
shrinkage=0.05


Tree=68
num_leaves=31
num_cat=0
split_feature=42 40 48 42 53 42 53 36 42 21 45 38 26 36 14 53 15 53 42 43 53 24 15 53 32 24 53 29 43 42
split_gain=15688.7 17626.5 13508.5 8926.39 4278.58 2027.04 1816.58 1492.86 1598.1 1279.16 1192.87 1008.02 1271.49 931.902 746.515 728.803 710.381 725.38 708.372 783.111 618.665 796.747 605.081 589.898 559.881 440.997 814.337 398.419 380.991 360.639
threshold=0.35257108197013171 736.7600000000001 -16.329789797697384 -0.17536864442696176 166.02549870014192 0.0042467438043781334 216.03812490880492 216.77000000000001 1.7316940887078287 264.08500000000004 0.43931013427327653 130.17468593369259 62.263555714058349 416.30000000000007 0.93684664338241042 220.60124763309958 0.25118075958286767 36.418100297451026 0.13129305608175892 0.069682255728767434 52.259665835499767 37.545000000000009 0.90515966073569365 34.334691882133491 395.30000000000001 26.500000000000004 63.255668194890028 334.18285714285724 -0.023399372710897672 9.5250000000000021
decision_type=2 2 2 2 2 2 2 2 2 2 2 2 2 2 2 2 2 2 2 2 2 2 2 2 2 2 2 2 2 2
left_child=1 3 -2 4 16 6 20 8 14 25 24 12 22 -12 23 -14 -1 -18 19 -11 -5 -22 -6 -4 -9 26 -7 -20 -19 -10
right_child=2 -3 7 5 11 9 -8 10 29 18 13 -13 15 -15 -16 -17 17 28 27 -21 21 -23 -24 -25 -26 -27 -28 -29 -30 -31
leaf_value=0.23878944844007491 1.3688528784861169 -1.2949838487086474 -0.022485962002698718 0.03522568039576783 -0.13022327931914612 -0.0010342922513281254 -0.077795699557826753 0.26506758629381655 0.21363785342375438 0.10931233602739801 0.6887177549834762 0.067725019018959123 -0.23768197613779365 0.24809755966776895 -0.21720311340875922 -0.41540902458946222 0.033155638592282113 -0.066048582994763502 0.11940806692372584 -0.043851672091370669 -0.16349274468430808 -0.0071616282382912164 -0.2638307643103433 0.1220261946938932 0.030678270326461643 0.035034202187906545 -0.30909726050767034 0.24861746503085627 -0.15938110946155823 0.37367088846538382
leaf_weight=20 24 27 87 929 208 861 943 125 150 216 28 27 105 21 20 128 157 487 219 136 84 2741 143 375 32 1658 22 82 141 46
leaf_count=20 24 27 87 929 208 861 943 125 150 216 28 27 105 21 20 128 157 487 219 136 84 2741 143 375 32 1658 22 82 141 46
internal_value=9.42622e-11 -0.019301 0.198409 -0.0156002 -0.131195 0.00514264 -0.0157548 0.166633 0.130817 0.0358737 0.284511 -0.230957 -0.244766 0.499881 0.0818661 -0.335317 -0.0554747 -0.0629719 0.0982919 0.0501353 -0.000170154 -0.0118101 -0.184656 0.0948129 0.217294 0.0198332 -0.0087097 0.154608 -0.0870038 0.251197
internal_weight=10242 9334 908 9307 1416 7891 4697 884 678 3194 206 611 584 49 482 233 805 785 653 352 3754 2825 351 462 157 2541 883 301 628 196
internal_count=10242 9334 908 9307 1416 7891 4697 884 678 3194 206 611 584 49 482 233 805 785 653 352 3754 2825 351 462 157 2541 883 301 628 196
is_linear=0
shrinkage=0.05


Tree=69
num_leaves=31
num_cat=0
split_feature=42 33 42 20 42 53 27 42 53 14 42 22 38 51 51 28 43 22 53 37 21 47 43 53 42 42 22 48 14 14
split_gain=14407.7 21345.7 12102.4 14656.6 5847.81 3255.18 2554.95 1510.6 2233.5 1197.16 1146.89 1261.25 1109.18 807.88 753.515 702.609 647.449 606.348 713.601 590.423 568.238 495.769 472.932 465.364 450.306 436.882 478.238 416.394 371.879 360.411
threshold=-0.22901857635730413 334.0617857142858 2.4392836259826987 72.690000000000012 0.12935417109669342 166.91286934077741 50.82500000000001 -0.012581838826496092 110.27865563154221 0.94272622268451911 0.6503182461103254 109.56500000000001 130.17468593369259 39.500000000000007 18.500000000000004 496.61000000000007 0.12593909284486079 26.500000000000004 61.213999214172368 309.84150000000005 264.08500000000004 0.96615683853200107 -0.13864533357108047 11.86145113706589 0.12622508021425541 0.048186281113688424 76.605000000000004 1.0330573045978972 0.74119455533027045 0.65513208963863001
decision_type=2 2 2 2 2 2 2 2 2 2 2 2 2 2 2 2 2 2 2 2 2 2 2 2 2 2 2 2 2 2
left_child=1 5 4 -4 7 13 17 8 23 10 20 -12 14 22 29 21 25 -6 -19 27 -8 -10 -1 -2 -21 -9 -27 -18 -15 -7
right_child=2 -3 3 -5 6 12 9 16 15 -11 11 -13 -14 28 -16 -17 19 18 -20 24 -22 -23 -24 -25 -26 26 -28 -29 -30 -31
leaf_value=-0.062499552963085896 0.050419606528525313 -1.7489738529636747 0.26954046710488505 1.7674659410119056 -0.051271514998788528 -0.24622945313652359 0.061541161309387395 0.01103553486835597 -0.10907458349957395 -0.21574307287281214 0.14174036217822036 0.3368222822080697 0.080007836308616853 0.015551497596923425 -0.34217136362452566 -0.36944648000327024 -0.034685613497578885 0.063897165963598221 -0.24037076622247697 -0.23076895593253319 0.15720050711663847 -0.037686933509881303 -0.17476322589889171 -0.012096450962497379 0.021194834142923356 0.025933212286848834 0.10204998980690848 0.098438904353457951 0.25343863843008879 -0.12704024216199811
leaf_weight=376 372 21 89 20 188 195 262 2837 692 22 178 155 26 92 162 22 395 528 20 61 381 375 125 1490 25 647 303 69 20 94
leaf_count=376 372 21 89 20 188 195 262 2837 692 22 178 155 26 92 162 22 395 528 20 61 381 375 125 1490 25 647 303 69 20 94
internal_value=-2.59857e-11 -0.170011 0.0206858 0.544389 0.0143587 -0.139591 0.0968854 -0.00527655 -0.0328728 0.149006 0.157228 0.232544 -0.237543 -0.0633699 -0.25585 -0.0897521 0.0135006 0.0262109 0.0527925 -0.0371919 0.118223 -0.0839852 -0.0905095 0.000393331 -0.157524 0.0208629 0.0502105 -0.0148891 0.0580313 -0.207462
internal_weight=10242 1111 9131 109 9022 1090 1734 7288 2951 998 976 333 477 613 451 1089 4337 736 548 550 643 1067 501 1862 86 3787 950 464 112 289
internal_count=10242 1111 9131 109 9022 1090 1734 7288 2951 998 976 333 477 613 451 1089 4337 736 548 550 643 1067 501 1862 86 3787 950 464 112 289
is_linear=0
shrinkage=0.05


Tree=70
num_leaves=31
num_cat=0
split_feature=42 2 42 48 42 53 42 22 53 36 42 35 15 42 26 53 48 14 38 19 47 43 43 47 53 15 19 26 24 53
split_gain=13435.1 15552.4 12146.1 11656.2 6102.02 3179.57 1564.26 1422.71 1314.61 1248.71 1244.93 824.092 776.508 733.543 702.616 691.954 687.62 798.157 679.103 650.629 636.954 627.296 506.954 992.889 464.248 456.5 445.508 412.187 412.021 707.277
threshold=-0.71168246445497607 22.500000000000004 0.35257108197013171 -16.329789797697384 -0.1333913232799385 155.40839372575286 0.0059371215586323618 311.59500000000008 144.52121042132379 216.77000000000001 1.7316940887078287 255.21000000000001 0.42110087079608943 -0.040510890685656074 63.524914785566885 63.255668194890028 -0.19120004871214896 0.95868230523210329 130.17468593369259 26.500000000000004 0.63925287961698996 0.11450399215075378 0.0051575942678491497 -4.044144491909651 79.399835759401341 0.8977101403255705 398.83500000000009 21.525172858812873 26.500000000000004 63.255668194890028
decision_type=2 2 2 2 2 2 2 2 2 2 2 2 2 2 2 2 2 2 2 2 2 2 2 2 2 2 2 2 2 2
left_child=1 -1 4 -4 5 16 8 28 -6 10 15 22 -9 20 25 19 27 24 26 -5 -10 -15 -11 -24 -18 -7 -16 -2 29 -8
right_child=2 -3 3 9 6 14 7 12 13 11 -12 -13 -14 21 18 -17 17 -19 -20 -21 -22 -23 23 -25 -26 -27 -28 -29 -30 -31
leaf_value=-1.8560264836251736 -0.092136979739576505 -0.23911355460255312 1.2667697535206877 -0.036322230040149277 0.0086154285220791157 -0.10549985440167955 -0.0012782835654889444 -0.19089009568095208 -0.1713376204619029 0.13336295995574732 0.22350292678884404 -0.024268978898939881 0.12746336378424922 -0.018500108721125109 -0.25304396121325545 -0.20663989902961824 -0.0018007583431189121 0.2924328809976578 -0.0092927868943661462 0.11548478268466661 -0.04857859828291422 -0.1641127934372878 0.2793414206482655 0.63772238648456081 -0.088521333500234931 -0.2055859129076629 -0.44715360781630953 -0.28921879308838999 0.033896348910310285 -0.30205743759870529
leaf_weight=20 184 58 24 87 2859 263 859 20 192 39 196 23 453 1160 147 21 517 20 24 374 235 79 121 23 220 201 37 31 1735 20
leaf_count=20 184 58 24 87 2859 263 859 20 192 39 196 23 453 1160 147 21 517 20 24 374 235 79 121 23 220 201 37 31 1735 20
internal_value=-5.68162e-11 -0.653707 0.00501664 0.179528 -0.0121027 -0.0994589 0.00676402 0.034206 -0.0119572 0.150011 0.117254 0.25782 0.114002 -0.0472616 -0.183087 0.0740495 -0.041642 -0.0192299 -0.259448 0.0868357 -0.103777 -0.0277845 0.293274 0.336583 -0.0276875 -0.148856 -0.292077 -0.120553 0.019767 -0.00812195
internal_weight=10242 78 10164 908 9256 1644 7612 3087 4525 884 678 206 473 1666 672 482 972 757 208 461 427 1239 183 144 737 464 184 215 2614 879
internal_count=10242 78 10164 908 9256 1644 7612 3087 4525 884 678 206 473 1666 672 482 972 757 208 461 427 1239 183 144 737 464 184 215 2614 879
is_linear=0
shrinkage=0.05


Tree=71
num_leaves=27
num_cat=0
split_feature=42 2 40 42 26 14 24 42 42 15 31 26 40 43 47 43 43 36 42 3 25 51 19 42 47 43
split_gain=12125.2 14036 11504.1 8064.94 4104.43 3644.71 3301.71 2258.14 1739.84 1061.06 998.882 900.547 755.69 678.995 672.082 736.399 650.785 369.934 365.689 360.732 355.15 297.54 232.89 266.264 218.777 98.2351
threshold=-0.71168246445497607 22.500000000000004 736.7600000000001 0.053877306606963361 18.859109864348557 0.98289014351185089 35.150000000000006 -0.11817539885283358 0.47899577429778778 0.31717953954346351 109.58000000000001 32.114702404258999 116.72500000000001 0.086148196364742136 0.81801838394104476 0.069682255728767434 -0.16262634370677401 71.840000000000018 -0.014905663360861384 6.5000000000000009 59.965000000000011 20.500000000000004 11.390000000000002 -0.033503670888279401 0.68174993319540544 0.094059924283973237
decision_type=2 2 2 2 2 2 2 2 2 2 2 2 2 2 2 2 2 2 2 2 2 2 2 2 2 2
left_child=1 -1 3 4 12 6 17 9 13 -6 -10 -11 22 -8 15 -9 -16 21 20 -3 -14 -5 25 -24 -20 -2
right_child=2 19 -4 5 7 -7 8 14 10 11 -12 -13 18 -15 16 -17 -18 -19 24 -21 -22 -23 23 -25 -26 -27
leaf_value=-1.7632251872494817 0.059816870497864709 -0.055278014522045851 1.0551632270503501 -0.049464724290443379 0.22015929207205776 -0.55673015474787224 0.11656087355352561 -0.044868507243953887 0.14058766444437334 -0.092065697684686393 0.28339649841309555 -0.18766219111374852 -0.0089667689447654186 0.046150694109089861 0.29411627203226093 -0.23095623363624329 0.0017330366821898002 -0.16404952413092058 -0.016069860373060858 -0.31762096281898655 -0.063756478446576045 0.017836370073918691 -0.01931310519713364 0.020629716811436084 0.028856693736878158 0.013343839286770449
leaf_weight=20 361 20 26 225 20 23 591 314 583 424 155 588 483 814 20 64 393 36 1263 38 763 608 619 1280 345 166
leaf_count=20 361 20 26 225 20 23 591 314 583 424 155 588 483 814 20 64 393 36 1263 38 763 608 619 1280 345 166
internal_value=2.69553e-11 -0.621021 0.00476581 0.00207195 -0.027079 0.0702957 0.0750838 -0.0917633 0.10842 -0.140483 0.170581 -0.14761 -0.00474576 0.0757681 -0.0282004 -0.0763754 0.015892 -0.00712409 -0.0221856 -0.227158 -0.0425178 -0.000342197 0.0157709 0.00760991 -0.00643077 0.0451783
internal_weight=10242 78 10164 10138 7103 3035 3012 1823 2143 1032 738 1012 5280 1405 791 378 413 869 2854 58 1246 833 2426 1899 1608 527
internal_count=10242 78 10164 10138 7103 3035 3012 1823 2143 1032 738 1012 5280 1405 791 378 413 869 2854 58 1246 833 2426 1899 1608 527
is_linear=0
shrinkage=0.05


Tree=72
num_leaves=29
num_cat=0
split_feature=53 36 42 42 42 53 22 53 51 47 42 53 24 47 26 42 27 48 21 53 30 32 53 33 44 26 42 42
split_gain=11792 15691.3 14171.9 7702.79 5367.08 3084.91 1202.51 2237.76 1021.83 1025.33 1016.69 1008.18 914.727 871.323 885.69 831.801 1272.79 618.214 750.646 599.526 573.005 793.605 405.087 390.134 371.692 358.403 181.477 168.963
threshold=560.38022562563435 551.35500000000013 -1.0000000180025095e-35 -0.1333913232799385 0.27134082422581646 155.40839372575286 109.56500000000001 98.460179142951986 23.500000000000004 -3.3029256618025822 9.5250000000000021 494.54081681370741 43.020000000000003 0.85990932735617787 31.214553229593847 0.053877306606963361 67.225000000000009 -0.19120004871214896 97.545000000000016 71.833703413009673 115.94331897835757 410.55500000000006 48.386675029993064 320.12750000000011 330.83994444444448 21.525172858812873 -0.51597286613235072 -0.0039594805200698852
decision_type=2 2 2 2 2 2 2 2 2 2 2 2 2 2 2 2 2 2 2 2 2 2 2 2 2 2 2 2
left_child=1 3 -2 5 11 17 7 10 23 -10 -6 15 -7 14 -13 19 -17 25 22 -5 24 -22 -19 -8 -14 26 -1 -15
right_child=2 -3 -4 4 6 12 8 -9 9 -11 -12 13 20 27 -16 16 -18 18 -20 -21 21 -23 -24 -25 -26 -27 -28 -29
leaf_value=0.045305741740309678 -1.7979485662281514 1.3372462460940535 0.084331087246537206 0.023516313892464866 0.087006044117031889 -0.49855584005514786 0.15689066769461613 -0.35977346210016148 0.24895466599022834 0.63496843248605739 0.32377397040931549 -0.10368401853234642 -0.16067690183731936 -0.066258832646841279 -0.49334091806411745 -0.00062386523257953021 0.080056110467760191 0.02920449737332061 0.27129203460433265 -0.013403240248184024 -0.38925977992384059 -0.035720955715938051 -0.050477680604172473 -0.042444669541769793 -0.032759274294625766 -0.2698461915065925 -0.1048398224359251 0.070367850080646319
leaf_weight=23 20 22 20 1568 607 21 199 27 123 20 49 35 576 103 25 1086 889 234 22 3681 57 22 501 28 63 31 161 29
leaf_count=23 20 22 20 1568 607 21 199 27 123 20 49 35 576 103 25 1086 889 234 22 3681 57 22 501 28 63 31 161 29
internal_value=1.04827e-10 0.00335938 -0.856809 0.000476712 0.0200259 -0.0962867 0.125657 0.0863305 0.198253 0.302943 0.104691 0.00502726 -0.173284 -0.108054 -0.266041 0.00803275 0.0356923 -0.0377463 -0.0164954 -0.0023745 -0.163771 -0.290806 -0.0251095 0.132303 -0.148065 -0.112569 -0.0860716 -0.0362424
internal_weight=10242 10202 40 10180 8469 1711 1053 683 370 143 656 7416 739 192 60 7224 1975 972 757 5249 718 79 735 227 639 215 184 132
internal_count=10242 10202 40 10180 8469 1711 1053 683 370 143 656 7416 739 192 60 7224 1975 972 757 5249 718 79 735 227 639 215 184 132
is_linear=0
shrinkage=0.05


Tree=73
num_leaves=30
num_cat=0
split_feature=53 36 42 42 53 42 42 15 35 53 42 53 42 46 45 24 51 21 42 15 43 43 22 42 51 45 51 39 45
split_gain=10642.3 14161.4 12790.1 6993.92 4087.46 3820.1 1694.27 1123.06 1075.8 1240.11 922.617 826.641 870.028 796.743 990.655 697.055 644.128 573.878 862.918 628.725 540.8 465.684 360.701 352.396 308.016 278.887 252.099 202.847 151.312
threshold=560.38022562563435 551.35500000000013 -1.0000000180025095e-35 -0.015811842301667513 155.40839372575286 0.47899577429778778 -0.21578494989017649 0.18399153619612912 108.06000000000002 98.460179142951986 1.6154060868343807 57.673101036548623 -0.38204699618148263 45.511259766286436 0.43931013427327653 42.335000000000008 15.500000000000002 243.28500000000005 0.0091087903412931191 0.34963450400049079 0.090304535993190715 -0.17099711600085452 312.38000000000005 -0.15982348841355679 10.500000000000002 -0.48675325013387022 43.500000000000007 255.62000000000003 0.061583278232169254
decision_type=2 2 2 2 2 2 2 2 2 2 2 2 2 2 2 2 2 2 2 2 2 2 2 2 2 2 2 2 2
left_child=1 3 -2 4 7 17 15 -1 9 10 -7 26 -13 22 -15 -6 -17 24 20 -20 -19 27 -10 -23 28 -26 -9 -8 -5
right_child=2 -3 -4 5 6 8 21 11 13 -11 -12 12 -14 14 -16 16 -18 18 19 -21 -22 23 -24 -25 25 -27 -28 -29 -30
leaf_value=0.3492100264877081 -1.7080511092394592 1.2703839096156033 0.080114524960517894 0.0087890831849780759 -0.48153497682884333 0.070752141547297517 0.043669878793880346 -0.0061658808133027813 0.22221732574204603 -0.20722381452719374 0.19704679615459728 -0.14424355015762755 -0.027993563545034652 0.23906744186912318 0.58300115577876566 -0.13438701583729049 -0.2484995396198848 0.0035412386608447213 -0.19637616906315089 0.08778884478044828 -0.20860262844054139 -0.23233402759529823 -0.049155313540250066 -0.084481344897244889 0.11473932599554351 0.013333315086972339 0.042228944646959171 -0.10456994349757831 -0.048658437548989533
leaf_weight=21 20 22 20 184 20 355 100 626 24 30 244 185 1238 83 28 305 208 258 20 728 34 43 25 642 69 3904 472 30 304
leaf_count=21 20 22 20 184 20 355 100 626 24 30 244 185 1238 83 28 305 208 258 20 728 34 43 25 642 69 3904 472 30 304
internal_value=1.05127e-10 0.00319141 -0.813968 0.000452877 -0.0522467 0.0330445 -0.122629 -0.0149235 0.135932 0.106486 0.122198 -0.0179567 -0.0431069 0.251694 0.325825 -0.191945 -0.180655 0.0182874 0.0517345 0.0801908 -0.0211604 -0.0772975 0.0837619 -0.0937626 0.0104899 0.0150945 0.0146377 0.00946069 -0.0269979
internal_weight=10242 10202 40 10180 3890 6290 1348 2542 789 629 599 2521 1423 160 111 533 513 5501 1040 748 292 815 49 685 4461 3973 1098 130 488
internal_count=10242 10202 40 10180 3890 6290 1348 2542 789 629 599 2521 1423 160 111 533 513 5501 1040 748 292 815 49 685 4461 3973 1098 130 488
is_linear=0
shrinkage=0.05


Tree=74
num_leaves=26
num_cat=0
split_feature=42 2 40 42 14 42 24 53 45 45 53 14 42 47 28 24 42 53 53 24 53 22 45 51 43
split_gain=9930.75 12267.3 10659.7 5994.36 3186.79 3137.18 2545.17 1875.43 1319.2 1307.65 1112.8 778.248 703.712 882.582 665.41 523.244 522.925 501.087 422.533 817.358 416.972 319.487 318.463 243.04 239.174
threshold=-0.71168246445497607 22.500000000000004 736.7600000000001 0.055726332927868015 0.98289014351185089 -0.21578494989017649 35.150000000000006 256.76882542431355 -0.21143932460627654 0.43931013427327653 304.58080179870132 0.95364567144352963 -0.0078533785419123477 0.63925287961698996 50.845000000000006 400.06000000000006 0.6503182461103254 112.39828988313677 52.259665835499767 26.500000000000004 52.259665835499767 60.835000000000008 -0.43305998426681952 20.500000000000004 -0.068432871816199323
decision_type=2 2 2 2 2 2 2 2 2 2 2 2 2 2 2 2 2 2 2 2 2 2 2 2 2
left_child=1 -1 3 5 6 7 20 11 15 17 18 14 13 -12 -2 -9 -11 -8 22 -20 23 -3 -7 -5 -14
right_child=2 21 -4 4 -6 10 9 8 -10 16 12 -13 24 -15 -16 -17 -18 -19 19 -21 -22 -23 -24 -25 -26
leaf_value=-1.6298359892517329 0.026888204931414555 -0.28554725812541115 1.015423814092691 -0.046045031890134216 -0.52521922888801154 0.20349632787704466 0.051806759717266226 -0.20938407599799411 -0.58136165971341336 0.079053366300174788 -0.18347126965113369 0.24301881377585233 0.069114270871505151 -0.047319547555865961 -0.092564780838217009 0.042060542365779052 0.21300537069524889 0.10562398268872386 -0.1640423460522803 -0.004577160846583779 -0.23311627979041077 -0.04369634369557554 0.022987479845544806 0.014570251723203045 -0.030023332514413303
leaf_weight=20 140 36 26 228 23 25 943 206 23 98 194 20 80 308 697 23 284 799 82 4009 20 22 1080 602 254
leaf_count=20 140 36 26 228 23 25 943 206 23 98 194 20 80 308 697 23 284 799 82 4009 20 22 1080 602 254
internal_value=-1.43645e-10 -0.562022 0.00431304 0.00171994 0.0610673 -0.0231875 0.0656015 -0.100478 -0.220385 0.0948626 -0.00897746 -0.0652193 -0.0625175 -0.099936 -0.0725846 -0.18413 0.178641 0.076491 -0.000363246 -0.00777348 -0.00751683 -0.193811 0.0270714 -0.00208069 -0.0062778
internal_weight=10242 78 10164 10138 2997 7141 2974 1109 252 2124 6032 857 836 502 837 229 382 1742 5196 4091 850 58 1105 830 334
internal_count=10242 78 10164 10138 2997 7141 2974 1109 252 2124 6032 857 836 502 837 229 382 1742 5196 4091 850 58 1105 830 334
is_linear=0
shrinkage=0.05


Tree=75
num_leaves=31
num_cat=0
split_feature=53 36 42 42 53 42 42 22 53 43 47 42 53 44 22 47 53 44 51 43 53 42 47 32 51 53 24 53 21 43
split_gain=9876.53 12500.8 11298.2 5752.88 3397.46 3246.76 1210.22 988.077 1876.02 857.072 826.739 820.581 702.134 1810.09 1209.29 669.379 892.197 613.316 694.691 553.243 463.196 408.899 388.634 871.665 364.973 310.731 140.275 696.806 275.875 88.6717
threshold=560.38022562563435 551.35500000000013 -1.0000000180025095e-35 -0.021433664187020172 93.665592676401147 0.27134082422581646 -0.23575765862482326 109.56500000000001 98.460179142951986 0.37928451432922988 -4.5063246513456638 9.5250000000000021 252.68884813249113 273.17787606993267 205.23000000000005 0.68174993319540544 499.61973993837836 271.2416505655587 16.500000000000004 0.12841810966810965 12.143758199214938 1.4939086447573324 0.68174993319540544 342.69500000000005 15.500000000000002 378.88270349562174 36.530000000000008 71.833703413009673 98.685000000000016 0.094059924283973237
decision_type=2 2 2 2 2 2 2 2 2 2 2 2 2 2 2 2 2 2 2 2 2 2 2 2 2 2 2 2 2 2
left_child=1 3 -2 4 20 15 12 8 11 21 -11 -7 14 -14 -6 16 19 24 -19 -5 29 -9 23 -8 -17 -24 27 -22 -28 -1
right_child=2 -3 -4 5 6 7 22 9 -10 10 -12 -13 13 -15 -16 17 -18 18 -20 -21 26 -23 25 -25 -26 -27 28 -29 -30 -31
leaf_value=0.053987186252133661 -1.6244561389088632 1.1936563215472482 0.05618048831820488 0.015258285775818121 -0.13414132702702553 0.074371556963087282 -0.058378447089047263 0.097847217738315048 -0.33501104933244213 0.22820512680974728 0.59104864999651907 0.28708265922507464 -0.65392643646760429 -0.17845160897804407 0.25516429628644671 -0.098574782299752139 -0.27090349032961092 0.31851871500654921 0.081105446460987302 -0.030904910992118246 -0.0052843423697220933 0.24277128884716639 -0.00046850566339744286 -0.19663303822956302 0.042844327952708559 -0.085434512620465308 -0.015615875641851127 -0.21292666908142702 0.12479602330260807 0.0064663931665102569
leaf_weight=318 20 22 20 3770 398 607 439 214 27 73 20 49 22 222 21 49 29 41 124 784 170 63 282 154 662 174 1237 53 36 142
leaf_count=318 20 22 20 3770 398 607 439 214 27 73 20 49 22 222 21 49 29 41 124 784 170 63 282 154 662 174 1237 53 36 142
internal_value=-1.04851e-10 0.00307445 -0.784138 0.000501481 -0.0495805 0.028711 -0.101016 0.109097 0.0734484 0.174902 0.306236 0.09026 -0.153895 -0.221322 -0.11463 0.0132052 0.00555053 0.0532524 0.140099 0.007311 -0.00456108 0.130808 -0.0675952 -0.0942827 0.0330981 -0.0328897 -0.0180532 -0.0546343 -0.0116451 0.0393177
internal_weight=10242 10202 40 10180 3668 6512 1712 1053 683 370 93 656 663 244 419 5459 4583 876 165 4554 1956 277 1049 593 711 456 1496 223 1273 460
internal_count=10242 10202 40 10180 3668 6512 1712 1053 683 370 93 656 663 244 419 5459 4583 876 165 4554 1956 277 1049 593 711 456 1496 223 1273 460
is_linear=0
shrinkage=0.05


Tree=76
num_leaves=29
num_cat=0
split_feature=53 36 46 42 53 42 42 14 35 53 37 45 42 42 45 47 53 44 51 47 19 51 53 19 45 53 21 46
split_gain=8913.57 11282 10787.4 5232.02 2858.65 2702.19 1582.88 878.899 865.771 974.602 764.503 780.942 691.823 623.417 616.706 575.377 737.811 659.746 593.174 442.501 617.377 440.471 428.015 423.022 393.115 361.977 323.11 272.308
threshold=560.38022562563435 551.35500000000013 61.176216543822278 -0.0059555176558776053 155.40839372575286 0.47899577429778778 -0.18426071623841003 0.98289014351185089 108.06000000000002 98.460179142951986 279.33233333333339 0.43382107009606391 1.6154060868343807 -0.42968750525309984 0.13756789994673371 0.68174993319540544 499.61973993837836 271.2416505655587 16.500000000000004 0.7242105020509727 298.80500000000006 19.500000000000004 95.597436544895189 11.390000000000002 0.55212432209304374 378.88270349562174 264.08500000000004 45.596902166305988
decision_type=2 2 2 2 2 2 2 2 2 2 2 2 2 2 2 2 2 2 2 2 2 2 2 2 2 2 2 2
left_child=1 3 -2 4 7 15 14 13 9 12 11 -10 -7 22 21 16 26 24 -19 20 -8 -6 -1 -15 -17 -21 -5 -12
right_child=2 -3 -4 5 6 8 19 -9 10 -11 27 -13 -14 23 -16 17 -18 18 -20 25 -22 -23 -24 -25 -26 -27 -28 -29
leaf_value=-0.065837011105759305 -1.5660349299758674 1.1339735239744186 0.07617309555411339 0.0068080998502352457 -0.11570430502986891 0.060918384955369567 -0.046864613201663213 0.27862373564678888 0.21443353017882233 -0.1865678802629312 -0.0083687143795418018 0.52518758684396738 0.17028174521554201 0.039112721543874129 -0.39319486717383068 0.048498702428485176 -0.27771112959493294 0.31763490302488212 0.092236969468649482 0.021922422472266404 -0.15826806051295106 -0.20865640301673394 -0.29101071565047554 -0.014866534961913286 -0.08837626519901999 -0.071686210010718718 0.046006124723771351 0.19183093803269524
leaf_weight=256 20 22 20 3554 361 355 360 26 62 30 33 30 244 437 27 549 22 40 108 246 190 197 23 2142 58 178 617 35
leaf_count=256 20 22 20 3554 361 355 360 26 62 30 33 30 244 437 27 549 22 40 108 246 190 197 23 2142 58 178 617 35
internal_value=1.29358e-10 0.00292073 -0.744931 0.000476407 -0.0402556 0.0320211 -0.0948045 -0.0107681 0.117955 0.0915385 0.221803 0.315766 0.105467 -0.0134008 -0.159813 0.0183183 0.0110833 0.0584993 0.153155 -0.0557592 -0.0853494 -0.148521 -0.0843997 -0.00571999 0.03542 -0.0173755 0.0126065 0.0946752
internal_weight=10242 10202 40 10180 4443 5737 1559 2884 789 629 160 92 599 2858 585 4948 4193 755 148 974 550 558 279 2579 607 424 4171 68
internal_count=10242 10202 40 10180 4443 5737 1559 2884 789 629 160 92 599 2858 585 4948 4193 755 148 974 550 558 279 2579 607 424 4171 68
is_linear=0
shrinkage=0.05


Tree=77
num_leaves=31
num_cat=0
split_feature=42 31 42 29 42 53 42 35 53 47 14 42 43 47 43 45 44 42 29 19 24 53 53 45 22 42 2 42 52 24
split_gain=8304.07 11616.4 8039.52 11491.8 4118.02 2652.43 1813.85 1114.56 937.055 820.393 693.578 870.865 659.363 617.576 661.509 681.202 531.438 807.434 471.873 449.363 439.595 425.124 388.432 354.675 282.546 258.203 171.389 122.177 210.511 200.033
threshold=-0.71168246445497607 40.640000000000008 2.4392836259826987 69.706428571428589 -0.024064816237402097 93.665592676401147 0.27134082422581646 108.06000000000002 98.460179142951986 -2.7601131399274972 0.94272622268451911 -0.23575765862482326 0.033583128391910223 0.68174993319540544 0.12593909284486079 0.30162982485315037 271.2416505655587 0.032737165935767545 263.52357142857153 26.500000000000004 484.59000000000009 446.72046281218536 12.143758199214938 0.55212432209304374 61.135000000000012 9.5250000000000021 61.500000000000007 -0.2820664564637399 1.0000000180025095e-35 36.530000000000008
decision_type=2 2 2 2 2 2 2 2 2 2 2 2 2 2 2 2 2 2 2 2 2 2 2 2 2 2 2 2 2 2
left_child=1 24 4 25 5 22 13 8 19 18 11 12 -7 14 15 -6 23 -18 -9 -8 -13 -16 -2 -15 -1 26 -4 28 -24 -29
right_child=2 -3 3 -5 6 10 7 9 -10 -11 -12 20 -14 16 21 -17 17 -19 -20 -21 -22 -23 27 -25 -26 -27 -28 29 -30 -31
leaf_value=-0.24834366861511681 0.035709349157219537 -1.5530330240726471 0.18997949957847596 1.5140520619973541 0.014971357755630308 -0.13273439011858268 -0.023499017812959527 0.19387322558270348 -0.21484588003687322 0.4312929387603488 0.18741579434241762 -0.062272294460779143 -0.39041131115876715 0.040445381010949986 -0.029965463434561992 -0.24688196885585786 0.04863020268283666 0.26345256257857852 0.03969518818879781 0.085180938149548399 -0.27883652161496381 -0.23940007876593153 -0.14154760191331103 -0.085543691592871174 -0.024273905101775503 0.27575718136720878 -0.0047083860635757447 -0.059484876894344722 -0.026402467626991402 -0.0019571813424015872
leaf_weight=34 458 20 26 20 3810 550 115 155 31 28 22 991 26 663 787 25 126 67 73 550 24 25 49 61 24 43 20 177 209 1033
leaf_count=34 458 20 26 20 3810 550 115 155 31 28 22 991 26 663 787 25 126 67 73 550 24 25 49 61 24 43 20 177 209 1033
internal_value=4.29619e-11 -0.513935 0.00394401 0.431045 -0.000685925 -0.0441043 0.0228957 0.0866714 0.0538605 0.175876 -0.0914045 -0.0952599 -0.144366 0.0119836 0.00458382 0.0132644 0.0494829 0.123206 0.144509 0.0663867 -0.067393 -0.0364136 -0.004491 0.0298303 -0.155625 0.187673 0.105333 -0.0170331 -0.0482711 -0.0103724
internal_weight=10242 78 10164 109 10055 3539 6516 952 696 256 1613 1591 576 5564 4647 3835 917 193 228 665 1015 812 1926 724 58 89 46 1468 258 1210
internal_count=10242 78 10164 109 10055 3539 6516 952 696 256 1613 1591 576 5564 4647 3835 917 193 228 665 1015 812 1926 724 58 89 46 1468 258 1210
is_linear=0
shrinkage=0.05


Tree=78
num_leaves=28
num_cat=0
split_feature=53 36 30 53 45 29 44 36 22 53 22 19 23 53 44 47 40 53 53 47 30 51 53 45 31 22 19
split_gain=7808.73 9999.58 9573.96 1620.66 1700.8 1261.13 978.828 991.784 913.806 924.88 1849.67 904.55 837.168 824.771 1508.23 815.423 896.095 636.385 790.952 608.893 642.155 535.668 443.831 417.973 365.111 433.693 118.314
threshold=560.38022562563435 551.35500000000013 32.317099104427918 356.36368643045432 0.42917815082091676 339.80785714285713 275.77612147406739 416.30000000000007 311.59500000000008 158.82919618606567 60.835000000000008 430.18500000000006 233.76000000000002 71.833703413009673 110.3778872191922 0.96615683853200107 394.35000000000008 426.60193920135504 416.19856357574469 0.85990932735617787 29.134930841470993 6.5000000000000009 323.88484267413622 -0.087452854826864448 312.24500000000006 449.31500000000005 496.18000000000006
decision_type=2 2 2 2 2 2 2 2 2 2 2 2 2 2 2 2 2 2 2 2 2 2 2 2 2 2 2
left_child=1 3 -2 4 8 17 13 -8 9 12 -11 24 -1 21 -15 22 -17 18 23 20 -13 -6 -10 -5 -7 -26 -21
right_child=2 -3 -4 5 6 11 7 -9 15 10 -12 19 -14 14 -16 16 -18 -19 -20 26 -22 -23 -24 -25 25 -27 -28
leaf_value=0.0054141483856425428 0.076308324374258524 1.0675649365918203 -1.4707826119102538 -0.18611007706693761 0.14114714184627478 0.22946600091457367 0.58066722262650738 0.12298649241184366 0.0975965040259099 -0.2387182925077318 -0.020869016802357098 -0.074264313019019493 0.2108067582845688 -0.42326120918705351 0.044529316414264032 0.078877522410558801 0.51094972406114847 0.12737411836331541 -0.42690500368674594 -0.01277908558551805 -0.35715180737631663 -0.050521968663226641 -0.0088895746967350333 -0.073395981617046122 0.0022839257512578732 0.18313428618204899 -0.13710492466661064
leaf_weight=6386 20 22 20 164 276 25 20 29 209 103 1804 47 50 21 96 28 21 22 24 147 35 42 184 165 221 39 22
leaf_count=6386 20 22 20 164 276 25 20 29 209 103 1804 47 50 21 96 28 21 22 24 147 35 42 184 165 221 39 22
internal_value=3.13837e-11 0.00273373 -0.697237 0.00043252 0.0066869 -0.0632029 0.0979359 0.309795 0.00165964 -0.00205209 -0.0326354 -0.0139961 0.0070098 0.0740713 -0.0394331 0.0717206 0.264051 -0.133536 -0.149796 -0.0832094 -0.195009 0.115832 0.0477404 -0.129582 0.0469601 0.0294115 -0.0289635
internal_weight=10242 10202 40 10180 9269 911 484 49 8785 8343 1907 536 6436 435 117 442 49 375 353 251 82 318 393 329 285 260 169
internal_count=10242 10202 40 10180 9269 911 484 49 8785 8343 1907 536 6436 435 117 442 49 375 353 251 82 318 393 329 285 260 169
is_linear=0
shrinkage=0.05


end of trees

feature_importances:
price_pct_change_1d=525
lstm_prediction=349
price_lag_1d=174
price_deviation_from_mean=122
price_pct_change_7d=86
price_macd=83
product_variant_encoded=80
price_lag_7d=67
price_rolling_std_3d=64
price_rolling_std_7d=56
price_lag_30d=55
price_rolling_max_30d=50
price_rolling_mean_30d=42
price_rolling_mean_7d=39
price_rolling_max_3d=38
price_lag_3d=37
price_expanding_mean=34
price_rolling_max_7d=33
price_rolling_mean_14d=33
price_rolling_std_30d=33
price_lag_2d=29
doy_sin=26
price_rolling_min_30d=26
price_macd_signal=26
price_rolling_max_14d=25
price_rsi_14d=21
price_rolling_mean_3d=20
price_rolling_std_14d=19
price_rolling_min_3d=18
price_rolling_min_14d=18
price_volatility_14d=18
product_name_encoded=18
doy_cos=17
price_rolling_min_7d=15
product_category_encoded=15
day_of_year=11
price_lag_14d=11
origin_encoded=9
days_since_start=4
day_of_week=1
day_of_month=1
week_of_year=1

parameters:
[boosting: gbdt]
[objective: regression]
[metric: rmse]
[tree_learner: serial]
[device_type: cpu]
[data_sample_strategy: bagging]
[data: ]
[valid: ]
[num_iterations: 1000]
[learning_rate: 0.05]
[num_leaves: 31]
[num_threads: 0]
[seed: 42]
[deterministic: 0]
[force_col_wise: 0]
[force_row_wise: 0]
[histogram_pool_size: -1]
[max_depth: 7]
[min_data_in_leaf: 20]
[min_sum_hessian_in_leaf: 0.001]
[bagging_fraction: 1]
[pos_bagging_fraction: 1]
[neg_bagging_fraction: 1]
[bagging_freq: 0]
[bagging_seed: 400]
[bagging_by_query: 0]
[feature_fraction: 0.8]
[feature_fraction_bynode: 1]
[feature_fraction_seed: 30056]
[extra_trees: 0]
[extra_seed: 12879]
[early_stopping_round: 0]
[early_stopping_min_delta: 0]
[first_metric_only: 0]
[max_delta_step: 0]
[lambda_l1: 0]
[lambda_l2: 0]
[linear_lambda: 0]
[min_gain_to_split: 0]
[drop_rate: 0.1]
[max_drop: 50]
[skip_drop: 0.5]
[xgboost_dart_mode: 0]
[uniform_drop: 0]
[drop_seed: 17869]
[top_rate: 0.2]
[other_rate: 0.1]
[min_data_per_group: 100]
[max_cat_threshold: 32]
[cat_l2: 10]
[cat_smooth: 10]
[max_cat_to_onehot: 4]
[top_k: 20]
[monotone_constraints: ]
[monotone_constraints_method: basic]
[monotone_penalty: 0]
[feature_contri: ]
[forcedsplits_filename: ]
[refit_decay_rate: 0.9]
[cegb_tradeoff: 1]
[cegb_penalty_split: 0]
[cegb_penalty_feature_lazy: ]
[cegb_penalty_feature_coupled: ]
[path_smooth: 0]
[interaction_constraints: ]
[verbosity: -1]
[saved_feature_importance_type: 0]
[use_quantized_grad: 0]
[num_grad_quant_bins: 4]
[quant_train_renew_leaf: 0]
[stochastic_rounding: 1]
[linear_tree: 0]
[max_bin: 255]
[max_bin_by_feature: ]
[min_data_in_bin: 3]
[bin_construct_sample_cnt: 200000]
[data_random_seed: 175]
[is_enable_sparse: 1]
[enable_bundle: 1]
[use_missing: 1]
[zero_as_missing: 0]
[feature_pre_filter: 1]
[pre_partition: 0]
[two_round: 0]
[header: 0]
[label_column: ]
[weight_column: ]
[group_column: ]
[ignore_column: ]
[categorical_feature: ]
[forcedbins_filename: ]
[precise_float_parser: 0]
[parser_config_file: ]
[objective_seed: 16083]
[num_class: 1]
[is_unbalance: 0]
[scale_pos_weight: 1]
[sigmoid: 1]
[boost_from_average: 1]
[reg_sqrt: 0]
[alpha: 0.9]
[fair_c: 1]
[poisson_max_delta_step: 0.7]
[tweedie_variance_power: 1.5]
[lambdarank_truncation_level: 30]
[lambdarank_norm: 1]
[label_gain: ]
[lambdarank_position_bias_regularization: 0]
[eval_at: ]
[multi_error_top_k: 1]
[auc_mu_weights: ]
[num_machines: 1]
[local_listen_port: 12400]
[time_out: 120]
[machine_list_filename: ]
[machines: ]
[gpu_platform_id: -1]
[gpu_device_id: -1]
[gpu_use_dp: 0]
[num_gpu: 1]

end of parameters

pandas_categorical:[]
